ISO-10303-21;
HEADER;
FILE_DESCRIPTION(('FreeCAD Model'),'2;1');
FILE_NAME('Open CASCADE Shape Model','2026-06-11T00:32:18',(''),(''),
  'Open CASCADE STEP processor 7.8','FreeCAD','Unknown');
FILE_SCHEMA(('AUTOMOTIVE_DESIGN { 1 0 10303 214 1 1 1 1 }'));
ENDSEC;
DATA;
#1 = APPLICATION_PROTOCOL_DEFINITION('international standard',
  'automotive_design',2000,#2);
#2 = APPLICATION_CONTEXT(
  'core data for automotive mechanical design processes');
#3 = SHAPE_DEFINITION_REPRESENTATION(#4,#10);
#4 = PRODUCT_DEFINITION_SHAPE('','',#5);
#5 = PRODUCT_DEFINITION('design','',#6,#9);
#6 = PRODUCT_DEFINITION_FORMATION('','',#7);
#7 = PRODUCT('Body','Body','',(#8));
#8 = PRODUCT_CONTEXT('',#2,'mechanical');
#9 = PRODUCT_DEFINITION_CONTEXT('part definition',#2,'design');
#10 = ADVANCED_BREP_SHAPE_REPRESENTATION('',(#11,#15),#3896);
#11 = AXIS2_PLACEMENT_3D('',#12,#13,#14);
#12 = CARTESIAN_POINT('',(0.,0.,0.));
#13 = DIRECTION('',(0.,0.,1.));
#14 = DIRECTION('',(1.,0.,-0.));
#15 = MANIFOLD_SOLID_BREP('',#16);
#16 = CLOSED_SHELL('',(#17,#73,#193,#218,#242,#315,#766,#807,#847,#903,
    #927,#951,#968,#992,#1009,#1026,#1043,#1060,#1077,#1089,#1113,#1138,
    #1162,#1193,#1217,#1251,#1307,#1331,#1355,#1372,#1435,#1459,#1483,
    #1500,#1540,#1564,#1588,#1612,#1636,#1660,#1684,#1708,#1725,#1781,
    #1829,#1869,#1932,#1956,#1980,#1997,#2037,#2061,#2085,#2109,#2133,
    #2157,#2197,#2260,#2284,#2308,#2325,#2365,#2406,#2431,#2466,#2506,
    #2541,#2553,#2697,#2728,#2767,#2807,#2831,#2871,#2896,#2920,#2937,
    #2949,#2996,#3020,#3060,#3092,#3117,#3171,#3195,#3246,#3270,#3341,
    #3358,#3382,#3399,#3411,#3435,#3452,#3464,#3481,#3498,#3522,#3534,
    #3551,#3568,#3594,#3606,#3632,#3644,#3656,#3681,#3706,#3723,#3735,
    #3752,#3764,#3776,#3788,#3808,#3828,#3853,#3878,#3887));
#17 = ADVANCED_FACE('',(#18),#68,.T.);
#18 = FACE_BOUND('',#19,.T.);
#19 = EDGE_LOOP('',(#20,#30,#38,#46,#54,#62));
#20 = ORIENTED_EDGE('',*,*,#21,.F.);
#21 = EDGE_CURVE('',#22,#24,#26,.T.);
#22 = VERTEX_POINT('',#23);
#23 = CARTESIAN_POINT('',(-53.5,41.85,14.4));
#24 = VERTEX_POINT('',#25);
#25 = CARTESIAN_POINT('',(-53.5,18.9,14.4));
#26 = LINE('',#27,#28);
#27 = CARTESIAN_POINT('',(-53.5,43.85,14.4));
#28 = VECTOR('',#29,1.);
#29 = DIRECTION('',(0.,-1.,0.));
#30 = ORIENTED_EDGE('',*,*,#31,.F.);
#31 = EDGE_CURVE('',#32,#22,#34,.T.);
#32 = VERTEX_POINT('',#33);
#33 = CARTESIAN_POINT('',(-53.5,41.85,1.5));
#34 = LINE('',#35,#36);
#35 = CARTESIAN_POINT('',(-53.5,41.85,1.5));
#36 = VECTOR('',#37,1.);
#37 = DIRECTION('',(0.,0.,1.));
#38 = ORIENTED_EDGE('',*,*,#39,.F.);
#39 = EDGE_CURVE('',#40,#32,#42,.T.);
#40 = VERTEX_POINT('',#41);
#41 = CARTESIAN_POINT('',(-53.5,3.9,1.5));
#42 = LINE('',#43,#44);
#43 = CARTESIAN_POINT('',(-53.5,-43.85,1.5));
#44 = VECTOR('',#45,1.);
#45 = DIRECTION('',(0.,1.,0.));
#46 = ORIENTED_EDGE('',*,*,#47,.T.);
#47 = EDGE_CURVE('',#40,#48,#50,.T.);
#48 = VERTEX_POINT('',#49);
#49 = CARTESIAN_POINT('',(-53.5,3.9,10.5));
#50 = LINE('',#51,#52);
#51 = CARTESIAN_POINT('',(-53.5,3.9,0.));
#52 = VECTOR('',#53,1.);
#53 = DIRECTION('',(0.,0.,1.));
#54 = ORIENTED_EDGE('',*,*,#55,.F.);
#55 = EDGE_CURVE('',#56,#48,#58,.T.);
#56 = VERTEX_POINT('',#57);
#57 = CARTESIAN_POINT('',(-53.5,18.9,10.5));
#58 = LINE('',#59,#60);
#59 = CARTESIAN_POINT('',(-53.5,43.85,10.5));
#60 = VECTOR('',#61,1.);
#61 = DIRECTION('',(0.,-1.,0.));
#62 = ORIENTED_EDGE('',*,*,#63,.T.);
#63 = EDGE_CURVE('',#56,#24,#64,.T.);
#64 = LINE('',#65,#66);
#65 = CARTESIAN_POINT('',(-53.5,18.9,10.5));
#66 = VECTOR('',#67,1.);
#67 = DIRECTION('',(0.,0.,1.));
#68 = PLANE('',#69);
#69 = AXIS2_PLACEMENT_3D('',#70,#71,#72);
#70 = CARTESIAN_POINT('',(-53.5,24.428453169347,7.396546830653));
#71 = DIRECTION('',(-1.,-0.,-0.));
#72 = DIRECTION('',(0.,0.,-1.));
#73 = ADVANCED_FACE('',(#74),#188,.T.);
#74 = FACE_BOUND('',#75,.T.);
#75 = EDGE_LOOP('',(#76,#86,#93,#94,#102,#110,#118,#126,#134,#142,#150,
    #158,#166,#174,#182));
#76 = ORIENTED_EDGE('',*,*,#77,.T.);
#77 = EDGE_CURVE('',#78,#80,#82,.T.);
#78 = VERTEX_POINT('',#79);
#79 = CARTESIAN_POINT('',(-7.5,43.85,14.4));
#80 = VERTEX_POINT('',#81);
#81 = CARTESIAN_POINT('',(-51.5,43.85,14.4));
#82 = LINE('',#83,#84);
#83 = CARTESIAN_POINT('',(-7.5,43.85,14.4));
#84 = VECTOR('',#85,1.);
#85 = DIRECTION('',(-1.,0.,0.));
#86 = ORIENTED_EDGE('',*,*,#87,.F.);
#87 = EDGE_CURVE('',#22,#80,#88,.T.);
#88 = CIRCLE('',#89,2.);
#89 = AXIS2_PLACEMENT_3D('',#90,#91,#92);
#90 = CARTESIAN_POINT('',(-51.5,41.85,14.4));
#91 = DIRECTION('',(-0.,-0.,-1.));
#92 = DIRECTION('',(0.,-1.,0.));
#93 = ORIENTED_EDGE('',*,*,#21,.T.);
#94 = ORIENTED_EDGE('',*,*,#95,.T.);
#95 = EDGE_CURVE('',#24,#96,#98,.T.);
#96 = VERTEX_POINT('',#97);
#97 = CARTESIAN_POINT('',(-51.,18.9,14.4));
#98 = LINE('',#99,#100);
#99 = CARTESIAN_POINT('',(-53.5,18.9,14.4));
#100 = VECTOR('',#101,1.);
#101 = DIRECTION('',(1.,0.,0.));
#102 = ORIENTED_EDGE('',*,*,#103,.T.);
#103 = EDGE_CURVE('',#96,#104,#106,.T.);
#104 = VERTEX_POINT('',#105);
#105 = CARTESIAN_POINT('',(-51.,41.35,14.4));
#106 = LINE('',#107,#108);
#107 = CARTESIAN_POINT('',(-51.,18.9,14.4));
#108 = VECTOR('',#109,1.);
#109 = DIRECTION('',(0.,1.,0.));
#110 = ORIENTED_EDGE('',*,*,#111,.T.);
#111 = EDGE_CURVE('',#104,#112,#114,.T.);
#112 = VERTEX_POINT('',#113);
#113 = CARTESIAN_POINT('',(-10.,41.35,14.4));
#114 = LINE('',#115,#116);
#115 = CARTESIAN_POINT('',(-51.,41.35,14.4));
#116 = VECTOR('',#117,1.);
#117 = DIRECTION('',(1.,0.,0.));
#118 = ORIENTED_EDGE('',*,*,#119,.T.);
#119 = EDGE_CURVE('',#112,#120,#122,.T.);
#120 = VERTEX_POINT('',#121);
#121 = CARTESIAN_POINT('',(-10.,21.4,14.4));
#122 = LINE('',#123,#124);
#123 = CARTESIAN_POINT('',(-10.,41.35,14.4));
#124 = VECTOR('',#125,1.);
#125 = DIRECTION('',(0.,-1.,0.));
#126 = ORIENTED_EDGE('',*,*,#127,.T.);
#127 = EDGE_CURVE('',#120,#128,#130,.T.);
#128 = VERTEX_POINT('',#129);
#129 = CARTESIAN_POINT('',(-40.,21.4,14.4));
#130 = LINE('',#131,#132);
#131 = CARTESIAN_POINT('',(-10.,21.4,14.4));
#132 = VECTOR('',#133,1.);
#133 = DIRECTION('',(-1.,0.,0.));
#134 = ORIENTED_EDGE('',*,*,#135,.T.);
#135 = EDGE_CURVE('',#128,#136,#138,.T.);
#136 = VERTEX_POINT('',#137);
#137 = CARTESIAN_POINT('',(-41.99999976483,23.399997725385,14.4));
#138 = LINE('',#139,#140);
#139 = CARTESIAN_POINT('',(-40.,21.4,14.4));
#140 = VECTOR('',#141,1.);
#141 = DIRECTION('',(-0.707107141713,0.70710642066,0.));
#142 = ORIENTED_EDGE('',*,*,#143,.T.);
#143 = EDGE_CURVE('',#136,#144,#146,.T.);
#144 = VERTEX_POINT('',#145);
#145 = CARTESIAN_POINT('',(-43.5,21.899996941083,14.4));
#146 = LINE('',#147,#148);
#147 = CARTESIAN_POINT('',(-41.99999976483,23.399997725385,14.4));
#148 = VECTOR('',#149,1.);
#149 = DIRECTION('',(-0.707106651755,-0.707106910618,0.));
#150 = ORIENTED_EDGE('',*,*,#151,.T.);
#151 = EDGE_CURVE('',#144,#152,#154,.T.);
#152 = VERTEX_POINT('',#153);
#153 = CARTESIAN_POINT('',(-40.5,18.9,14.4));
#154 = LINE('',#155,#156);
#155 = CARTESIAN_POINT('',(-43.5,21.899996941083,14.4));
#156 = VECTOR('',#157,1.);
#157 = DIRECTION('',(0.707107141683,-0.707106420689,0.));
#158 = ORIENTED_EDGE('',*,*,#159,.T.);
#159 = EDGE_CURVE('',#152,#160,#162,.T.);
#160 = VERTEX_POINT('',#161);
#161 = CARTESIAN_POINT('',(-6.,18.9,14.400000000002));
#162 = LINE('',#163,#164);
#163 = CARTESIAN_POINT('',(-7.5,18.9,14.400000000002));
#164 = VECTOR('',#165,1.);
#165 = DIRECTION('',(1.,-6.E-15,-2.6756E-13));
#166 = ORIENTED_EDGE('',*,*,#167,.F.);
#167 = EDGE_CURVE('',#168,#160,#170,.T.);
#168 = VERTEX_POINT('',#169);
#169 = CARTESIAN_POINT('',(-6.,40.9,14.400000000002));
#170 = LINE('',#171,#172);
#171 = CARTESIAN_POINT('',(-6.,40.9,14.400000000002));
#172 = VECTOR('',#173,1.);
#173 = DIRECTION('',(-6.E-15,-1.,0.));
#174 = ORIENTED_EDGE('',*,*,#175,.F.);
#175 = EDGE_CURVE('',#176,#168,#178,.T.);
#176 = VERTEX_POINT('',#177);
#177 = CARTESIAN_POINT('',(-7.5,40.9,14.400000000002));
#178 = LINE('',#179,#180);
#179 = CARTESIAN_POINT('',(-7.5,40.9,14.400000000002));
#180 = VECTOR('',#181,1.);
#181 = DIRECTION('',(1.,-6.E-15,-2.6756E-13));
#182 = ORIENTED_EDGE('',*,*,#183,.T.);
#183 = EDGE_CURVE('',#176,#78,#184,.T.);
#184 = LINE('',#185,#186);
#185 = CARTESIAN_POINT('',(-7.5,18.9,14.4));
#186 = VECTOR('',#187,1.);
#187 = DIRECTION('',(0.,1.,0.));
#188 = PLANE('',#189);
#189 = AXIS2_PLACEMENT_3D('',#190,#191,#192);
#190 = CARTESIAN_POINT('',(-29.43518242416,31.833256313933,14.4));
#191 = DIRECTION('',(-8.68E-15,1.79E-15,1.));
#192 = DIRECTION('',(1.,0.,8.68E-15));
#193 = ADVANCED_FACE('',(#194),#213,.T.);
#194 = FACE_BOUND('',#195,.F.);
#195 = EDGE_LOOP('',(#196,#205,#211,#212));
#196 = ORIENTED_EDGE('',*,*,#197,.T.);
#197 = EDGE_CURVE('',#32,#198,#200,.T.);
#198 = VERTEX_POINT('',#199);
#199 = CARTESIAN_POINT('',(-51.5,43.85,1.5));
#200 = CIRCLE('',#201,2.);
#201 = AXIS2_PLACEMENT_3D('',#202,#203,#204);
#202 = CARTESIAN_POINT('',(-51.5,41.85,1.5));
#203 = DIRECTION('',(-0.,-0.,-1.));
#204 = DIRECTION('',(0.,-1.,0.));
#205 = ORIENTED_EDGE('',*,*,#206,.T.);
#206 = EDGE_CURVE('',#198,#80,#207,.T.);
#207 = LINE('',#208,#209);
#208 = CARTESIAN_POINT('',(-51.5,43.85,1.5));
#209 = VECTOR('',#210,1.);
#210 = DIRECTION('',(0.,0.,1.));
#211 = ORIENTED_EDGE('',*,*,#87,.F.);
#212 = ORIENTED_EDGE('',*,*,#31,.F.);
#213 = CYLINDRICAL_SURFACE('',#214,2.);
#214 = AXIS2_PLACEMENT_3D('',#215,#216,#217);
#215 = CARTESIAN_POINT('',(-51.5,41.85,1.5));
#216 = DIRECTION('',(0.,0.,1.));
#217 = DIRECTION('',(-1.,0.,0.));
#218 = ADVANCED_FACE('',(#219),#237,.F.);
#219 = FACE_BOUND('',#220,.F.);
#220 = EDGE_LOOP('',(#221,#222,#223,#231));
#221 = ORIENTED_EDGE('',*,*,#63,.T.);
#222 = ORIENTED_EDGE('',*,*,#95,.T.);
#223 = ORIENTED_EDGE('',*,*,#224,.F.);
#224 = EDGE_CURVE('',#225,#96,#227,.T.);
#225 = VERTEX_POINT('',#226);
#226 = CARTESIAN_POINT('',(-51.,18.9,10.5));
#227 = LINE('',#228,#229);
#228 = CARTESIAN_POINT('',(-51.,18.9,10.5));
#229 = VECTOR('',#230,1.);
#230 = DIRECTION('',(0.,0.,1.));
#231 = ORIENTED_EDGE('',*,*,#232,.F.);
#232 = EDGE_CURVE('',#56,#225,#233,.T.);
#233 = LINE('',#234,#235);
#234 = CARTESIAN_POINT('',(-53.5,18.9,10.5));
#235 = VECTOR('',#236,1.);
#236 = DIRECTION('',(1.,0.,0.));
#237 = PLANE('',#238);
#238 = AXIS2_PLACEMENT_3D('',#239,#240,#241);
#239 = CARTESIAN_POINT('',(-53.5,18.9,10.5));
#240 = DIRECTION('',(0.,1.,0.));
#241 = DIRECTION('',(1.,0.,0.));
#242 = ADVANCED_FACE('',(#243),#310,.F.);
#243 = FACE_BOUND('',#244,.F.);
#244 = EDGE_LOOP('',(#245,#246,#254,#262,#270,#278,#286,#294,#303,#309)
  );
#245 = ORIENTED_EDGE('',*,*,#39,.F.);
#246 = ORIENTED_EDGE('',*,*,#247,.T.);
#247 = EDGE_CURVE('',#40,#248,#250,.T.);
#248 = VERTEX_POINT('',#249);
#249 = CARTESIAN_POINT('',(-52.5,3.9,1.5));
#250 = LINE('',#251,#252);
#251 = CARTESIAN_POINT('',(-26.75,3.9,1.5));
#252 = VECTOR('',#253,1.);
#253 = DIRECTION('',(1.,0.,0.));
#254 = ORIENTED_EDGE('',*,*,#255,.T.);
#255 = EDGE_CURVE('',#248,#256,#258,.T.);
#256 = VERTEX_POINT('',#257);
#257 = CARTESIAN_POINT('',(-52.5,42.85,1.5));
#258 = LINE('',#259,#260);
#259 = CARTESIAN_POINT('',(-52.5,-42.85,1.5));
#260 = VECTOR('',#261,1.);
#261 = DIRECTION('',(0.,1.,0.));
#262 = ORIENTED_EDGE('',*,*,#263,.T.);
#263 = EDGE_CURVE('',#256,#264,#266,.T.);
#264 = VERTEX_POINT('',#265);
#265 = CARTESIAN_POINT('',(52.5,42.85,1.5));
#266 = LINE('',#267,#268);
#267 = CARTESIAN_POINT('',(-52.5,42.85,1.5));
#268 = VECTOR('',#269,1.);
#269 = DIRECTION('',(1.,0.,0.));
#270 = ORIENTED_EDGE('',*,*,#271,.T.);
#271 = EDGE_CURVE('',#264,#272,#274,.T.);
#272 = VERTEX_POINT('',#273);
#273 = CARTESIAN_POINT('',(52.5,3.9,1.5));
#274 = LINE('',#275,#276);
#275 = CARTESIAN_POINT('',(52.5,42.85,1.5));
#276 = VECTOR('',#277,1.);
#277 = DIRECTION('',(0.,-1.,0.));
#278 = ORIENTED_EDGE('',*,*,#279,.F.);
#279 = EDGE_CURVE('',#280,#272,#282,.T.);
#280 = VERTEX_POINT('',#281);
#281 = CARTESIAN_POINT('',(53.5,3.9,1.5));
#282 = LINE('',#283,#284);
#283 = CARTESIAN_POINT('',(26.75,3.9,1.5));
#284 = VECTOR('',#285,1.);
#285 = DIRECTION('',(-1.,0.,0.));
#286 = ORIENTED_EDGE('',*,*,#287,.F.);
#287 = EDGE_CURVE('',#288,#280,#290,.T.);
#288 = VERTEX_POINT('',#289);
#289 = CARTESIAN_POINT('',(53.5,41.85,1.5));
#290 = LINE('',#291,#292);
#291 = CARTESIAN_POINT('',(53.5,43.85,1.5));
#292 = VECTOR('',#293,1.);
#293 = DIRECTION('',(0.,-1.,0.));
#294 = ORIENTED_EDGE('',*,*,#295,.F.);
#295 = EDGE_CURVE('',#296,#288,#298,.T.);
#296 = VERTEX_POINT('',#297);
#297 = CARTESIAN_POINT('',(51.5,43.85,1.5));
#298 = CIRCLE('',#299,2.);
#299 = AXIS2_PLACEMENT_3D('',#300,#301,#302);
#300 = CARTESIAN_POINT('',(51.5,41.85,1.5));
#301 = DIRECTION('',(-0.,-0.,-1.));
#302 = DIRECTION('',(0.,-1.,0.));
#303 = ORIENTED_EDGE('',*,*,#304,.F.);
#304 = EDGE_CURVE('',#198,#296,#305,.T.);
#305 = LINE('',#306,#307);
#306 = CARTESIAN_POINT('',(-53.5,43.85,1.5));
#307 = VECTOR('',#308,1.);
#308 = DIRECTION('',(1.,0.,0.));
#309 = ORIENTED_EDGE('',*,*,#197,.F.);
#310 = PLANE('',#311);
#311 = AXIS2_PLACEMENT_3D('',#312,#313,#314);
#312 = CARTESIAN_POINT('',(0.,0.,1.5));
#313 = DIRECTION('',(0.,0.,1.));
#314 = DIRECTION('',(1.,0.,0.));
#315 = ADVANCED_FACE('',(#316,#750),#761,.T.);
#316 = FACE_BOUND('',#317,.T.);
#317 = EDGE_LOOP('',(#318,#328,#336,#344,#352,#360,#368,#376,#384,#392,
    #400,#408,#416,#424,#432,#440,#448,#456,#464,#472,#480,#488,#496,
    #504,#512,#520,#528,#536,#544,#552,#560,#568,#576,#584,#592,#600,
    #608,#616,#624,#632,#640,#648,#656,#664,#672,#680,#688,#696,#704,
    #712,#720,#728,#736,#742,#743,#744));
#318 = ORIENTED_EDGE('',*,*,#319,.F.);
#319 = EDGE_CURVE('',#320,#322,#324,.T.);
#320 = VERTEX_POINT('',#321);
#321 = CARTESIAN_POINT('',(-51.1,-3.9,10.5));
#322 = VERTEX_POINT('',#323);
#323 = CARTESIAN_POINT('',(-51.1,3.9,10.5));
#324 = LINE('',#325,#326);
#325 = CARTESIAN_POINT('',(-51.1,0.,10.5));
#326 = VECTOR('',#327,1.);
#327 = DIRECTION('',(0.,1.,0.));
#328 = ORIENTED_EDGE('',*,*,#329,.T.);
#329 = EDGE_CURVE('',#320,#330,#332,.T.);
#330 = VERTEX_POINT('',#331);
#331 = CARTESIAN_POINT('',(-53.5,-3.9,10.5));
#332 = LINE('',#333,#334);
#333 = CARTESIAN_POINT('',(-25.55,-3.9,10.5));
#334 = VECTOR('',#335,1.);
#335 = DIRECTION('',(-1.,0.,0.));
#336 = ORIENTED_EDGE('',*,*,#337,.T.);
#337 = EDGE_CURVE('',#330,#338,#340,.T.);
#338 = VERTEX_POINT('',#339);
#339 = CARTESIAN_POINT('',(-53.5,-17.85,10.5));
#340 = LINE('',#341,#342);
#341 = CARTESIAN_POINT('',(-53.5,43.85,10.5));
#342 = VECTOR('',#343,1.);
#343 = DIRECTION('',(0.,-1.,0.));
#344 = ORIENTED_EDGE('',*,*,#345,.F.);
#345 = EDGE_CURVE('',#346,#338,#348,.T.);
#346 = VERTEX_POINT('',#347);
#347 = CARTESIAN_POINT('',(-50.5,-17.85,10.5));
#348 = LINE('',#349,#350);
#349 = CARTESIAN_POINT('',(-23.5,-17.85,10.5));
#350 = VECTOR('',#351,1.);
#351 = DIRECTION('',(-1.,0.,0.));
#352 = ORIENTED_EDGE('',*,*,#353,.F.);
#353 = EDGE_CURVE('',#354,#346,#356,.T.);
#354 = VERTEX_POINT('',#355);
#355 = CARTESIAN_POINT('',(-50.5,-13.85,10.5));
#356 = LINE('',#357,#358);
#357 = CARTESIAN_POINT('',(-50.5,-13.85,10.5));
#358 = VECTOR('',#359,1.);
#359 = DIRECTION('',(0.,-1.,0.));
#360 = ORIENTED_EDGE('',*,*,#361,.F.);
#361 = EDGE_CURVE('',#362,#354,#364,.T.);
#362 = VERTEX_POINT('',#363);
#363 = CARTESIAN_POINT('',(-22.5,-13.85,10.5));
#364 = LINE('',#365,#366);
#365 = CARTESIAN_POINT('',(-22.5,-13.85,10.5));
#366 = VECTOR('',#367,1.);
#367 = DIRECTION('',(-1.,0.,0.));
#368 = ORIENTED_EDGE('',*,*,#369,.F.);
#369 = EDGE_CURVE('',#370,#362,#372,.T.);
#370 = VERTEX_POINT('',#371);
#371 = CARTESIAN_POINT('',(-22.5,-17.85,10.5));
#372 = LINE('',#373,#374);
#373 = CARTESIAN_POINT('',(-22.5,-17.85,10.5));
#374 = VECTOR('',#375,1.);
#375 = DIRECTION('',(0.,1.,0.));
#376 = ORIENTED_EDGE('',*,*,#377,.F.);
#377 = EDGE_CURVE('',#378,#370,#380,.T.);
#378 = VERTEX_POINT('',#379);
#379 = CARTESIAN_POINT('',(-23.5,-17.85,10.5));
#380 = LINE('',#381,#382);
#381 = CARTESIAN_POINT('',(-50.5,-17.85,10.5));
#382 = VECTOR('',#383,1.);
#383 = DIRECTION('',(1.,0.,0.));
#384 = ORIENTED_EDGE('',*,*,#385,.F.);
#385 = EDGE_CURVE('',#386,#378,#388,.T.);
#386 = VERTEX_POINT('',#387);
#387 = CARTESIAN_POINT('',(-23.5,-20.35,10.5));
#388 = LINE('',#389,#390);
#389 = CARTESIAN_POINT('',(-23.5,-20.35,10.5));
#390 = VECTOR('',#391,1.);
#391 = DIRECTION('',(0.,1.,0.));
#392 = ORIENTED_EDGE('',*,*,#393,.F.);
#393 = EDGE_CURVE('',#394,#386,#396,.T.);
#394 = VERTEX_POINT('',#395);
#395 = CARTESIAN_POINT('',(-51.,-20.35,10.5));
#396 = LINE('',#397,#398);
#397 = CARTESIAN_POINT('',(-51.,-20.35,10.5));
#398 = VECTOR('',#399,1.);
#399 = DIRECTION('',(1.,0.,0.));
#400 = ORIENTED_EDGE('',*,*,#401,.F.);
#401 = EDGE_CURVE('',#402,#394,#404,.T.);
#402 = VERTEX_POINT('',#403);
#403 = CARTESIAN_POINT('',(-51.,-41.35,10.5));
#404 = LINE('',#405,#406);
#405 = CARTESIAN_POINT('',(-51.,-41.35,10.5));
#406 = VECTOR('',#407,1.);
#407 = DIRECTION('',(0.,1.,0.));
#408 = ORIENTED_EDGE('',*,*,#409,.F.);
#409 = EDGE_CURVE('',#410,#402,#412,.T.);
#410 = VERTEX_POINT('',#411);
#411 = CARTESIAN_POINT('',(51.,-41.35,10.5));
#412 = LINE('',#413,#414);
#413 = CARTESIAN_POINT('',(0.,-41.35,10.5));
#414 = VECTOR('',#415,1.);
#415 = DIRECTION('',(-1.,0.,0.));
#416 = ORIENTED_EDGE('',*,*,#417,.T.);
#417 = EDGE_CURVE('',#410,#418,#420,.T.);
#418 = VERTEX_POINT('',#419);
#419 = CARTESIAN_POINT('',(51.,-20.35,10.5));
#420 = LINE('',#421,#422);
#421 = CARTESIAN_POINT('',(51.,-41.35,10.5));
#422 = VECTOR('',#423,1.);
#423 = DIRECTION('',(0.,1.,0.));
#424 = ORIENTED_EDGE('',*,*,#425,.T.);
#425 = EDGE_CURVE('',#418,#426,#428,.T.);
#426 = VERTEX_POINT('',#427);
#427 = CARTESIAN_POINT('',(23.5,-20.35,10.5));
#428 = LINE('',#429,#430);
#429 = CARTESIAN_POINT('',(51.,-20.35,10.5));
#430 = VECTOR('',#431,1.);
#431 = DIRECTION('',(-1.,0.,0.));
#432 = ORIENTED_EDGE('',*,*,#433,.T.);
#433 = EDGE_CURVE('',#426,#434,#436,.T.);
#434 = VERTEX_POINT('',#435);
#435 = CARTESIAN_POINT('',(23.5,-17.85,10.5));
#436 = LINE('',#437,#438);
#437 = CARTESIAN_POINT('',(23.5,-20.35,10.5));
#438 = VECTOR('',#439,1.);
#439 = DIRECTION('',(0.,1.,0.));
#440 = ORIENTED_EDGE('',*,*,#441,.F.);
#441 = EDGE_CURVE('',#442,#434,#444,.T.);
#442 = VERTEX_POINT('',#443);
#443 = CARTESIAN_POINT('',(22.5,-17.85,10.5));
#444 = LINE('',#445,#446);
#445 = CARTESIAN_POINT('',(22.5,-17.85,10.5));
#446 = VECTOR('',#447,1.);
#447 = DIRECTION('',(1.,0.,0.));
#448 = ORIENTED_EDGE('',*,*,#449,.F.);
#449 = EDGE_CURVE('',#450,#442,#452,.T.);
#450 = VERTEX_POINT('',#451);
#451 = CARTESIAN_POINT('',(22.5,-13.85000000002,10.5));
#452 = LINE('',#453,#454);
#453 = CARTESIAN_POINT('',(22.5,-13.85000000002,10.5));
#454 = VECTOR('',#455,1.);
#455 = DIRECTION('',(0.,-1.,0.));
#456 = ORIENTED_EDGE('',*,*,#457,.F.);
#457 = EDGE_CURVE('',#458,#450,#460,.T.);
#458 = VERTEX_POINT('',#459);
#459 = CARTESIAN_POINT('',(50.499999999973,-13.85000000002,10.5));
#460 = LINE('',#461,#462);
#461 = CARTESIAN_POINT('',(50.499999999973,-13.85000000002,10.5));
#462 = VECTOR('',#463,1.);
#463 = DIRECTION('',(-1.,0.,0.));
#464 = ORIENTED_EDGE('',*,*,#465,.F.);
#465 = EDGE_CURVE('',#466,#458,#468,.T.);
#466 = VERTEX_POINT('',#467);
#467 = CARTESIAN_POINT('',(50.499999999973,-17.85,10.5));
#468 = LINE('',#469,#470);
#469 = CARTESIAN_POINT('',(50.499999999973,-17.85,10.5));
#470 = VECTOR('',#471,1.);
#471 = DIRECTION('',(0.,1.,0.));
#472 = ORIENTED_EDGE('',*,*,#473,.T.);
#473 = EDGE_CURVE('',#466,#474,#476,.T.);
#474 = VERTEX_POINT('',#475);
#475 = CARTESIAN_POINT('',(53.5,-17.85,10.5));
#476 = LINE('',#477,#478);
#477 = CARTESIAN_POINT('',(23.5,-17.85,10.5));
#478 = VECTOR('',#479,1.);
#479 = DIRECTION('',(1.,0.,0.));
#480 = ORIENTED_EDGE('',*,*,#481,.T.);
#481 = EDGE_CURVE('',#474,#482,#484,.T.);
#482 = VERTEX_POINT('',#483);
#483 = CARTESIAN_POINT('',(53.5,-3.9,10.5));
#484 = LINE('',#485,#486);
#485 = CARTESIAN_POINT('',(53.5,-43.85,10.5));
#486 = VECTOR('',#487,1.);
#487 = DIRECTION('',(0.,1.,0.));
#488 = ORIENTED_EDGE('',*,*,#489,.F.);
#489 = EDGE_CURVE('',#490,#482,#492,.T.);
#490 = VERTEX_POINT('',#491);
#491 = CARTESIAN_POINT('',(51.1,-3.9,10.5));
#492 = LINE('',#493,#494);
#493 = CARTESIAN_POINT('',(25.55,-3.9,10.5));
#494 = VECTOR('',#495,1.);
#495 = DIRECTION('',(1.,0.,0.));
#496 = ORIENTED_EDGE('',*,*,#497,.F.);
#497 = EDGE_CURVE('',#498,#490,#500,.T.);
#498 = VERTEX_POINT('',#499);
#499 = CARTESIAN_POINT('',(51.1,3.9,10.5));
#500 = LINE('',#501,#502);
#501 = CARTESIAN_POINT('',(51.1,-3.E-17,10.5));
#502 = VECTOR('',#503,1.);
#503 = DIRECTION('',(0.,-1.,0.));
#504 = ORIENTED_EDGE('',*,*,#505,.F.);
#505 = EDGE_CURVE('',#506,#498,#508,.T.);
#506 = VERTEX_POINT('',#507);
#507 = CARTESIAN_POINT('',(53.5,3.9,10.5));
#508 = LINE('',#509,#510);
#509 = CARTESIAN_POINT('',(26.75,3.9,10.5));
#510 = VECTOR('',#511,1.);
#511 = DIRECTION('',(-1.,0.,0.));
#512 = ORIENTED_EDGE('',*,*,#513,.T.);
#513 = EDGE_CURVE('',#506,#514,#516,.T.);
#514 = VERTEX_POINT('',#515);
#515 = CARTESIAN_POINT('',(53.5,18.9,10.5));
#516 = LINE('',#517,#518);
#517 = CARTESIAN_POINT('',(53.5,-43.85,10.5));
#518 = VECTOR('',#519,1.);
#519 = DIRECTION('',(0.,1.,0.));
#520 = ORIENTED_EDGE('',*,*,#521,.T.);
#521 = EDGE_CURVE('',#514,#522,#524,.T.);
#522 = VERTEX_POINT('',#523);
#523 = CARTESIAN_POINT('',(51.,18.9,10.5));
#524 = LINE('',#525,#526);
#525 = CARTESIAN_POINT('',(53.5,18.9,10.5));
#526 = VECTOR('',#527,1.);
#527 = DIRECTION('',(-1.,0.,0.));
#528 = ORIENTED_EDGE('',*,*,#529,.T.);
#529 = EDGE_CURVE('',#522,#530,#532,.T.);
#530 = VERTEX_POINT('',#531);
#531 = CARTESIAN_POINT('',(51.,41.35,10.5));
#532 = LINE('',#533,#534);
#533 = CARTESIAN_POINT('',(51.,18.9,10.5));
#534 = VECTOR('',#535,1.);
#535 = DIRECTION('',(0.,1.,0.));
#536 = ORIENTED_EDGE('',*,*,#537,.T.);
#537 = EDGE_CURVE('',#530,#538,#540,.T.);
#538 = VERTEX_POINT('',#539);
#539 = CARTESIAN_POINT('',(10.,41.35,10.5));
#540 = LINE('',#541,#542);
#541 = CARTESIAN_POINT('',(51.,41.35,10.5));
#542 = VECTOR('',#543,1.);
#543 = DIRECTION('',(-1.,0.,0.));
#544 = ORIENTED_EDGE('',*,*,#545,.T.);
#545 = EDGE_CURVE('',#538,#546,#548,.T.);
#546 = VERTEX_POINT('',#547);
#547 = CARTESIAN_POINT('',(10.,21.4,10.5));
#548 = LINE('',#549,#550);
#549 = CARTESIAN_POINT('',(10.,41.35,10.5));
#550 = VECTOR('',#551,1.);
#551 = DIRECTION('',(0.,-1.,0.));
#552 = ORIENTED_EDGE('',*,*,#553,.T.);
#553 = EDGE_CURVE('',#546,#554,#556,.T.);
#554 = VERTEX_POINT('',#555);
#555 = CARTESIAN_POINT('',(40.,21.4,10.5));
#556 = LINE('',#557,#558);
#557 = CARTESIAN_POINT('',(10.,21.4,10.5));
#558 = VECTOR('',#559,1.);
#559 = DIRECTION('',(1.,0.,0.));
#560 = ORIENTED_EDGE('',*,*,#561,.T.);
#561 = EDGE_CURVE('',#554,#562,#564,.T.);
#562 = VERTEX_POINT('',#563);
#563 = CARTESIAN_POINT('',(41.999999764711,23.39999772541,10.5));
#564 = LINE('',#565,#566);
#565 = CARTESIAN_POINT('',(40.,21.4,10.5));
#566 = VECTOR('',#567,1.);
#567 = DIRECTION('',(0.707107141688,0.707106420685,0.));
#568 = ORIENTED_EDGE('',*,*,#569,.T.);
#569 = EDGE_CURVE('',#562,#570,#572,.T.);
#570 = VERTEX_POINT('',#571);
#571 = CARTESIAN_POINT('',(43.5,21.899996941083,10.5));
#572 = LINE('',#573,#574);
#573 = CARTESIAN_POINT('',(41.999999764711,23.39999772541,10.5));
#574 = VECTOR('',#575,1.);
#575 = DIRECTION('',(0.707106651777,-0.707106910596,0.));
#576 = ORIENTED_EDGE('',*,*,#577,.T.);
#577 = EDGE_CURVE('',#570,#578,#580,.T.);
#578 = VERTEX_POINT('',#579);
#579 = CARTESIAN_POINT('',(40.5,18.9,10.5));
#580 = LINE('',#581,#582);
#581 = CARTESIAN_POINT('',(43.5,21.899996941083,10.5));
#582 = VECTOR('',#583,1.);
#583 = DIRECTION('',(-0.707107141683,-0.707106420689,0.));
#584 = ORIENTED_EDGE('',*,*,#585,.T.);
#585 = EDGE_CURVE('',#578,#586,#588,.T.);
#586 = VERTEX_POINT('',#587);
#587 = CARTESIAN_POINT('',(7.5,18.9,10.5));
#588 = LINE('',#589,#590);
#589 = CARTESIAN_POINT('',(40.5,18.9,10.5));
#590 = VECTOR('',#591,1.);
#591 = DIRECTION('',(-1.,0.,0.));
#592 = ORIENTED_EDGE('',*,*,#593,.F.);
#593 = EDGE_CURVE('',#594,#586,#596,.T.);
#594 = VERTEX_POINT('',#595);
#595 = CARTESIAN_POINT('',(7.5,17.05,10.5));
#596 = LINE('',#597,#598);
#597 = CARTESIAN_POINT('',(7.5,17.05,10.5));
#598 = VECTOR('',#599,1.);
#599 = DIRECTION('',(0.,1.,0.));
#600 = ORIENTED_EDGE('',*,*,#601,.F.);
#601 = EDGE_CURVE('',#602,#594,#604,.T.);
#602 = VERTEX_POINT('',#603);
#603 = CARTESIAN_POINT('',(5.,17.05,10.5));
#604 = LINE('',#605,#606);
#605 = CARTESIAN_POINT('',(5.,17.05,10.5));
#606 = VECTOR('',#607,1.);
#607 = DIRECTION('',(1.,0.,0.));
#608 = ORIENTED_EDGE('',*,*,#609,.F.);
#609 = EDGE_CURVE('',#610,#602,#612,.T.);
#610 = VERTEX_POINT('',#611);
#611 = CARTESIAN_POINT('',(5.,41.05,10.5));
#612 = LINE('',#613,#614);
#613 = CARTESIAN_POINT('',(5.,41.05,10.5));
#614 = VECTOR('',#615,1.);
#615 = DIRECTION('',(0.,-1.,0.));
#616 = ORIENTED_EDGE('',*,*,#617,.F.);
#617 = EDGE_CURVE('',#618,#610,#620,.T.);
#618 = VERTEX_POINT('',#619);
#619 = CARTESIAN_POINT('',(7.5,41.05,10.5));
#620 = LINE('',#621,#622);
#621 = CARTESIAN_POINT('',(7.5,41.05,10.5));
#622 = VECTOR('',#623,1.);
#623 = DIRECTION('',(-1.,0.,0.));
#624 = ORIENTED_EDGE('',*,*,#625,.T.);
#625 = EDGE_CURVE('',#618,#626,#628,.T.);
#626 = VERTEX_POINT('',#627);
#627 = CARTESIAN_POINT('',(7.5,43.85,10.5));
#628 = LINE('',#629,#630);
#629 = CARTESIAN_POINT('',(7.5,18.9,10.5));
#630 = VECTOR('',#631,1.);
#631 = DIRECTION('',(0.,1.,0.));
#632 = ORIENTED_EDGE('',*,*,#633,.T.);
#633 = EDGE_CURVE('',#626,#634,#636,.T.);
#634 = VERTEX_POINT('',#635);
#635 = CARTESIAN_POINT('',(-7.5,43.85,10.5));
#636 = LINE('',#637,#638);
#637 = CARTESIAN_POINT('',(53.5,43.85,10.5));
#638 = VECTOR('',#639,1.);
#639 = DIRECTION('',(-1.,0.,0.));
#640 = ORIENTED_EDGE('',*,*,#641,.F.);
#641 = EDGE_CURVE('',#642,#634,#644,.T.);
#642 = VERTEX_POINT('',#643);
#643 = CARTESIAN_POINT('',(-7.500000000002,41.05,10.5));
#644 = LINE('',#645,#646);
#645 = CARTESIAN_POINT('',(-7.5,18.9,10.5));
#646 = VECTOR('',#647,1.);
#647 = DIRECTION('',(0.,1.,0.));
#648 = ORIENTED_EDGE('',*,*,#649,.F.);
#649 = EDGE_CURVE('',#650,#642,#652,.T.);
#650 = VERTEX_POINT('',#651);
#651 = CARTESIAN_POINT('',(-5.,41.05,10.5));
#652 = LINE('',#653,#654);
#653 = CARTESIAN_POINT('',(-5.,41.05,10.5));
#654 = VECTOR('',#655,1.);
#655 = DIRECTION('',(-1.,0.,0.));
#656 = ORIENTED_EDGE('',*,*,#657,.F.);
#657 = EDGE_CURVE('',#658,#650,#660,.T.);
#658 = VERTEX_POINT('',#659);
#659 = CARTESIAN_POINT('',(-5.,17.05,10.5));
#660 = LINE('',#661,#662);
#661 = CARTESIAN_POINT('',(-5.,17.05,10.5));
#662 = VECTOR('',#663,1.);
#663 = DIRECTION('',(0.,1.,0.));
#664 = ORIENTED_EDGE('',*,*,#665,.F.);
#665 = EDGE_CURVE('',#666,#658,#668,.T.);
#666 = VERTEX_POINT('',#667);
#667 = CARTESIAN_POINT('',(-7.500000000002,17.05,10.5));
#668 = LINE('',#669,#670);
#669 = CARTESIAN_POINT('',(-7.500000000002,17.05,10.5));
#670 = VECTOR('',#671,1.);
#671 = DIRECTION('',(1.,0.,0.));
#672 = ORIENTED_EDGE('',*,*,#673,.F.);
#673 = EDGE_CURVE('',#674,#666,#676,.T.);
#674 = VERTEX_POINT('',#675);
#675 = CARTESIAN_POINT('',(-7.5,18.9,10.5));
#676 = LINE('',#677,#678);
#677 = CARTESIAN_POINT('',(-7.500000000002,41.05,10.5));
#678 = VECTOR('',#679,1.);
#679 = DIRECTION('',(0.,-1.,0.));
#680 = ORIENTED_EDGE('',*,*,#681,.F.);
#681 = EDGE_CURVE('',#682,#674,#684,.T.);
#682 = VERTEX_POINT('',#683);
#683 = CARTESIAN_POINT('',(-40.5,18.9,10.5));
#684 = LINE('',#685,#686);
#685 = CARTESIAN_POINT('',(-40.5,18.9,10.5));
#686 = VECTOR('',#687,1.);
#687 = DIRECTION('',(1.,0.,0.));
#688 = ORIENTED_EDGE('',*,*,#689,.F.);
#689 = EDGE_CURVE('',#690,#682,#692,.T.);
#690 = VERTEX_POINT('',#691);
#691 = CARTESIAN_POINT('',(-43.5,21.899996941083,10.5));
#692 = LINE('',#693,#694);
#693 = CARTESIAN_POINT('',(-43.5,21.899996941083,10.5));
#694 = VECTOR('',#695,1.);
#695 = DIRECTION('',(0.707107141683,-0.707106420689,0.));
#696 = ORIENTED_EDGE('',*,*,#697,.F.);
#697 = EDGE_CURVE('',#698,#690,#700,.T.);
#698 = VERTEX_POINT('',#699);
#699 = CARTESIAN_POINT('',(-41.99999976483,23.399997725385,10.5));
#700 = LINE('',#701,#702);
#701 = CARTESIAN_POINT('',(-41.99999976483,23.399997725385,10.5));
#702 = VECTOR('',#703,1.);
#703 = DIRECTION('',(-0.707106651755,-0.707106910618,0.));
#704 = ORIENTED_EDGE('',*,*,#705,.F.);
#705 = EDGE_CURVE('',#706,#698,#708,.T.);
#706 = VERTEX_POINT('',#707);
#707 = CARTESIAN_POINT('',(-40.,21.4,10.5));
#708 = LINE('',#709,#710);
#709 = CARTESIAN_POINT('',(-40.,21.4,10.5));
#710 = VECTOR('',#711,1.);
#711 = DIRECTION('',(-0.707107141713,0.70710642066,0.));
#712 = ORIENTED_EDGE('',*,*,#713,.F.);
#713 = EDGE_CURVE('',#714,#706,#716,.T.);
#714 = VERTEX_POINT('',#715);
#715 = CARTESIAN_POINT('',(-10.,21.4,10.5));
#716 = LINE('',#717,#718);
#717 = CARTESIAN_POINT('',(-10.,21.4,10.5));
#718 = VECTOR('',#719,1.);
#719 = DIRECTION('',(-1.,0.,0.));
#720 = ORIENTED_EDGE('',*,*,#721,.F.);
#721 = EDGE_CURVE('',#722,#714,#724,.T.);
#722 = VERTEX_POINT('',#723);
#723 = CARTESIAN_POINT('',(-10.,41.35,10.5));
#724 = LINE('',#725,#726);
#725 = CARTESIAN_POINT('',(-10.,41.35,10.5));
#726 = VECTOR('',#727,1.);
#727 = DIRECTION('',(0.,-1.,0.));
#728 = ORIENTED_EDGE('',*,*,#729,.F.);
#729 = EDGE_CURVE('',#730,#722,#732,.T.);
#730 = VERTEX_POINT('',#731);
#731 = CARTESIAN_POINT('',(-51.,41.35,10.5));
#732 = LINE('',#733,#734);
#733 = CARTESIAN_POINT('',(-51.,41.35,10.5));
#734 = VECTOR('',#735,1.);
#735 = DIRECTION('',(1.,0.,0.));
#736 = ORIENTED_EDGE('',*,*,#737,.F.);
#737 = EDGE_CURVE('',#225,#730,#738,.T.);
#738 = LINE('',#739,#740);
#739 = CARTESIAN_POINT('',(-51.,18.9,10.5));
#740 = VECTOR('',#741,1.);
#741 = DIRECTION('',(0.,1.,0.));
#742 = ORIENTED_EDGE('',*,*,#232,.F.);
#743 = ORIENTED_EDGE('',*,*,#55,.T.);
#744 = ORIENTED_EDGE('',*,*,#745,.T.);
#745 = EDGE_CURVE('',#48,#322,#746,.T.);
#746 = LINE('',#747,#748);
#747 = CARTESIAN_POINT('',(-26.75,3.9,10.5));
#748 = VECTOR('',#749,1.);
#749 = DIRECTION('',(1.,0.,0.));
#750 = FACE_BOUND('',#751,.T.);
#751 = EDGE_LOOP('',(#752));
#752 = ORIENTED_EDGE('',*,*,#753,.F.);
#753 = EDGE_CURVE('',#754,#754,#756,.T.);
#754 = VERTEX_POINT('',#755);
#755 = CARTESIAN_POINT('',(3.,23.85,10.5));
#756 = CIRCLE('',#757,1.35);
#757 = AXIS2_PLACEMENT_3D('',#758,#759,#760);
#758 = CARTESIAN_POINT('',(1.65,23.85,10.5));
#759 = DIRECTION('',(0.,0.,1.));
#760 = DIRECTION('',(1.,0.,0.));
#761 = PLANE('',#762);
#762 = AXIS2_PLACEMENT_3D('',#763,#764,#765);
#763 = CARTESIAN_POINT('',(0.,0.,10.5));
#764 = DIRECTION('',(0.,0.,1.));
#765 = DIRECTION('',(1.,0.,0.));
#766 = ADVANCED_FACE('',(#767),#802,.F.);
#767 = FACE_BOUND('',#768,.F.);
#768 = EDGE_LOOP('',(#769,#779,#785,#786,#787,#788,#796));
#769 = ORIENTED_EDGE('',*,*,#770,.F.);
#770 = EDGE_CURVE('',#771,#773,#775,.T.);
#771 = VERTEX_POINT('',#772);
#772 = CARTESIAN_POINT('',(-52.5,3.9,0.));
#773 = VERTEX_POINT('',#774);
#774 = CARTESIAN_POINT('',(-51.1,3.9,0.));
#775 = LINE('',#776,#777);
#776 = CARTESIAN_POINT('',(-53.5,3.9,0.));
#777 = VECTOR('',#778,1.);
#778 = DIRECTION('',(1.,0.,0.));
#779 = ORIENTED_EDGE('',*,*,#780,.T.);
#780 = EDGE_CURVE('',#771,#248,#781,.T.);
#781 = LINE('',#782,#783);
#782 = CARTESIAN_POINT('',(-52.5,3.9,0.));
#783 = VECTOR('',#784,1.);
#784 = DIRECTION('',(0.,0.,1.));
#785 = ORIENTED_EDGE('',*,*,#247,.F.);
#786 = ORIENTED_EDGE('',*,*,#47,.T.);
#787 = ORIENTED_EDGE('',*,*,#745,.T.);
#788 = ORIENTED_EDGE('',*,*,#789,.F.);
#789 = EDGE_CURVE('',#790,#322,#792,.T.);
#790 = VERTEX_POINT('',#791);
#791 = CARTESIAN_POINT('',(-51.1,3.9,3.2));
#792 = LINE('',#793,#794);
#793 = CARTESIAN_POINT('',(-51.1,3.9,0.));
#794 = VECTOR('',#795,1.);
#795 = DIRECTION('',(0.,0.,1.));
#796 = ORIENTED_EDGE('',*,*,#797,.F.);
#797 = EDGE_CURVE('',#773,#790,#798,.T.);
#798 = LINE('',#799,#800);
#799 = CARTESIAN_POINT('',(-51.1,3.9,0.));
#800 = VECTOR('',#801,1.);
#801 = DIRECTION('',(0.,0.,1.));
#802 = PLANE('',#803);
#803 = AXIS2_PLACEMENT_3D('',#804,#805,#806);
#804 = CARTESIAN_POINT('',(-53.5,3.9,0.));
#805 = DIRECTION('',(0.,1.,0.));
#806 = DIRECTION('',(1.,0.,0.));
#807 = ADVANCED_FACE('',(#808),#842,.T.);
#808 = FACE_BOUND('',#809,.T.);
#809 = EDGE_LOOP('',(#810,#811,#817,#818,#826,#834,#840,#841));
#810 = ORIENTED_EDGE('',*,*,#77,.F.);
#811 = ORIENTED_EDGE('',*,*,#812,.F.);
#812 = EDGE_CURVE('',#634,#78,#813,.T.);
#813 = LINE('',#814,#815);
#814 = CARTESIAN_POINT('',(-7.5,43.85,10.5));
#815 = VECTOR('',#816,1.);
#816 = DIRECTION('',(0.,0.,1.));
#817 = ORIENTED_EDGE('',*,*,#633,.F.);
#818 = ORIENTED_EDGE('',*,*,#819,.T.);
#819 = EDGE_CURVE('',#626,#820,#822,.T.);
#820 = VERTEX_POINT('',#821);
#821 = CARTESIAN_POINT('',(7.5,43.85,14.4));
#822 = LINE('',#823,#824);
#823 = CARTESIAN_POINT('',(7.5,43.85,10.5));
#824 = VECTOR('',#825,1.);
#825 = DIRECTION('',(0.,0.,1.));
#826 = ORIENTED_EDGE('',*,*,#827,.T.);
#827 = EDGE_CURVE('',#820,#828,#830,.T.);
#828 = VERTEX_POINT('',#829);
#829 = CARTESIAN_POINT('',(51.5,43.85,14.4));
#830 = LINE('',#831,#832);
#831 = CARTESIAN_POINT('',(7.5,43.85,14.4));
#832 = VECTOR('',#833,1.);
#833 = DIRECTION('',(1.,0.,0.));
#834 = ORIENTED_EDGE('',*,*,#835,.F.);
#835 = EDGE_CURVE('',#296,#828,#836,.T.);
#836 = LINE('',#837,#838);
#837 = CARTESIAN_POINT('',(51.5,43.85,1.5));
#838 = VECTOR('',#839,1.);
#839 = DIRECTION('',(0.,0.,1.));
#840 = ORIENTED_EDGE('',*,*,#304,.F.);
#841 = ORIENTED_EDGE('',*,*,#206,.T.);
#842 = PLANE('',#843);
#843 = AXIS2_PLACEMENT_3D('',#844,#845,#846);
#844 = CARTESIAN_POINT('',(0.,43.85,7.85549273021));
#845 = DIRECTION('',(0.,1.,0.));
#846 = DIRECTION('',(0.,0.,1.));
#847 = ADVANCED_FACE('',(#848),#898,.T.);
#848 = FACE_BOUND('',#849,.T.);
#849 = EDGE_LOOP('',(#850,#858,#859,#867,#875,#881,#882,#883,#884,#892)
  );
#850 = ORIENTED_EDGE('',*,*,#851,.F.);
#851 = EDGE_CURVE('',#674,#852,#854,.T.);
#852 = VERTEX_POINT('',#853);
#853 = CARTESIAN_POINT('',(-7.500000000001,18.9,12.400000000002));
#854 = LINE('',#855,#856);
#855 = CARTESIAN_POINT('',(-7.5,18.9,10.5));
#856 = VECTOR('',#857,1.);
#857 = DIRECTION('',(0.,0.,1.));
#858 = ORIENTED_EDGE('',*,*,#673,.T.);
#859 = ORIENTED_EDGE('',*,*,#860,.T.);
#860 = EDGE_CURVE('',#666,#861,#863,.T.);
#861 = VERTEX_POINT('',#862);
#862 = CARTESIAN_POINT('',(-7.500000000002,17.05,7.7));
#863 = LINE('',#864,#865);
#864 = CARTESIAN_POINT('',(-7.500000000002,17.05,10.5));
#865 = VECTOR('',#866,1.);
#866 = DIRECTION('',(-0.,-0.,-1.));
#867 = ORIENTED_EDGE('',*,*,#868,.F.);
#868 = EDGE_CURVE('',#869,#861,#871,.T.);
#869 = VERTEX_POINT('',#870);
#870 = CARTESIAN_POINT('',(-7.500000000002,41.05,7.7));
#871 = LINE('',#872,#873);
#872 = CARTESIAN_POINT('',(-7.500000000002,20.525,7.7));
#873 = VECTOR('',#874,1.);
#874 = DIRECTION('',(0.,-1.,0.));
#875 = ORIENTED_EDGE('',*,*,#876,.F.);
#876 = EDGE_CURVE('',#642,#869,#877,.T.);
#877 = LINE('',#878,#879);
#878 = CARTESIAN_POINT('',(-7.500000000002,41.05,10.5));
#879 = VECTOR('',#880,1.);
#880 = DIRECTION('',(-0.,-0.,-1.));
#881 = ORIENTED_EDGE('',*,*,#641,.T.);
#882 = ORIENTED_EDGE('',*,*,#812,.T.);
#883 = ORIENTED_EDGE('',*,*,#183,.F.);
#884 = ORIENTED_EDGE('',*,*,#885,.F.);
#885 = EDGE_CURVE('',#886,#176,#888,.T.);
#886 = VERTEX_POINT('',#887);
#887 = CARTESIAN_POINT('',(-7.5,40.9,12.400000000002));
#888 = LINE('',#889,#890);
#889 = CARTESIAN_POINT('',(-7.5,40.9,12.400000000002));
#890 = VECTOR('',#891,1.);
#891 = DIRECTION('',(2.68E-13,-1.608E-27,1.));
#892 = ORIENTED_EDGE('',*,*,#893,.F.);
#893 = EDGE_CURVE('',#852,#886,#894,.T.);
#894 = LINE('',#895,#896);
#895 = CARTESIAN_POINT('',(-7.500000000001,18.9,12.400000000002));
#896 = VECTOR('',#897,1.);
#897 = DIRECTION('',(6.E-15,1.,0.));
#898 = PLANE('',#899);
#899 = AXIS2_PLACEMENT_3D('',#900,#901,#902);
#900 = CARTESIAN_POINT('',(-7.500000000001,30.440671641791,
    11.059328358209));
#901 = DIRECTION('',(1.,-6.04E-15,-2.6762E-13));
#902 = DIRECTION('',(2.6762E-13,0.,1.));
#903 = ADVANCED_FACE('',(#904),#922,.F.);
#904 = FACE_BOUND('',#905,.F.);
#905 = EDGE_LOOP('',(#906,#914,#920,#921));
#906 = ORIENTED_EDGE('',*,*,#907,.T.);
#907 = EDGE_CURVE('',#886,#908,#910,.T.);
#908 = VERTEX_POINT('',#909);
#909 = CARTESIAN_POINT('',(-6.,40.9,12.400000000002));
#910 = LINE('',#911,#912);
#911 = CARTESIAN_POINT('',(-7.5,40.9,12.400000000002));
#912 = VECTOR('',#913,1.);
#913 = DIRECTION('',(1.,-6.E-15,-2.6756E-13));
#914 = ORIENTED_EDGE('',*,*,#915,.T.);
#915 = EDGE_CURVE('',#908,#168,#916,.T.);
#916 = LINE('',#917,#918);
#917 = CARTESIAN_POINT('',(-6.,40.9,12.400000000002));
#918 = VECTOR('',#919,1.);
#919 = DIRECTION('',(2.68E-13,-1.608E-27,1.));
#920 = ORIENTED_EDGE('',*,*,#175,.F.);
#921 = ORIENTED_EDGE('',*,*,#885,.F.);
#922 = PLANE('',#923);
#923 = AXIS2_PLACEMENT_3D('',#924,#925,#926);
#924 = CARTESIAN_POINT('',(-7.5,40.9,12.400000000002));
#925 = DIRECTION('',(-6.E-15,-1.,0.));
#926 = DIRECTION('',(2.6756E-13,-1.60536E-27,1.));
#927 = ADVANCED_FACE('',(#928),#946,.T.);
#928 = FACE_BOUND('',#929,.T.);
#929 = EDGE_LOOP('',(#930,#938,#944,#945));
#930 = ORIENTED_EDGE('',*,*,#931,.T.);
#931 = EDGE_CURVE('',#160,#932,#934,.T.);
#932 = VERTEX_POINT('',#933);
#933 = CARTESIAN_POINT('',(-6.000000000001,18.9,12.400000000002));
#934 = LINE('',#935,#936);
#935 = CARTESIAN_POINT('',(-6.,18.9,14.400000000002));
#936 = VECTOR('',#937,1.);
#937 = DIRECTION('',(-2.68E-13,1.608E-27,-1.));
#938 = ORIENTED_EDGE('',*,*,#939,.T.);
#939 = EDGE_CURVE('',#932,#908,#940,.T.);
#940 = LINE('',#941,#942);
#941 = CARTESIAN_POINT('',(-6.000000000001,18.9,12.400000000002));
#942 = VECTOR('',#943,1.);
#943 = DIRECTION('',(6.E-15,1.,0.));
#944 = ORIENTED_EDGE('',*,*,#915,.T.);
#945 = ORIENTED_EDGE('',*,*,#167,.T.);
#946 = PLANE('',#947);
#947 = AXIS2_PLACEMENT_3D('',#948,#949,#950);
#948 = CARTESIAN_POINT('',(-6.,29.9,13.400000000002));
#949 = DIRECTION('',(1.,-6.E-15,-2.6756E-13));
#950 = DIRECTION('',(2.6756E-13,0.,1.));
#951 = ADVANCED_FACE('',(#952),#963,.F.);
#952 = FACE_BOUND('',#953,.F.);
#953 = EDGE_LOOP('',(#954,#955,#956,#962));
#954 = ORIENTED_EDGE('',*,*,#224,.T.);
#955 = ORIENTED_EDGE('',*,*,#103,.T.);
#956 = ORIENTED_EDGE('',*,*,#957,.F.);
#957 = EDGE_CURVE('',#730,#104,#958,.T.);
#958 = LINE('',#959,#960);
#959 = CARTESIAN_POINT('',(-51.,41.35,10.5));
#960 = VECTOR('',#961,1.);
#961 = DIRECTION('',(0.,0.,1.));
#962 = ORIENTED_EDGE('',*,*,#737,.F.);
#963 = PLANE('',#964);
#964 = AXIS2_PLACEMENT_3D('',#965,#966,#967);
#965 = CARTESIAN_POINT('',(-51.,18.9,10.5));
#966 = DIRECTION('',(-1.,0.,0.));
#967 = DIRECTION('',(0.,1.,0.));
#968 = ADVANCED_FACE('',(#969),#987,.T.);
#969 = FACE_BOUND('',#970,.T.);
#970 = EDGE_LOOP('',(#971,#977,#978,#979,#985,#986));
#971 = ORIENTED_EDGE('',*,*,#972,.F.);
#972 = EDGE_CURVE('',#682,#152,#973,.T.);
#973 = LINE('',#974,#975);
#974 = CARTESIAN_POINT('',(-40.5,18.9,10.5));
#975 = VECTOR('',#976,1.);
#976 = DIRECTION('',(0.,0.,1.));
#977 = ORIENTED_EDGE('',*,*,#681,.T.);
#978 = ORIENTED_EDGE('',*,*,#851,.T.);
#979 = ORIENTED_EDGE('',*,*,#980,.T.);
#980 = EDGE_CURVE('',#852,#932,#981,.T.);
#981 = LINE('',#982,#983);
#982 = CARTESIAN_POINT('',(-7.500000000001,18.9,12.400000000002));
#983 = VECTOR('',#984,1.);
#984 = DIRECTION('',(1.,-6.E-15,-2.6756E-13));
#985 = ORIENTED_EDGE('',*,*,#931,.F.);
#986 = ORIENTED_EDGE('',*,*,#159,.F.);
#987 = PLANE('',#988);
#988 = AXIS2_PLACEMENT_3D('',#989,#990,#991);
#989 = CARTESIAN_POINT('',(-23.287109375,18.9,12.487109375));
#990 = DIRECTION('',(0.,-1.,6.1E-16));
#991 = DIRECTION('',(0.,-6.1E-16,-1.));
#992 = ADVANCED_FACE('',(#993),#1004,.F.);
#993 = FACE_BOUND('',#994,.F.);
#994 = EDGE_LOOP('',(#995,#996,#997,#1003));
#995 = ORIENTED_EDGE('',*,*,#957,.T.);
#996 = ORIENTED_EDGE('',*,*,#111,.T.);
#997 = ORIENTED_EDGE('',*,*,#998,.F.);
#998 = EDGE_CURVE('',#722,#112,#999,.T.);
#999 = LINE('',#1000,#1001);
#1000 = CARTESIAN_POINT('',(-10.,41.35,10.5));
#1001 = VECTOR('',#1002,1.);
#1002 = DIRECTION('',(0.,0.,1.));
#1003 = ORIENTED_EDGE('',*,*,#729,.F.);
#1004 = PLANE('',#1005);
#1005 = AXIS2_PLACEMENT_3D('',#1006,#1007,#1008);
#1006 = CARTESIAN_POINT('',(-51.,41.35,10.5));
#1007 = DIRECTION('',(0.,1.,0.));
#1008 = DIRECTION('',(1.,0.,0.));
#1009 = ADVANCED_FACE('',(#1010),#1021,.F.);
#1010 = FACE_BOUND('',#1011,.F.);
#1011 = EDGE_LOOP('',(#1012,#1018,#1019,#1020));
#1012 = ORIENTED_EDGE('',*,*,#1013,.T.);
#1013 = EDGE_CURVE('',#690,#144,#1014,.T.);
#1014 = LINE('',#1015,#1016);
#1015 = CARTESIAN_POINT('',(-43.5,21.899996941083,10.5));
#1016 = VECTOR('',#1017,1.);
#1017 = DIRECTION('',(0.,0.,1.));
#1018 = ORIENTED_EDGE('',*,*,#151,.T.);
#1019 = ORIENTED_EDGE('',*,*,#972,.F.);
#1020 = ORIENTED_EDGE('',*,*,#689,.F.);
#1021 = PLANE('',#1022);
#1022 = AXIS2_PLACEMENT_3D('',#1023,#1024,#1025);
#1023 = CARTESIAN_POINT('',(-43.5,21.899996941083,10.5));
#1024 = DIRECTION('',(0.707106420689,0.707107141683,0.));
#1025 = DIRECTION('',(0.707107141683,-0.707106420689,0.));
#1026 = ADVANCED_FACE('',(#1027),#1038,.F.);
#1027 = FACE_BOUND('',#1028,.F.);
#1028 = EDGE_LOOP('',(#1029,#1030,#1031,#1037));
#1029 = ORIENTED_EDGE('',*,*,#998,.T.);
#1030 = ORIENTED_EDGE('',*,*,#119,.T.);
#1031 = ORIENTED_EDGE('',*,*,#1032,.F.);
#1032 = EDGE_CURVE('',#714,#120,#1033,.T.);
#1033 = LINE('',#1034,#1035);
#1034 = CARTESIAN_POINT('',(-10.,21.4,10.5));
#1035 = VECTOR('',#1036,1.);
#1036 = DIRECTION('',(0.,0.,1.));
#1037 = ORIENTED_EDGE('',*,*,#721,.F.);
#1038 = PLANE('',#1039);
#1039 = AXIS2_PLACEMENT_3D('',#1040,#1041,#1042);
#1040 = CARTESIAN_POINT('',(-10.,41.35,10.5));
#1041 = DIRECTION('',(1.,0.,0.));
#1042 = DIRECTION('',(0.,-1.,0.));
#1043 = ADVANCED_FACE('',(#1044),#1055,.F.);
#1044 = FACE_BOUND('',#1045,.F.);
#1045 = EDGE_LOOP('',(#1046,#1052,#1053,#1054));
#1046 = ORIENTED_EDGE('',*,*,#1047,.T.);
#1047 = EDGE_CURVE('',#698,#136,#1048,.T.);
#1048 = LINE('',#1049,#1050);
#1049 = CARTESIAN_POINT('',(-41.99999976483,23.399997725385,10.5));
#1050 = VECTOR('',#1051,1.);
#1051 = DIRECTION('',(0.,0.,1.));
#1052 = ORIENTED_EDGE('',*,*,#143,.T.);
#1053 = ORIENTED_EDGE('',*,*,#1013,.F.);
#1054 = ORIENTED_EDGE('',*,*,#697,.F.);
#1055 = PLANE('',#1056);
#1056 = AXIS2_PLACEMENT_3D('',#1057,#1058,#1059);
#1057 = CARTESIAN_POINT('',(-41.99999976483,23.399997725385,10.5));
#1058 = DIRECTION('',(0.707106910618,-0.707106651755,0.));
#1059 = DIRECTION('',(-0.707106651755,-0.707106910618,0.));
#1060 = ADVANCED_FACE('',(#1061),#1072,.F.);
#1061 = FACE_BOUND('',#1062,.F.);
#1062 = EDGE_LOOP('',(#1063,#1064,#1065,#1071));
#1063 = ORIENTED_EDGE('',*,*,#1032,.T.);
#1064 = ORIENTED_EDGE('',*,*,#127,.T.);
#1065 = ORIENTED_EDGE('',*,*,#1066,.F.);
#1066 = EDGE_CURVE('',#706,#128,#1067,.T.);
#1067 = LINE('',#1068,#1069);
#1068 = CARTESIAN_POINT('',(-40.,21.4,10.5));
#1069 = VECTOR('',#1070,1.);
#1070 = DIRECTION('',(0.,0.,1.));
#1071 = ORIENTED_EDGE('',*,*,#713,.F.);
#1072 = PLANE('',#1073);
#1073 = AXIS2_PLACEMENT_3D('',#1074,#1075,#1076);
#1074 = CARTESIAN_POINT('',(-10.,21.4,10.5));
#1075 = DIRECTION('',(0.,-1.,0.));
#1076 = DIRECTION('',(-1.,0.,0.));
#1077 = ADVANCED_FACE('',(#1078),#1084,.F.);
#1078 = FACE_BOUND('',#1079,.F.);
#1079 = EDGE_LOOP('',(#1080,#1081,#1082,#1083));
#1080 = ORIENTED_EDGE('',*,*,#1066,.T.);
#1081 = ORIENTED_EDGE('',*,*,#135,.T.);
#1082 = ORIENTED_EDGE('',*,*,#1047,.F.);
#1083 = ORIENTED_EDGE('',*,*,#705,.F.);
#1084 = PLANE('',#1085);
#1085 = AXIS2_PLACEMENT_3D('',#1086,#1087,#1088);
#1086 = CARTESIAN_POINT('',(-40.,21.4,10.5));
#1087 = DIRECTION('',(-0.70710642066,-0.707107141713,0.));
#1088 = DIRECTION('',(-0.707107141713,0.70710642066,0.));
#1089 = ADVANCED_FACE('',(#1090),#1108,.T.);
#1090 = FACE_BOUND('',#1091,.T.);
#1091 = EDGE_LOOP('',(#1092,#1100,#1101,#1102));
#1092 = ORIENTED_EDGE('',*,*,#1093,.F.);
#1093 = EDGE_CURVE('',#771,#1094,#1096,.T.);
#1094 = VERTEX_POINT('',#1095);
#1095 = CARTESIAN_POINT('',(-52.5,42.85,0.));
#1096 = LINE('',#1097,#1098);
#1097 = CARTESIAN_POINT('',(-52.5,-42.85,0.));
#1098 = VECTOR('',#1099,1.);
#1099 = DIRECTION('',(0.,1.,0.));
#1100 = ORIENTED_EDGE('',*,*,#780,.T.);
#1101 = ORIENTED_EDGE('',*,*,#255,.T.);
#1102 = ORIENTED_EDGE('',*,*,#1103,.F.);
#1103 = EDGE_CURVE('',#1094,#256,#1104,.T.);
#1104 = LINE('',#1105,#1106);
#1105 = CARTESIAN_POINT('',(-52.5,42.85,0.));
#1106 = VECTOR('',#1107,1.);
#1107 = DIRECTION('',(0.,0.,1.));
#1108 = PLANE('',#1109);
#1109 = AXIS2_PLACEMENT_3D('',#1110,#1111,#1112);
#1110 = CARTESIAN_POINT('',(-52.5,-42.85,0.));
#1111 = DIRECTION('',(-1.,0.,0.));
#1112 = DIRECTION('',(0.,1.,0.));
#1113 = ADVANCED_FACE('',(#1114),#1133,.T.);
#1114 = FACE_BOUND('',#1115,.F.);
#1115 = EDGE_LOOP('',(#1116,#1117,#1125,#1132));
#1116 = ORIENTED_EDGE('',*,*,#295,.T.);
#1117 = ORIENTED_EDGE('',*,*,#1118,.T.);
#1118 = EDGE_CURVE('',#288,#1119,#1121,.T.);
#1119 = VERTEX_POINT('',#1120);
#1120 = CARTESIAN_POINT('',(53.5,41.85,14.4));
#1121 = LINE('',#1122,#1123);
#1122 = CARTESIAN_POINT('',(53.5,41.85,1.5));
#1123 = VECTOR('',#1124,1.);
#1124 = DIRECTION('',(0.,0.,1.));
#1125 = ORIENTED_EDGE('',*,*,#1126,.F.);
#1126 = EDGE_CURVE('',#828,#1119,#1127,.T.);
#1127 = CIRCLE('',#1128,2.);
#1128 = AXIS2_PLACEMENT_3D('',#1129,#1130,#1131);
#1129 = CARTESIAN_POINT('',(51.5,41.85,14.4));
#1130 = DIRECTION('',(-0.,-0.,-1.));
#1131 = DIRECTION('',(0.,-1.,0.));
#1132 = ORIENTED_EDGE('',*,*,#835,.F.);
#1133 = CYLINDRICAL_SURFACE('',#1134,2.);
#1134 = AXIS2_PLACEMENT_3D('',#1135,#1136,#1137);
#1135 = CARTESIAN_POINT('',(51.5,41.85,1.5));
#1136 = DIRECTION('',(0.,0.,1.));
#1137 = DIRECTION('',(0.,1.,0.));
#1138 = ADVANCED_FACE('',(#1139),#1157,.T.);
#1139 = FACE_BOUND('',#1140,.T.);
#1140 = EDGE_LOOP('',(#1141,#1142,#1143,#1151));
#1141 = ORIENTED_EDGE('',*,*,#1103,.T.);
#1142 = ORIENTED_EDGE('',*,*,#263,.T.);
#1143 = ORIENTED_EDGE('',*,*,#1144,.F.);
#1144 = EDGE_CURVE('',#1145,#264,#1147,.T.);
#1145 = VERTEX_POINT('',#1146);
#1146 = CARTESIAN_POINT('',(52.5,42.85,0.));
#1147 = LINE('',#1148,#1149);
#1148 = CARTESIAN_POINT('',(52.5,42.85,0.));
#1149 = VECTOR('',#1150,1.);
#1150 = DIRECTION('',(0.,0.,1.));
#1151 = ORIENTED_EDGE('',*,*,#1152,.F.);
#1152 = EDGE_CURVE('',#1094,#1145,#1153,.T.);
#1153 = LINE('',#1154,#1155);
#1154 = CARTESIAN_POINT('',(-52.5,42.85,0.));
#1155 = VECTOR('',#1156,1.);
#1156 = DIRECTION('',(1.,0.,0.));
#1157 = PLANE('',#1158);
#1158 = AXIS2_PLACEMENT_3D('',#1159,#1160,#1161);
#1159 = CARTESIAN_POINT('',(-52.5,42.85,0.));
#1160 = DIRECTION('',(0.,1.,0.));
#1161 = DIRECTION('',(1.,0.,0.));
#1162 = ADVANCED_FACE('',(#1163),#1188,.T.);
#1163 = FACE_BOUND('',#1164,.T.);
#1164 = EDGE_LOOP('',(#1165,#1173,#1179,#1180,#1186,#1187));
#1165 = ORIENTED_EDGE('',*,*,#1166,.T.);
#1166 = EDGE_CURVE('',#1119,#1167,#1169,.T.);
#1167 = VERTEX_POINT('',#1168);
#1168 = CARTESIAN_POINT('',(53.5,18.9,14.4));
#1169 = LINE('',#1170,#1171);
#1170 = CARTESIAN_POINT('',(53.5,43.85,14.4));
#1171 = VECTOR('',#1172,1.);
#1172 = DIRECTION('',(0.,-1.,0.));
#1173 = ORIENTED_EDGE('',*,*,#1174,.F.);
#1174 = EDGE_CURVE('',#514,#1167,#1175,.T.);
#1175 = LINE('',#1176,#1177);
#1176 = CARTESIAN_POINT('',(53.5,18.9,10.5));
#1177 = VECTOR('',#1178,1.);
#1178 = DIRECTION('',(0.,0.,1.));
#1179 = ORIENTED_EDGE('',*,*,#513,.F.);
#1180 = ORIENTED_EDGE('',*,*,#1181,.F.);
#1181 = EDGE_CURVE('',#280,#506,#1182,.T.);
#1182 = LINE('',#1183,#1184);
#1183 = CARTESIAN_POINT('',(53.5,3.9,0.));
#1184 = VECTOR('',#1185,1.);
#1185 = DIRECTION('',(0.,0.,1.));
#1186 = ORIENTED_EDGE('',*,*,#287,.F.);
#1187 = ORIENTED_EDGE('',*,*,#1118,.T.);
#1188 = PLANE('',#1189);
#1189 = AXIS2_PLACEMENT_3D('',#1190,#1191,#1192);
#1190 = CARTESIAN_POINT('',(53.5,24.428453169347,7.396546830653));
#1191 = DIRECTION('',(1.,0.,0.));
#1192 = DIRECTION('',(0.,0.,1.));
#1193 = ADVANCED_FACE('',(#1194),#1212,.T.);
#1194 = FACE_BOUND('',#1195,.T.);
#1195 = EDGE_LOOP('',(#1196,#1204,#1205,#1206));
#1196 = ORIENTED_EDGE('',*,*,#1197,.F.);
#1197 = EDGE_CURVE('',#1145,#1198,#1200,.T.);
#1198 = VERTEX_POINT('',#1199);
#1199 = CARTESIAN_POINT('',(52.5,3.9,0.));
#1200 = LINE('',#1201,#1202);
#1201 = CARTESIAN_POINT('',(52.5,42.85,0.));
#1202 = VECTOR('',#1203,1.);
#1203 = DIRECTION('',(0.,-1.,0.));
#1204 = ORIENTED_EDGE('',*,*,#1144,.T.);
#1205 = ORIENTED_EDGE('',*,*,#271,.T.);
#1206 = ORIENTED_EDGE('',*,*,#1207,.F.);
#1207 = EDGE_CURVE('',#1198,#272,#1208,.T.);
#1208 = LINE('',#1209,#1210);
#1209 = CARTESIAN_POINT('',(52.5,3.9,0.));
#1210 = VECTOR('',#1211,1.);
#1211 = DIRECTION('',(0.,0.,1.));
#1212 = PLANE('',#1213);
#1213 = AXIS2_PLACEMENT_3D('',#1214,#1215,#1216);
#1214 = CARTESIAN_POINT('',(52.5,42.85,0.));
#1215 = DIRECTION('',(1.,0.,0.));
#1216 = DIRECTION('',(0.,-1.,0.));
#1217 = ADVANCED_FACE('',(#1218),#1246,.F.);
#1218 = FACE_BOUND('',#1219,.T.);
#1219 = EDGE_LOOP('',(#1220,#1228,#1229,#1230,#1231,#1232,#1240));
#1220 = ORIENTED_EDGE('',*,*,#1221,.F.);
#1221 = EDGE_CURVE('',#1198,#1222,#1224,.T.);
#1222 = VERTEX_POINT('',#1223);
#1223 = CARTESIAN_POINT('',(51.1,3.9,0.));
#1224 = LINE('',#1225,#1226);
#1225 = CARTESIAN_POINT('',(53.5,3.9,0.));
#1226 = VECTOR('',#1227,1.);
#1227 = DIRECTION('',(-1.,0.,0.));
#1228 = ORIENTED_EDGE('',*,*,#1207,.T.);
#1229 = ORIENTED_EDGE('',*,*,#279,.F.);
#1230 = ORIENTED_EDGE('',*,*,#1181,.T.);
#1231 = ORIENTED_EDGE('',*,*,#505,.T.);
#1232 = ORIENTED_EDGE('',*,*,#1233,.F.);
#1233 = EDGE_CURVE('',#1234,#498,#1236,.T.);
#1234 = VERTEX_POINT('',#1235);
#1235 = CARTESIAN_POINT('',(51.1,3.9,3.2));
#1236 = LINE('',#1237,#1238);
#1237 = CARTESIAN_POINT('',(51.1,3.9,0.));
#1238 = VECTOR('',#1239,1.);
#1239 = DIRECTION('',(0.,0.,1.));
#1240 = ORIENTED_EDGE('',*,*,#1241,.F.);
#1241 = EDGE_CURVE('',#1222,#1234,#1242,.T.);
#1242 = LINE('',#1243,#1244);
#1243 = CARTESIAN_POINT('',(51.1,3.9,0.));
#1244 = VECTOR('',#1245,1.);
#1245 = DIRECTION('',(0.,0.,1.));
#1246 = PLANE('',#1247);
#1247 = AXIS2_PLACEMENT_3D('',#1248,#1249,#1250);
#1248 = CARTESIAN_POINT('',(53.5,3.9,0.));
#1249 = DIRECTION('',(0.,1.,0.));
#1250 = DIRECTION('',(1.,0.,0.));
#1251 = ADVANCED_FACE('',(#1252),#1302,.T.);
#1252 = FACE_BOUND('',#1253,.T.);
#1253 = EDGE_LOOP('',(#1254,#1264,#1270,#1271,#1272,#1280,#1288,#1296));
#1254 = ORIENTED_EDGE('',*,*,#1255,.F.);
#1255 = EDGE_CURVE('',#1256,#1258,#1260,.T.);
#1256 = VERTEX_POINT('',#1257);
#1257 = CARTESIAN_POINT('',(-51.1,-3.9,3.2));
#1258 = VERTEX_POINT('',#1259);
#1259 = CARTESIAN_POINT('',(-51.1,-3.05,3.2));
#1260 = LINE('',#1261,#1262);
#1261 = CARTESIAN_POINT('',(-51.1,-5.5,3.2));
#1262 = VECTOR('',#1263,1.);
#1263 = DIRECTION('',(0.,1.,0.));
#1264 = ORIENTED_EDGE('',*,*,#1265,.T.);
#1265 = EDGE_CURVE('',#1256,#320,#1266,.T.);
#1266 = LINE('',#1267,#1268);
#1267 = CARTESIAN_POINT('',(-51.1,-3.9,0.));
#1268 = VECTOR('',#1269,1.);
#1269 = DIRECTION('',(0.,0.,1.));
#1270 = ORIENTED_EDGE('',*,*,#319,.T.);
#1271 = ORIENTED_EDGE('',*,*,#789,.F.);
#1272 = ORIENTED_EDGE('',*,*,#1273,.F.);
#1273 = EDGE_CURVE('',#1274,#790,#1276,.T.);
#1274 = VERTEX_POINT('',#1275);
#1275 = CARTESIAN_POINT('',(-51.1,3.05,3.2));
#1276 = LINE('',#1277,#1278);
#1277 = CARTESIAN_POINT('',(-51.1,-5.5,3.2));
#1278 = VECTOR('',#1279,1.);
#1279 = DIRECTION('',(0.,1.,0.));
#1280 = ORIENTED_EDGE('',*,*,#1281,.F.);
#1281 = EDGE_CURVE('',#1282,#1274,#1284,.T.);
#1282 = VERTEX_POINT('',#1283);
#1283 = CARTESIAN_POINT('',(-51.1,3.05,-2.7));
#1284 = LINE('',#1285,#1286);
#1285 = CARTESIAN_POINT('',(-51.1,3.05,-2.7));
#1286 = VECTOR('',#1287,1.);
#1287 = DIRECTION('',(0.,0.,1.));
#1288 = ORIENTED_EDGE('',*,*,#1289,.T.);
#1289 = EDGE_CURVE('',#1282,#1290,#1292,.T.);
#1290 = VERTEX_POINT('',#1291);
#1291 = CARTESIAN_POINT('',(-51.1,-3.05,-2.7));
#1292 = LINE('',#1293,#1294);
#1293 = CARTESIAN_POINT('',(-51.1,3.05,-2.7));
#1294 = VECTOR('',#1295,1.);
#1295 = DIRECTION('',(0.,-1.,2.2E-16));
#1296 = ORIENTED_EDGE('',*,*,#1297,.T.);
#1297 = EDGE_CURVE('',#1290,#1258,#1298,.T.);
#1298 = LINE('',#1299,#1300);
#1299 = CARTESIAN_POINT('',(-51.1,-3.05,-2.7));
#1300 = VECTOR('',#1301,1.);
#1301 = DIRECTION('',(0.,0.,1.));
#1302 = PLANE('',#1303);
#1303 = AXIS2_PLACEMENT_3D('',#1304,#1305,#1306);
#1304 = CARTESIAN_POINT('',(-51.1,0.,5.854693877551));
#1305 = DIRECTION('',(-1.,-0.,-3.9E-16));
#1306 = DIRECTION('',(3.9E-16,0.,-1.));
#1307 = ADVANCED_FACE('',(#1308),#1326,.F.);
#1308 = FACE_BOUND('',#1309,.F.);
#1309 = EDGE_LOOP('',(#1310,#1311,#1312,#1320));
#1310 = ORIENTED_EDGE('',*,*,#665,.F.);
#1311 = ORIENTED_EDGE('',*,*,#860,.T.);
#1312 = ORIENTED_EDGE('',*,*,#1313,.T.);
#1313 = EDGE_CURVE('',#861,#1314,#1316,.T.);
#1314 = VERTEX_POINT('',#1315);
#1315 = CARTESIAN_POINT('',(-5.,17.05,7.7));
#1316 = LINE('',#1317,#1318);
#1317 = CARTESIAN_POINT('',(-3.750000000001,17.05,7.7));
#1318 = VECTOR('',#1319,1.);
#1319 = DIRECTION('',(1.,0.,0.));
#1320 = ORIENTED_EDGE('',*,*,#1321,.F.);
#1321 = EDGE_CURVE('',#658,#1314,#1322,.T.);
#1322 = LINE('',#1323,#1324);
#1323 = CARTESIAN_POINT('',(-5.,17.05,10.5));
#1324 = VECTOR('',#1325,1.);
#1325 = DIRECTION('',(-0.,-0.,-1.));
#1326 = PLANE('',#1327);
#1327 = AXIS2_PLACEMENT_3D('',#1328,#1329,#1330);
#1328 = CARTESIAN_POINT('',(-7.500000000002,17.05,10.5));
#1329 = DIRECTION('',(0.,-1.,0.));
#1330 = DIRECTION('',(1.,0.,0.));
#1331 = ADVANCED_FACE('',(#1332),#1350,.F.);
#1332 = FACE_BOUND('',#1333,.F.);
#1333 = EDGE_LOOP('',(#1334,#1335,#1336,#1344));
#1334 = ORIENTED_EDGE('',*,*,#657,.F.);
#1335 = ORIENTED_EDGE('',*,*,#1321,.T.);
#1336 = ORIENTED_EDGE('',*,*,#1337,.T.);
#1337 = EDGE_CURVE('',#1314,#1338,#1340,.T.);
#1338 = VERTEX_POINT('',#1339);
#1339 = CARTESIAN_POINT('',(-5.,41.05,7.7));
#1340 = LINE('',#1341,#1342);
#1341 = CARTESIAN_POINT('',(-5.,8.525,7.7));
#1342 = VECTOR('',#1343,1.);
#1343 = DIRECTION('',(0.,1.,0.));
#1344 = ORIENTED_EDGE('',*,*,#1345,.F.);
#1345 = EDGE_CURVE('',#650,#1338,#1346,.T.);
#1346 = LINE('',#1347,#1348);
#1347 = CARTESIAN_POINT('',(-5.,41.05,10.5));
#1348 = VECTOR('',#1349,1.);
#1349 = DIRECTION('',(-0.,-0.,-1.));
#1350 = PLANE('',#1351);
#1351 = AXIS2_PLACEMENT_3D('',#1352,#1353,#1354);
#1352 = CARTESIAN_POINT('',(-5.,17.05,10.5));
#1353 = DIRECTION('',(1.,0.,0.));
#1354 = DIRECTION('',(0.,1.,0.));
#1355 = ADVANCED_FACE('',(#1356),#1367,.F.);
#1356 = FACE_BOUND('',#1357,.F.);
#1357 = EDGE_LOOP('',(#1358,#1359,#1360,#1366));
#1358 = ORIENTED_EDGE('',*,*,#649,.F.);
#1359 = ORIENTED_EDGE('',*,*,#1345,.T.);
#1360 = ORIENTED_EDGE('',*,*,#1361,.T.);
#1361 = EDGE_CURVE('',#1338,#869,#1362,.T.);
#1362 = LINE('',#1363,#1364);
#1363 = CARTESIAN_POINT('',(-2.5,41.05,7.7));
#1364 = VECTOR('',#1365,1.);
#1365 = DIRECTION('',(-1.,0.,0.));
#1366 = ORIENTED_EDGE('',*,*,#876,.F.);
#1367 = PLANE('',#1368);
#1368 = AXIS2_PLACEMENT_3D('',#1369,#1370,#1371);
#1369 = CARTESIAN_POINT('',(-5.,41.05,10.5));
#1370 = DIRECTION('',(0.,1.,0.));
#1371 = DIRECTION('',(-1.,0.,0.));
#1372 = ADVANCED_FACE('',(#1373),#1430,.T.);
#1373 = FACE_BOUND('',#1374,.T.);
#1374 = EDGE_LOOP('',(#1375,#1376,#1384,#1392,#1400,#1406,#1407,#1408,
    #1416,#1424));
#1375 = ORIENTED_EDGE('',*,*,#593,.T.);
#1376 = ORIENTED_EDGE('',*,*,#1377,.T.);
#1377 = EDGE_CURVE('',#586,#1378,#1380,.T.);
#1378 = VERTEX_POINT('',#1379);
#1379 = CARTESIAN_POINT('',(7.500000000001,18.9,12.400000000002));
#1380 = LINE('',#1381,#1382);
#1381 = CARTESIAN_POINT('',(7.5,18.9,10.5));
#1382 = VECTOR('',#1383,1.);
#1383 = DIRECTION('',(0.,0.,1.));
#1384 = ORIENTED_EDGE('',*,*,#1385,.T.);
#1385 = EDGE_CURVE('',#1378,#1386,#1388,.T.);
#1386 = VERTEX_POINT('',#1387);
#1387 = CARTESIAN_POINT('',(7.5,40.9,12.400000000002));
#1388 = LINE('',#1389,#1390);
#1389 = CARTESIAN_POINT('',(7.500000000001,18.9,12.400000000002));
#1390 = VECTOR('',#1391,1.);
#1391 = DIRECTION('',(-5.99E-15,1.,3.21332E-27));
#1392 = ORIENTED_EDGE('',*,*,#1393,.T.);
#1393 = EDGE_CURVE('',#1386,#1394,#1396,.T.);
#1394 = VERTEX_POINT('',#1395);
#1395 = CARTESIAN_POINT('',(7.5,40.9,14.400000000002));
#1396 = LINE('',#1397,#1398);
#1397 = CARTESIAN_POINT('',(7.5,40.9,12.400000000002));
#1398 = VECTOR('',#1399,1.);
#1399 = DIRECTION('',(-2.6713E-13,1.60278E-27,1.));
#1400 = ORIENTED_EDGE('',*,*,#1401,.T.);
#1401 = EDGE_CURVE('',#1394,#820,#1402,.T.);
#1402 = LINE('',#1403,#1404);
#1403 = CARTESIAN_POINT('',(7.5,18.9,14.4));
#1404 = VECTOR('',#1405,1.);
#1405 = DIRECTION('',(0.,1.,0.));
#1406 = ORIENTED_EDGE('',*,*,#819,.F.);
#1407 = ORIENTED_EDGE('',*,*,#625,.F.);
#1408 = ORIENTED_EDGE('',*,*,#1409,.T.);
#1409 = EDGE_CURVE('',#618,#1410,#1412,.T.);
#1410 = VERTEX_POINT('',#1411);
#1411 = CARTESIAN_POINT('',(7.5,41.05,7.7));
#1412 = LINE('',#1413,#1414);
#1413 = CARTESIAN_POINT('',(7.5,41.05,10.5));
#1414 = VECTOR('',#1415,1.);
#1415 = DIRECTION('',(-0.,-0.,-1.));
#1416 = ORIENTED_EDGE('',*,*,#1417,.F.);
#1417 = EDGE_CURVE('',#1418,#1410,#1420,.T.);
#1418 = VERTEX_POINT('',#1419);
#1419 = CARTESIAN_POINT('',(7.5,17.05,7.7));
#1420 = LINE('',#1421,#1422);
#1421 = CARTESIAN_POINT('',(7.5,8.525,7.7));
#1422 = VECTOR('',#1423,1.);
#1423 = DIRECTION('',(0.,1.,0.));
#1424 = ORIENTED_EDGE('',*,*,#1425,.F.);
#1425 = EDGE_CURVE('',#594,#1418,#1426,.T.);
#1426 = LINE('',#1427,#1428);
#1427 = CARTESIAN_POINT('',(7.5,17.05,10.5));
#1428 = VECTOR('',#1429,1.);
#1429 = DIRECTION('',(-0.,-0.,-1.));
#1430 = PLANE('',#1431);
#1431 = AXIS2_PLACEMENT_3D('',#1432,#1433,#1434);
#1432 = CARTESIAN_POINT('',(7.5,30.440671641791,11.059328358209));
#1433 = DIRECTION('',(-1.,-0.,-0.));
#1434 = DIRECTION('',(0.,0.,-1.));
#1435 = ADVANCED_FACE('',(#1436),#1454,.F.);
#1436 = FACE_BOUND('',#1437,.F.);
#1437 = EDGE_LOOP('',(#1438,#1439,#1440,#1448));
#1438 = ORIENTED_EDGE('',*,*,#617,.F.);
#1439 = ORIENTED_EDGE('',*,*,#1409,.T.);
#1440 = ORIENTED_EDGE('',*,*,#1441,.T.);
#1441 = EDGE_CURVE('',#1410,#1442,#1444,.T.);
#1442 = VERTEX_POINT('',#1443);
#1443 = CARTESIAN_POINT('',(5.,41.05,7.7));
#1444 = LINE('',#1445,#1446);
#1445 = CARTESIAN_POINT('',(3.75,41.05,7.7));
#1446 = VECTOR('',#1447,1.);
#1447 = DIRECTION('',(-1.,0.,0.));
#1448 = ORIENTED_EDGE('',*,*,#1449,.F.);
#1449 = EDGE_CURVE('',#610,#1442,#1450,.T.);
#1450 = LINE('',#1451,#1452);
#1451 = CARTESIAN_POINT('',(5.,41.05,10.5));
#1452 = VECTOR('',#1453,1.);
#1453 = DIRECTION('',(-0.,-0.,-1.));
#1454 = PLANE('',#1455);
#1455 = AXIS2_PLACEMENT_3D('',#1456,#1457,#1458);
#1456 = CARTESIAN_POINT('',(7.5,41.05,10.5));
#1457 = DIRECTION('',(0.,1.,0.));
#1458 = DIRECTION('',(-1.,0.,0.));
#1459 = ADVANCED_FACE('',(#1460),#1478,.F.);
#1460 = FACE_BOUND('',#1461,.F.);
#1461 = EDGE_LOOP('',(#1462,#1463,#1464,#1472));
#1462 = ORIENTED_EDGE('',*,*,#609,.F.);
#1463 = ORIENTED_EDGE('',*,*,#1449,.T.);
#1464 = ORIENTED_EDGE('',*,*,#1465,.T.);
#1465 = EDGE_CURVE('',#1442,#1466,#1468,.T.);
#1466 = VERTEX_POINT('',#1467);
#1467 = CARTESIAN_POINT('',(5.,17.05,7.7));
#1468 = LINE('',#1469,#1470);
#1469 = CARTESIAN_POINT('',(5.,20.525,7.7));
#1470 = VECTOR('',#1471,1.);
#1471 = DIRECTION('',(0.,-1.,0.));
#1472 = ORIENTED_EDGE('',*,*,#1473,.F.);
#1473 = EDGE_CURVE('',#602,#1466,#1474,.T.);
#1474 = LINE('',#1475,#1476);
#1475 = CARTESIAN_POINT('',(5.,17.05,10.5));
#1476 = VECTOR('',#1477,1.);
#1477 = DIRECTION('',(-0.,-0.,-1.));
#1478 = PLANE('',#1479);
#1479 = AXIS2_PLACEMENT_3D('',#1480,#1481,#1482);
#1480 = CARTESIAN_POINT('',(5.,41.05,10.5));
#1481 = DIRECTION('',(-1.,0.,0.));
#1482 = DIRECTION('',(0.,-1.,0.));
#1483 = ADVANCED_FACE('',(#1484),#1495,.F.);
#1484 = FACE_BOUND('',#1485,.F.);
#1485 = EDGE_LOOP('',(#1486,#1487,#1488,#1494));
#1486 = ORIENTED_EDGE('',*,*,#601,.F.);
#1487 = ORIENTED_EDGE('',*,*,#1473,.T.);
#1488 = ORIENTED_EDGE('',*,*,#1489,.T.);
#1489 = EDGE_CURVE('',#1466,#1418,#1490,.T.);
#1490 = LINE('',#1491,#1492);
#1491 = CARTESIAN_POINT('',(2.5,17.05,7.7));
#1492 = VECTOR('',#1493,1.);
#1493 = DIRECTION('',(1.,0.,0.));
#1494 = ORIENTED_EDGE('',*,*,#1425,.F.);
#1495 = PLANE('',#1496);
#1496 = AXIS2_PLACEMENT_3D('',#1497,#1498,#1499);
#1497 = CARTESIAN_POINT('',(5.,17.05,10.5));
#1498 = DIRECTION('',(0.,-1.,0.));
#1499 = DIRECTION('',(1.,0.,0.));
#1500 = ADVANCED_FACE('',(#1501),#1535,.T.);
#1501 = FACE_BOUND('',#1502,.T.);
#1502 = EDGE_LOOP('',(#1503,#1511,#1519,#1527,#1533,#1534));
#1503 = ORIENTED_EDGE('',*,*,#1504,.T.);
#1504 = EDGE_CURVE('',#578,#1505,#1507,.T.);
#1505 = VERTEX_POINT('',#1506);
#1506 = CARTESIAN_POINT('',(40.5,18.9,14.4));
#1507 = LINE('',#1508,#1509);
#1508 = CARTESIAN_POINT('',(40.5,18.9,10.5));
#1509 = VECTOR('',#1510,1.);
#1510 = DIRECTION('',(0.,0.,1.));
#1511 = ORIENTED_EDGE('',*,*,#1512,.T.);
#1512 = EDGE_CURVE('',#1505,#1513,#1515,.T.);
#1513 = VERTEX_POINT('',#1514);
#1514 = CARTESIAN_POINT('',(6.,18.9,14.400000000002));
#1515 = LINE('',#1516,#1517);
#1516 = CARTESIAN_POINT('',(40.5,18.9,14.4));
#1517 = VECTOR('',#1518,1.);
#1518 = DIRECTION('',(-1.,0.,0.));
#1519 = ORIENTED_EDGE('',*,*,#1520,.T.);
#1520 = EDGE_CURVE('',#1513,#1521,#1523,.T.);
#1521 = VERTEX_POINT('',#1522);
#1522 = CARTESIAN_POINT('',(6.000000000001,18.9,12.400000000002));
#1523 = LINE('',#1524,#1525);
#1524 = CARTESIAN_POINT('',(6.,18.9,14.400000000002));
#1525 = VECTOR('',#1526,1.);
#1526 = DIRECTION('',(2.6713E-13,-1.60278E-27,-1.));
#1527 = ORIENTED_EDGE('',*,*,#1528,.F.);
#1528 = EDGE_CURVE('',#1378,#1521,#1529,.T.);
#1529 = LINE('',#1530,#1531);
#1530 = CARTESIAN_POINT('',(7.500000000001,18.9,12.400000000002));
#1531 = VECTOR('',#1532,1.);
#1532 = DIRECTION('',(-1.,-6.E-15,-2.6756E-13));
#1533 = ORIENTED_EDGE('',*,*,#1377,.F.);
#1534 = ORIENTED_EDGE('',*,*,#585,.F.);
#1535 = PLANE('',#1536);
#1536 = AXIS2_PLACEMENT_3D('',#1537,#1538,#1539);
#1537 = CARTESIAN_POINT('',(23.287109375,18.9,12.487109375));
#1538 = DIRECTION('',(0.,-1.,5.5E-16));
#1539 = DIRECTION('',(0.,-5.5E-16,-1.));
#1540 = ADVANCED_FACE('',(#1541),#1559,.T.);
#1541 = FACE_BOUND('',#1542,.T.);
#1542 = EDGE_LOOP('',(#1543,#1551,#1557,#1558));
#1543 = ORIENTED_EDGE('',*,*,#1544,.T.);
#1544 = EDGE_CURVE('',#570,#1545,#1547,.T.);
#1545 = VERTEX_POINT('',#1546);
#1546 = CARTESIAN_POINT('',(43.5,21.899996941083,14.4));
#1547 = LINE('',#1548,#1549);
#1548 = CARTESIAN_POINT('',(43.5,21.899996941083,10.5));
#1549 = VECTOR('',#1550,1.);
#1550 = DIRECTION('',(0.,0.,1.));
#1551 = ORIENTED_EDGE('',*,*,#1552,.T.);
#1552 = EDGE_CURVE('',#1545,#1505,#1553,.T.);
#1553 = LINE('',#1554,#1555);
#1554 = CARTESIAN_POINT('',(43.5,21.899996941083,14.4));
#1555 = VECTOR('',#1556,1.);
#1556 = DIRECTION('',(-0.707107141683,-0.707106420689,0.));
#1557 = ORIENTED_EDGE('',*,*,#1504,.F.);
#1558 = ORIENTED_EDGE('',*,*,#577,.F.);
#1559 = PLANE('',#1560);
#1560 = AXIS2_PLACEMENT_3D('',#1561,#1562,#1563);
#1561 = CARTESIAN_POINT('',(43.5,21.899996941083,10.5));
#1562 = DIRECTION('',(0.707106420689,-0.707107141683,0.));
#1563 = DIRECTION('',(-0.707107141683,-0.707106420689,0.));
#1564 = ADVANCED_FACE('',(#1565),#1583,.T.);
#1565 = FACE_BOUND('',#1566,.T.);
#1566 = EDGE_LOOP('',(#1567,#1575,#1581,#1582));
#1567 = ORIENTED_EDGE('',*,*,#1568,.T.);
#1568 = EDGE_CURVE('',#562,#1569,#1571,.T.);
#1569 = VERTEX_POINT('',#1570);
#1570 = CARTESIAN_POINT('',(41.999999764711,23.39999772541,14.4));
#1571 = LINE('',#1572,#1573);
#1572 = CARTESIAN_POINT('',(41.999999764711,23.39999772541,10.5));
#1573 = VECTOR('',#1574,1.);
#1574 = DIRECTION('',(0.,0.,1.));
#1575 = ORIENTED_EDGE('',*,*,#1576,.T.);
#1576 = EDGE_CURVE('',#1569,#1545,#1577,.T.);
#1577 = LINE('',#1578,#1579);
#1578 = CARTESIAN_POINT('',(41.999999764711,23.39999772541,14.4));
#1579 = VECTOR('',#1580,1.);
#1580 = DIRECTION('',(0.707106651777,-0.707106910596,0.));
#1581 = ORIENTED_EDGE('',*,*,#1544,.F.);
#1582 = ORIENTED_EDGE('',*,*,#569,.F.);
#1583 = PLANE('',#1584);
#1584 = AXIS2_PLACEMENT_3D('',#1585,#1586,#1587);
#1585 = CARTESIAN_POINT('',(41.999999764711,23.39999772541,10.5));
#1586 = DIRECTION('',(0.707106910596,0.707106651777,0.));
#1587 = DIRECTION('',(0.707106651777,-0.707106910596,0.));
#1588 = ADVANCED_FACE('',(#1589),#1607,.T.);
#1589 = FACE_BOUND('',#1590,.T.);
#1590 = EDGE_LOOP('',(#1591,#1599,#1605,#1606));
#1591 = ORIENTED_EDGE('',*,*,#1592,.T.);
#1592 = EDGE_CURVE('',#554,#1593,#1595,.T.);
#1593 = VERTEX_POINT('',#1594);
#1594 = CARTESIAN_POINT('',(40.,21.4,14.4));
#1595 = LINE('',#1596,#1597);
#1596 = CARTESIAN_POINT('',(40.,21.4,10.5));
#1597 = VECTOR('',#1598,1.);
#1598 = DIRECTION('',(0.,0.,1.));
#1599 = ORIENTED_EDGE('',*,*,#1600,.T.);
#1600 = EDGE_CURVE('',#1593,#1569,#1601,.T.);
#1601 = LINE('',#1602,#1603);
#1602 = CARTESIAN_POINT('',(40.,21.4,14.4));
#1603 = VECTOR('',#1604,1.);
#1604 = DIRECTION('',(0.707107141688,0.707106420685,0.));
#1605 = ORIENTED_EDGE('',*,*,#1568,.F.);
#1606 = ORIENTED_EDGE('',*,*,#561,.F.);
#1607 = PLANE('',#1608);
#1608 = AXIS2_PLACEMENT_3D('',#1609,#1610,#1611);
#1609 = CARTESIAN_POINT('',(40.,21.4,10.5));
#1610 = DIRECTION('',(-0.707106420685,0.707107141688,0.));
#1611 = DIRECTION('',(0.707107141688,0.707106420685,0.));
#1612 = ADVANCED_FACE('',(#1613),#1631,.T.);
#1613 = FACE_BOUND('',#1614,.T.);
#1614 = EDGE_LOOP('',(#1615,#1623,#1629,#1630));
#1615 = ORIENTED_EDGE('',*,*,#1616,.T.);
#1616 = EDGE_CURVE('',#546,#1617,#1619,.T.);
#1617 = VERTEX_POINT('',#1618);
#1618 = CARTESIAN_POINT('',(10.,21.4,14.4));
#1619 = LINE('',#1620,#1621);
#1620 = CARTESIAN_POINT('',(10.,21.4,10.5));
#1621 = VECTOR('',#1622,1.);
#1622 = DIRECTION('',(0.,0.,1.));
#1623 = ORIENTED_EDGE('',*,*,#1624,.T.);
#1624 = EDGE_CURVE('',#1617,#1593,#1625,.T.);
#1625 = LINE('',#1626,#1627);
#1626 = CARTESIAN_POINT('',(10.,21.4,14.4));
#1627 = VECTOR('',#1628,1.);
#1628 = DIRECTION('',(1.,0.,0.));
#1629 = ORIENTED_EDGE('',*,*,#1592,.F.);
#1630 = ORIENTED_EDGE('',*,*,#553,.F.);
#1631 = PLANE('',#1632);
#1632 = AXIS2_PLACEMENT_3D('',#1633,#1634,#1635);
#1633 = CARTESIAN_POINT('',(10.,21.4,10.5));
#1634 = DIRECTION('',(0.,1.,0.));
#1635 = DIRECTION('',(1.,0.,0.));
#1636 = ADVANCED_FACE('',(#1637),#1655,.T.);
#1637 = FACE_BOUND('',#1638,.T.);
#1638 = EDGE_LOOP('',(#1639,#1647,#1653,#1654));
#1639 = ORIENTED_EDGE('',*,*,#1640,.T.);
#1640 = EDGE_CURVE('',#538,#1641,#1643,.T.);
#1641 = VERTEX_POINT('',#1642);
#1642 = CARTESIAN_POINT('',(10.,41.35,14.4));
#1643 = LINE('',#1644,#1645);
#1644 = CARTESIAN_POINT('',(10.,41.35,10.5));
#1645 = VECTOR('',#1646,1.);
#1646 = DIRECTION('',(0.,0.,1.));
#1647 = ORIENTED_EDGE('',*,*,#1648,.T.);
#1648 = EDGE_CURVE('',#1641,#1617,#1649,.T.);
#1649 = LINE('',#1650,#1651);
#1650 = CARTESIAN_POINT('',(10.,41.35,14.4));
#1651 = VECTOR('',#1652,1.);
#1652 = DIRECTION('',(0.,-1.,0.));
#1653 = ORIENTED_EDGE('',*,*,#1616,.F.);
#1654 = ORIENTED_EDGE('',*,*,#545,.F.);
#1655 = PLANE('',#1656);
#1656 = AXIS2_PLACEMENT_3D('',#1657,#1658,#1659);
#1657 = CARTESIAN_POINT('',(10.,41.35,10.5));
#1658 = DIRECTION('',(1.,0.,0.));
#1659 = DIRECTION('',(0.,-1.,0.));
#1660 = ADVANCED_FACE('',(#1661),#1679,.T.);
#1661 = FACE_BOUND('',#1662,.T.);
#1662 = EDGE_LOOP('',(#1663,#1671,#1677,#1678));
#1663 = ORIENTED_EDGE('',*,*,#1664,.T.);
#1664 = EDGE_CURVE('',#530,#1665,#1667,.T.);
#1665 = VERTEX_POINT('',#1666);
#1666 = CARTESIAN_POINT('',(51.,41.35,14.4));
#1667 = LINE('',#1668,#1669);
#1668 = CARTESIAN_POINT('',(51.,41.35,10.5));
#1669 = VECTOR('',#1670,1.);
#1670 = DIRECTION('',(0.,0.,1.));
#1671 = ORIENTED_EDGE('',*,*,#1672,.T.);
#1672 = EDGE_CURVE('',#1665,#1641,#1673,.T.);
#1673 = LINE('',#1674,#1675);
#1674 = CARTESIAN_POINT('',(51.,41.35,14.4));
#1675 = VECTOR('',#1676,1.);
#1676 = DIRECTION('',(-1.,0.,0.));
#1677 = ORIENTED_EDGE('',*,*,#1640,.F.);
#1678 = ORIENTED_EDGE('',*,*,#537,.F.);
#1679 = PLANE('',#1680);
#1680 = AXIS2_PLACEMENT_3D('',#1681,#1682,#1683);
#1681 = CARTESIAN_POINT('',(51.,41.35,10.5));
#1682 = DIRECTION('',(0.,-1.,0.));
#1683 = DIRECTION('',(-1.,0.,0.));
#1684 = ADVANCED_FACE('',(#1685),#1703,.T.);
#1685 = FACE_BOUND('',#1686,.T.);
#1686 = EDGE_LOOP('',(#1687,#1695,#1701,#1702));
#1687 = ORIENTED_EDGE('',*,*,#1688,.T.);
#1688 = EDGE_CURVE('',#522,#1689,#1691,.T.);
#1689 = VERTEX_POINT('',#1690);
#1690 = CARTESIAN_POINT('',(51.,18.9,14.4));
#1691 = LINE('',#1692,#1693);
#1692 = CARTESIAN_POINT('',(51.,18.9,10.5));
#1693 = VECTOR('',#1694,1.);
#1694 = DIRECTION('',(0.,0.,1.));
#1695 = ORIENTED_EDGE('',*,*,#1696,.T.);
#1696 = EDGE_CURVE('',#1689,#1665,#1697,.T.);
#1697 = LINE('',#1698,#1699);
#1698 = CARTESIAN_POINT('',(51.,18.9,14.4));
#1699 = VECTOR('',#1700,1.);
#1700 = DIRECTION('',(0.,1.,0.));
#1701 = ORIENTED_EDGE('',*,*,#1664,.F.);
#1702 = ORIENTED_EDGE('',*,*,#529,.F.);
#1703 = PLANE('',#1704);
#1704 = AXIS2_PLACEMENT_3D('',#1705,#1706,#1707);
#1705 = CARTESIAN_POINT('',(51.,18.9,10.5));
#1706 = DIRECTION('',(-1.,0.,0.));
#1707 = DIRECTION('',(0.,1.,0.));
#1708 = ADVANCED_FACE('',(#1709),#1720,.T.);
#1709 = FACE_BOUND('',#1710,.T.);
#1710 = EDGE_LOOP('',(#1711,#1712,#1718,#1719));
#1711 = ORIENTED_EDGE('',*,*,#1174,.T.);
#1712 = ORIENTED_EDGE('',*,*,#1713,.T.);
#1713 = EDGE_CURVE('',#1167,#1689,#1714,.T.);
#1714 = LINE('',#1715,#1716);
#1715 = CARTESIAN_POINT('',(53.5,18.9,14.4));
#1716 = VECTOR('',#1717,1.);
#1717 = DIRECTION('',(-1.,0.,0.));
#1718 = ORIENTED_EDGE('',*,*,#1688,.F.);
#1719 = ORIENTED_EDGE('',*,*,#521,.F.);
#1720 = PLANE('',#1721);
#1721 = AXIS2_PLACEMENT_3D('',#1722,#1723,#1724);
#1722 = CARTESIAN_POINT('',(53.5,18.9,10.5));
#1723 = DIRECTION('',(0.,-1.,0.));
#1724 = DIRECTION('',(-1.,0.,0.));
#1725 = ADVANCED_FACE('',(#1726),#1776,.T.);
#1726 = FACE_BOUND('',#1727,.T.);
#1727 = EDGE_LOOP('',(#1728,#1738,#1744,#1745,#1746,#1754,#1762,#1770));
#1728 = ORIENTED_EDGE('',*,*,#1729,.T.);
#1729 = EDGE_CURVE('',#1730,#1732,#1734,.T.);
#1730 = VERTEX_POINT('',#1731);
#1731 = CARTESIAN_POINT('',(51.1,3.05,-2.7));
#1732 = VERTEX_POINT('',#1733);
#1733 = CARTESIAN_POINT('',(51.1,3.05,3.2));
#1734 = LINE('',#1735,#1736);
#1735 = CARTESIAN_POINT('',(51.1,3.05,-2.7));
#1736 = VECTOR('',#1737,1.);
#1737 = DIRECTION('',(0.,2.2E-16,1.));
#1738 = ORIENTED_EDGE('',*,*,#1739,.T.);
#1739 = EDGE_CURVE('',#1732,#1234,#1740,.T.);
#1740 = LINE('',#1741,#1742);
#1741 = CARTESIAN_POINT('',(51.1,-5.5,3.2));
#1742 = VECTOR('',#1743,1.);
#1743 = DIRECTION('',(-0.,1.,0.));
#1744 = ORIENTED_EDGE('',*,*,#1233,.T.);
#1745 = ORIENTED_EDGE('',*,*,#497,.T.);
#1746 = ORIENTED_EDGE('',*,*,#1747,.F.);
#1747 = EDGE_CURVE('',#1748,#490,#1750,.T.);
#1748 = VERTEX_POINT('',#1749);
#1749 = CARTESIAN_POINT('',(51.1,-3.9,3.2));
#1750 = LINE('',#1751,#1752);
#1751 = CARTESIAN_POINT('',(51.1,-3.9,0.));
#1752 = VECTOR('',#1753,1.);
#1753 = DIRECTION('',(0.,0.,1.));
#1754 = ORIENTED_EDGE('',*,*,#1755,.T.);
#1755 = EDGE_CURVE('',#1748,#1756,#1758,.T.);
#1756 = VERTEX_POINT('',#1757);
#1757 = CARTESIAN_POINT('',(51.1,-3.05,3.2));
#1758 = LINE('',#1759,#1760);
#1759 = CARTESIAN_POINT('',(51.1,-5.5,3.2));
#1760 = VECTOR('',#1761,1.);
#1761 = DIRECTION('',(-0.,1.,0.));
#1762 = ORIENTED_EDGE('',*,*,#1763,.F.);
#1763 = EDGE_CURVE('',#1764,#1756,#1766,.T.);
#1764 = VERTEX_POINT('',#1765);
#1765 = CARTESIAN_POINT('',(51.1,-3.05,-2.7));
#1766 = LINE('',#1767,#1768);
#1767 = CARTESIAN_POINT('',(51.1,-3.05,-2.7));
#1768 = VECTOR('',#1769,1.);
#1769 = DIRECTION('',(0.,2.2E-16,1.));
#1770 = ORIENTED_EDGE('',*,*,#1771,.F.);
#1771 = EDGE_CURVE('',#1730,#1764,#1772,.T.);
#1772 = LINE('',#1773,#1774);
#1773 = CARTESIAN_POINT('',(51.1,3.05,-2.7));
#1774 = VECTOR('',#1775,1.);
#1775 = DIRECTION('',(0.,-1.,2.2E-16));
#1776 = PLANE('',#1777);
#1777 = AXIS2_PLACEMENT_3D('',#1778,#1779,#1780);
#1778 = CARTESIAN_POINT('',(51.1,-5.E-17,5.854693877551));
#1779 = DIRECTION('',(1.,0.,-4.E-16));
#1780 = DIRECTION('',(4.E-16,0.,1.));
#1781 = ADVANCED_FACE('',(#1782),#1824,.F.);
#1782 = FACE_BOUND('',#1783,.T.);
#1783 = EDGE_LOOP('',(#1784,#1794,#1800,#1801,#1802,#1810,#1818));
#1784 = ORIENTED_EDGE('',*,*,#1785,.F.);
#1785 = EDGE_CURVE('',#1786,#1788,#1790,.T.);
#1786 = VERTEX_POINT('',#1787);
#1787 = CARTESIAN_POINT('',(51.1,-3.9,0.));
#1788 = VERTEX_POINT('',#1789);
#1789 = CARTESIAN_POINT('',(52.5,-3.9,0.));
#1790 = LINE('',#1791,#1792);
#1791 = CARTESIAN_POINT('',(51.1,-3.9,0.));
#1792 = VECTOR('',#1793,1.);
#1793 = DIRECTION('',(1.,0.,0.));
#1794 = ORIENTED_EDGE('',*,*,#1795,.T.);
#1795 = EDGE_CURVE('',#1786,#1748,#1796,.T.);
#1796 = LINE('',#1797,#1798);
#1797 = CARTESIAN_POINT('',(51.1,-3.9,0.));
#1798 = VECTOR('',#1799,1.);
#1799 = DIRECTION('',(0.,0.,1.));
#1800 = ORIENTED_EDGE('',*,*,#1747,.T.);
#1801 = ORIENTED_EDGE('',*,*,#489,.T.);
#1802 = ORIENTED_EDGE('',*,*,#1803,.F.);
#1803 = EDGE_CURVE('',#1804,#482,#1806,.T.);
#1804 = VERTEX_POINT('',#1805);
#1805 = CARTESIAN_POINT('',(53.5,-3.9,1.5));
#1806 = LINE('',#1807,#1808);
#1807 = CARTESIAN_POINT('',(53.5,-3.9,0.));
#1808 = VECTOR('',#1809,1.);
#1809 = DIRECTION('',(0.,0.,1.));
#1810 = ORIENTED_EDGE('',*,*,#1811,.F.);
#1811 = EDGE_CURVE('',#1812,#1804,#1814,.T.);
#1812 = VERTEX_POINT('',#1813);
#1813 = CARTESIAN_POINT('',(52.5,-3.9,1.5));
#1814 = LINE('',#1815,#1816);
#1815 = CARTESIAN_POINT('',(25.55,-3.9,1.5));
#1816 = VECTOR('',#1817,1.);
#1817 = DIRECTION('',(1.,0.,0.));
#1818 = ORIENTED_EDGE('',*,*,#1819,.T.);
#1819 = EDGE_CURVE('',#1812,#1788,#1820,.T.);
#1820 = LINE('',#1821,#1822);
#1821 = CARTESIAN_POINT('',(52.5,-3.9,0.));
#1822 = VECTOR('',#1823,1.);
#1823 = DIRECTION('',(0.,0.,-1.));
#1824 = PLANE('',#1825);
#1825 = AXIS2_PLACEMENT_3D('',#1826,#1827,#1828);
#1826 = CARTESIAN_POINT('',(51.1,-3.9,0.));
#1827 = DIRECTION('',(-0.,-1.,-0.));
#1828 = DIRECTION('',(-1.,0.,0.));
#1829 = ADVANCED_FACE('',(#1830),#1864,.T.);
#1830 = FACE_BOUND('',#1831,.T.);
#1831 = EDGE_LOOP('',(#1832,#1842,#1850,#1856,#1857,#1858));
#1832 = ORIENTED_EDGE('',*,*,#1833,.T.);
#1833 = EDGE_CURVE('',#1834,#1836,#1838,.T.);
#1834 = VERTEX_POINT('',#1835);
#1835 = CARTESIAN_POINT('',(53.5,-17.85,14.4));
#1836 = VERTEX_POINT('',#1837);
#1837 = CARTESIAN_POINT('',(53.5,-41.85,14.4));
#1838 = LINE('',#1839,#1840);
#1839 = CARTESIAN_POINT('',(53.5,-17.85,14.4));
#1840 = VECTOR('',#1841,1.);
#1841 = DIRECTION('',(2.7E-16,-1.,0.));
#1842 = ORIENTED_EDGE('',*,*,#1843,.F.);
#1843 = EDGE_CURVE('',#1844,#1836,#1846,.T.);
#1844 = VERTEX_POINT('',#1845);
#1845 = CARTESIAN_POINT('',(53.5,-41.85,1.5));
#1846 = LINE('',#1847,#1848);
#1847 = CARTESIAN_POINT('',(53.5,-41.85,1.5));
#1848 = VECTOR('',#1849,1.);
#1849 = DIRECTION('',(0.,0.,1.));
#1850 = ORIENTED_EDGE('',*,*,#1851,.F.);
#1851 = EDGE_CURVE('',#1804,#1844,#1852,.T.);
#1852 = LINE('',#1853,#1854);
#1853 = CARTESIAN_POINT('',(53.5,43.85,1.5));
#1854 = VECTOR('',#1855,1.);
#1855 = DIRECTION('',(0.,-1.,0.));
#1856 = ORIENTED_EDGE('',*,*,#1803,.T.);
#1857 = ORIENTED_EDGE('',*,*,#481,.F.);
#1858 = ORIENTED_EDGE('',*,*,#1859,.T.);
#1859 = EDGE_CURVE('',#474,#1834,#1860,.T.);
#1860 = LINE('',#1861,#1862);
#1861 = CARTESIAN_POINT('',(53.5,-17.85,10.5));
#1862 = VECTOR('',#1863,1.);
#1863 = DIRECTION('',(0.,0.,1.));
#1864 = PLANE('',#1865);
#1865 = AXIS2_PLACEMENT_3D('',#1866,#1867,#1868);
#1866 = CARTESIAN_POINT('',(53.5,-24.38971144749,7.435288552507));
#1867 = DIRECTION('',(1.,0.,2.4E-16));
#1868 = DIRECTION('',(-2.4E-16,0.,1.));
#1869 = ADVANCED_FACE('',(#1870),#1927,.T.);
#1870 = FACE_BOUND('',#1871,.T.);
#1871 = EDGE_LOOP('',(#1872,#1873,#1881,#1889,#1897,#1903,#1904,#1905,
    #1913,#1921));
#1872 = ORIENTED_EDGE('',*,*,#441,.T.);
#1873 = ORIENTED_EDGE('',*,*,#1874,.T.);
#1874 = EDGE_CURVE('',#434,#1875,#1877,.T.);
#1875 = VERTEX_POINT('',#1876);
#1876 = CARTESIAN_POINT('',(23.5,-17.85,12.4));
#1877 = LINE('',#1878,#1879);
#1878 = CARTESIAN_POINT('',(23.5,-17.85,10.5));
#1879 = VECTOR('',#1880,1.);
#1880 = DIRECTION('',(0.,0.,1.));
#1881 = ORIENTED_EDGE('',*,*,#1882,.T.);
#1882 = EDGE_CURVE('',#1875,#1883,#1885,.T.);
#1883 = VERTEX_POINT('',#1884);
#1884 = CARTESIAN_POINT('',(49.5,-17.85,12.4));
#1885 = LINE('',#1886,#1887);
#1886 = CARTESIAN_POINT('',(23.5,-17.85,12.4));
#1887 = VECTOR('',#1888,1.);
#1888 = DIRECTION('',(1.,-0.,-0.));
#1889 = ORIENTED_EDGE('',*,*,#1890,.T.);
#1890 = EDGE_CURVE('',#1883,#1891,#1893,.T.);
#1891 = VERTEX_POINT('',#1892);
#1892 = CARTESIAN_POINT('',(49.5,-17.85,14.4));
#1893 = LINE('',#1894,#1895);
#1894 = CARTESIAN_POINT('',(49.5,-17.85,12.4));
#1895 = VECTOR('',#1896,1.);
#1896 = DIRECTION('',(0.,0.,1.));
#1897 = ORIENTED_EDGE('',*,*,#1898,.T.);
#1898 = EDGE_CURVE('',#1891,#1834,#1899,.T.);
#1899 = LINE('',#1900,#1901);
#1900 = CARTESIAN_POINT('',(23.5,-17.85,14.4));
#1901 = VECTOR('',#1902,1.);
#1902 = DIRECTION('',(1.,0.,0.));
#1903 = ORIENTED_EDGE('',*,*,#1859,.F.);
#1904 = ORIENTED_EDGE('',*,*,#473,.F.);
#1905 = ORIENTED_EDGE('',*,*,#1906,.T.);
#1906 = EDGE_CURVE('',#466,#1907,#1909,.T.);
#1907 = VERTEX_POINT('',#1908);
#1908 = CARTESIAN_POINT('',(50.499999999973,-17.85,7.7));
#1909 = LINE('',#1910,#1911);
#1910 = CARTESIAN_POINT('',(50.499999999973,-17.85,10.5));
#1911 = VECTOR('',#1912,1.);
#1912 = DIRECTION('',(-0.,-0.,-1.));
#1913 = ORIENTED_EDGE('',*,*,#1914,.F.);
#1914 = EDGE_CURVE('',#1915,#1907,#1917,.T.);
#1915 = VERTEX_POINT('',#1916);
#1916 = CARTESIAN_POINT('',(22.5,-17.85,7.7));
#1917 = LINE('',#1918,#1919);
#1918 = CARTESIAN_POINT('',(11.25,-17.85,7.7));
#1919 = VECTOR('',#1920,1.);
#1920 = DIRECTION('',(1.,0.,0.));
#1921 = ORIENTED_EDGE('',*,*,#1922,.F.);
#1922 = EDGE_CURVE('',#442,#1915,#1923,.T.);
#1923 = LINE('',#1924,#1925);
#1924 = CARTESIAN_POINT('',(22.5,-17.85,10.5));
#1925 = VECTOR('',#1926,1.);
#1926 = DIRECTION('',(-0.,-0.,-1.));
#1927 = PLANE('',#1928);
#1928 = AXIS2_PLACEMENT_3D('',#1929,#1930,#1931);
#1929 = CARTESIAN_POINT('',(37.940318302386,-17.85,11.109681697614));
#1930 = DIRECTION('',(0.,1.,5.2E-16));
#1931 = DIRECTION('',(0.,-5.2E-16,1.));
#1932 = ADVANCED_FACE('',(#1933),#1951,.F.);
#1933 = FACE_BOUND('',#1934,.F.);
#1934 = EDGE_LOOP('',(#1935,#1936,#1937,#1945));
#1935 = ORIENTED_EDGE('',*,*,#465,.F.);
#1936 = ORIENTED_EDGE('',*,*,#1906,.T.);
#1937 = ORIENTED_EDGE('',*,*,#1938,.T.);
#1938 = EDGE_CURVE('',#1907,#1939,#1941,.T.);
#1939 = VERTEX_POINT('',#1940);
#1940 = CARTESIAN_POINT('',(50.499999999973,-13.85000000002,7.7));
#1941 = LINE('',#1942,#1943);
#1942 = CARTESIAN_POINT('',(50.499999999973,-8.925,7.7));
#1943 = VECTOR('',#1944,1.);
#1944 = DIRECTION('',(0.,1.,0.));
#1945 = ORIENTED_EDGE('',*,*,#1946,.F.);
#1946 = EDGE_CURVE('',#458,#1939,#1947,.T.);
#1947 = LINE('',#1948,#1949);
#1948 = CARTESIAN_POINT('',(50.499999999973,-13.85000000002,10.5));
#1949 = VECTOR('',#1950,1.);
#1950 = DIRECTION('',(-0.,-0.,-1.));
#1951 = PLANE('',#1952);
#1952 = AXIS2_PLACEMENT_3D('',#1953,#1954,#1955);
#1953 = CARTESIAN_POINT('',(50.499999999973,-17.85,10.5));
#1954 = DIRECTION('',(1.,0.,0.));
#1955 = DIRECTION('',(0.,1.,0.));
#1956 = ADVANCED_FACE('',(#1957),#1975,.F.);
#1957 = FACE_BOUND('',#1958,.F.);
#1958 = EDGE_LOOP('',(#1959,#1960,#1961,#1969));
#1959 = ORIENTED_EDGE('',*,*,#457,.F.);
#1960 = ORIENTED_EDGE('',*,*,#1946,.T.);
#1961 = ORIENTED_EDGE('',*,*,#1962,.T.);
#1962 = EDGE_CURVE('',#1939,#1963,#1965,.T.);
#1963 = VERTEX_POINT('',#1964);
#1964 = CARTESIAN_POINT('',(22.5,-13.85000000002,7.7));
#1965 = LINE('',#1966,#1967);
#1966 = CARTESIAN_POINT('',(25.249999999986,-13.85000000002,7.7));
#1967 = VECTOR('',#1968,1.);
#1968 = DIRECTION('',(-1.,0.,0.));
#1969 = ORIENTED_EDGE('',*,*,#1970,.F.);
#1970 = EDGE_CURVE('',#450,#1963,#1971,.T.);
#1971 = LINE('',#1972,#1973);
#1972 = CARTESIAN_POINT('',(22.5,-13.85000000002,10.5));
#1973 = VECTOR('',#1974,1.);
#1974 = DIRECTION('',(-0.,-0.,-1.));
#1975 = PLANE('',#1976);
#1976 = AXIS2_PLACEMENT_3D('',#1977,#1978,#1979);
#1977 = CARTESIAN_POINT('',(50.499999999973,-13.85000000002,10.5));
#1978 = DIRECTION('',(0.,1.,0.));
#1979 = DIRECTION('',(-1.,0.,0.));
#1980 = ADVANCED_FACE('',(#1981),#1992,.F.);
#1981 = FACE_BOUND('',#1982,.F.);
#1982 = EDGE_LOOP('',(#1983,#1984,#1985,#1991));
#1983 = ORIENTED_EDGE('',*,*,#449,.F.);
#1984 = ORIENTED_EDGE('',*,*,#1970,.T.);
#1985 = ORIENTED_EDGE('',*,*,#1986,.T.);
#1986 = EDGE_CURVE('',#1963,#1915,#1987,.T.);
#1987 = LINE('',#1988,#1989);
#1988 = CARTESIAN_POINT('',(22.5,-6.925000000013,7.7));
#1989 = VECTOR('',#1990,1.);
#1990 = DIRECTION('',(0.,-1.,0.));
#1991 = ORIENTED_EDGE('',*,*,#1922,.F.);
#1992 = PLANE('',#1993);
#1993 = AXIS2_PLACEMENT_3D('',#1994,#1995,#1996);
#1994 = CARTESIAN_POINT('',(22.5,-13.85000000002,10.5));
#1995 = DIRECTION('',(-1.,0.,0.));
#1996 = DIRECTION('',(0.,-1.,0.));
#1997 = ADVANCED_FACE('',(#1998),#2032,.T.);
#1998 = FACE_BOUND('',#1999,.T.);
#1999 = EDGE_LOOP('',(#2000,#2008,#2016,#2024,#2030,#2031));
#2000 = ORIENTED_EDGE('',*,*,#2001,.T.);
#2001 = EDGE_CURVE('',#426,#2002,#2004,.T.);
#2002 = VERTEX_POINT('',#2003);
#2003 = CARTESIAN_POINT('',(23.5,-20.35,14.4));
#2004 = LINE('',#2005,#2006);
#2005 = CARTESIAN_POINT('',(23.5,-20.35,10.5));
#2006 = VECTOR('',#2007,1.);
#2007 = DIRECTION('',(0.,0.,1.));
#2008 = ORIENTED_EDGE('',*,*,#2009,.T.);
#2009 = EDGE_CURVE('',#2002,#2010,#2012,.T.);
#2010 = VERTEX_POINT('',#2011);
#2011 = CARTESIAN_POINT('',(23.5,-15.85,14.4));
#2012 = LINE('',#2013,#2014);
#2013 = CARTESIAN_POINT('',(23.5,-20.35,14.4));
#2014 = VECTOR('',#2015,1.);
#2015 = DIRECTION('',(0.,1.,0.));
#2016 = ORIENTED_EDGE('',*,*,#2017,.T.);
#2017 = EDGE_CURVE('',#2010,#2018,#2020,.T.);
#2018 = VERTEX_POINT('',#2019);
#2019 = CARTESIAN_POINT('',(23.5,-15.85,12.4));
#2020 = LINE('',#2021,#2022);
#2021 = CARTESIAN_POINT('',(23.5,-15.85,14.4));
#2022 = VECTOR('',#2023,1.);
#2023 = DIRECTION('',(0.,-0.,-1.));
#2024 = ORIENTED_EDGE('',*,*,#2025,.F.);
#2025 = EDGE_CURVE('',#1875,#2018,#2026,.T.);
#2026 = LINE('',#2027,#2028);
#2027 = CARTESIAN_POINT('',(23.5,-17.85,12.4));
#2028 = VECTOR('',#2029,1.);
#2029 = DIRECTION('',(0.,1.,-2.2E-16));
#2030 = ORIENTED_EDGE('',*,*,#1874,.F.);
#2031 = ORIENTED_EDGE('',*,*,#433,.F.);
#2032 = PLANE('',#2033);
#2033 = AXIS2_PLACEMENT_3D('',#2034,#2035,#2036);
#2034 = CARTESIAN_POINT('',(23.5,-18.32619047619,12.67619047619));
#2035 = DIRECTION('',(-1.,-7.1E-16,-0.));
#2036 = DIRECTION('',(7.1E-16,-1.,0.));
#2037 = ADVANCED_FACE('',(#2038),#2056,.T.);
#2038 = FACE_BOUND('',#2039,.T.);
#2039 = EDGE_LOOP('',(#2040,#2048,#2054,#2055));
#2040 = ORIENTED_EDGE('',*,*,#2041,.T.);
#2041 = EDGE_CURVE('',#418,#2042,#2044,.T.);
#2042 = VERTEX_POINT('',#2043);
#2043 = CARTESIAN_POINT('',(51.,-20.35,14.4));
#2044 = LINE('',#2045,#2046);
#2045 = CARTESIAN_POINT('',(51.,-20.35,10.5));
#2046 = VECTOR('',#2047,1.);
#2047 = DIRECTION('',(0.,0.,1.));
#2048 = ORIENTED_EDGE('',*,*,#2049,.T.);
#2049 = EDGE_CURVE('',#2042,#2002,#2050,.T.);
#2050 = LINE('',#2051,#2052);
#2051 = CARTESIAN_POINT('',(51.,-20.35,14.4));
#2052 = VECTOR('',#2053,1.);
#2053 = DIRECTION('',(-1.,0.,0.));
#2054 = ORIENTED_EDGE('',*,*,#2001,.F.);
#2055 = ORIENTED_EDGE('',*,*,#425,.F.);
#2056 = PLANE('',#2057);
#2057 = AXIS2_PLACEMENT_3D('',#2058,#2059,#2060);
#2058 = CARTESIAN_POINT('',(51.,-20.35,10.5));
#2059 = DIRECTION('',(0.,-1.,0.));
#2060 = DIRECTION('',(-1.,0.,0.));
#2061 = ADVANCED_FACE('',(#2062),#2080,.T.);
#2062 = FACE_BOUND('',#2063,.T.);
#2063 = EDGE_LOOP('',(#2064,#2072,#2078,#2079));
#2064 = ORIENTED_EDGE('',*,*,#2065,.T.);
#2065 = EDGE_CURVE('',#410,#2066,#2068,.T.);
#2066 = VERTEX_POINT('',#2067);
#2067 = CARTESIAN_POINT('',(51.,-41.35,14.4));
#2068 = LINE('',#2069,#2070);
#2069 = CARTESIAN_POINT('',(51.,-41.35,10.5));
#2070 = VECTOR('',#2071,1.);
#2071 = DIRECTION('',(0.,0.,1.));
#2072 = ORIENTED_EDGE('',*,*,#2073,.T.);
#2073 = EDGE_CURVE('',#2066,#2042,#2074,.T.);
#2074 = LINE('',#2075,#2076);
#2075 = CARTESIAN_POINT('',(51.,-41.35,14.4));
#2076 = VECTOR('',#2077,1.);
#2077 = DIRECTION('',(0.,1.,0.));
#2078 = ORIENTED_EDGE('',*,*,#2041,.F.);
#2079 = ORIENTED_EDGE('',*,*,#417,.F.);
#2080 = PLANE('',#2081);
#2081 = AXIS2_PLACEMENT_3D('',#2082,#2083,#2084);
#2082 = CARTESIAN_POINT('',(51.,-41.35,10.5));
#2083 = DIRECTION('',(-1.,0.,0.));
#2084 = DIRECTION('',(0.,1.,0.));
#2085 = ADVANCED_FACE('',(#2086),#2104,.T.);
#2086 = FACE_BOUND('',#2087,.T.);
#2087 = EDGE_LOOP('',(#2088,#2096,#2102,#2103));
#2088 = ORIENTED_EDGE('',*,*,#2089,.T.);
#2089 = EDGE_CURVE('',#402,#2090,#2092,.T.);
#2090 = VERTEX_POINT('',#2091);
#2091 = CARTESIAN_POINT('',(-51.,-41.35,14.4));
#2092 = LINE('',#2093,#2094);
#2093 = CARTESIAN_POINT('',(-51.,-41.35,10.5));
#2094 = VECTOR('',#2095,1.);
#2095 = DIRECTION('',(0.,0.,1.));
#2096 = ORIENTED_EDGE('',*,*,#2097,.T.);
#2097 = EDGE_CURVE('',#2090,#2066,#2098,.T.);
#2098 = LINE('',#2099,#2100);
#2099 = CARTESIAN_POINT('',(0.,-41.35,14.4));
#2100 = VECTOR('',#2101,1.);
#2101 = DIRECTION('',(1.,0.,0.));
#2102 = ORIENTED_EDGE('',*,*,#2065,.F.);
#2103 = ORIENTED_EDGE('',*,*,#409,.T.);
#2104 = PLANE('',#2105);
#2105 = AXIS2_PLACEMENT_3D('',#2106,#2107,#2108);
#2106 = CARTESIAN_POINT('',(4.29E-15,-41.35,12.45));
#2107 = DIRECTION('',(0.,1.,0.));
#2108 = DIRECTION('',(0.,0.,1.));
#2109 = ADVANCED_FACE('',(#2110),#2128,.F.);
#2110 = FACE_BOUND('',#2111,.F.);
#2111 = EDGE_LOOP('',(#2112,#2113,#2121,#2127));
#2112 = ORIENTED_EDGE('',*,*,#2089,.T.);
#2113 = ORIENTED_EDGE('',*,*,#2114,.T.);
#2114 = EDGE_CURVE('',#2090,#2115,#2117,.T.);
#2115 = VERTEX_POINT('',#2116);
#2116 = CARTESIAN_POINT('',(-51.,-20.35,14.4));
#2117 = LINE('',#2118,#2119);
#2118 = CARTESIAN_POINT('',(-51.,-41.35,14.4));
#2119 = VECTOR('',#2120,1.);
#2120 = DIRECTION('',(0.,1.,0.));
#2121 = ORIENTED_EDGE('',*,*,#2122,.F.);
#2122 = EDGE_CURVE('',#394,#2115,#2123,.T.);
#2123 = LINE('',#2124,#2125);
#2124 = CARTESIAN_POINT('',(-51.,-20.35,10.5));
#2125 = VECTOR('',#2126,1.);
#2126 = DIRECTION('',(0.,0.,1.));
#2127 = ORIENTED_EDGE('',*,*,#401,.F.);
#2128 = PLANE('',#2129);
#2129 = AXIS2_PLACEMENT_3D('',#2130,#2131,#2132);
#2130 = CARTESIAN_POINT('',(-51.,-41.35,10.5));
#2131 = DIRECTION('',(-1.,0.,0.));
#2132 = DIRECTION('',(0.,1.,0.));
#2133 = ADVANCED_FACE('',(#2134),#2152,.F.);
#2134 = FACE_BOUND('',#2135,.F.);
#2135 = EDGE_LOOP('',(#2136,#2137,#2145,#2151));
#2136 = ORIENTED_EDGE('',*,*,#2122,.T.);
#2137 = ORIENTED_EDGE('',*,*,#2138,.T.);
#2138 = EDGE_CURVE('',#2115,#2139,#2141,.T.);
#2139 = VERTEX_POINT('',#2140);
#2140 = CARTESIAN_POINT('',(-23.5,-20.35,14.4));
#2141 = LINE('',#2142,#2143);
#2142 = CARTESIAN_POINT('',(-51.,-20.35,14.4));
#2143 = VECTOR('',#2144,1.);
#2144 = DIRECTION('',(1.,0.,0.));
#2145 = ORIENTED_EDGE('',*,*,#2146,.F.);
#2146 = EDGE_CURVE('',#386,#2139,#2147,.T.);
#2147 = LINE('',#2148,#2149);
#2148 = CARTESIAN_POINT('',(-23.5,-20.35,10.5));
#2149 = VECTOR('',#2150,1.);
#2150 = DIRECTION('',(0.,0.,1.));
#2151 = ORIENTED_EDGE('',*,*,#393,.F.);
#2152 = PLANE('',#2153);
#2153 = AXIS2_PLACEMENT_3D('',#2154,#2155,#2156);
#2154 = CARTESIAN_POINT('',(-51.,-20.35,10.5));
#2155 = DIRECTION('',(0.,1.,0.));
#2156 = DIRECTION('',(1.,0.,0.));
#2157 = ADVANCED_FACE('',(#2158),#2192,.T.);
#2158 = FACE_BOUND('',#2159,.T.);
#2159 = EDGE_LOOP('',(#2160,#2161,#2162,#2170,#2178,#2186));
#2160 = ORIENTED_EDGE('',*,*,#2146,.F.);
#2161 = ORIENTED_EDGE('',*,*,#385,.T.);
#2162 = ORIENTED_EDGE('',*,*,#2163,.T.);
#2163 = EDGE_CURVE('',#378,#2164,#2166,.T.);
#2164 = VERTEX_POINT('',#2165);
#2165 = CARTESIAN_POINT('',(-23.5,-17.85,12.4));
#2166 = LINE('',#2167,#2168);
#2167 = CARTESIAN_POINT('',(-23.5,-17.85,10.5));
#2168 = VECTOR('',#2169,1.);
#2169 = DIRECTION('',(0.,0.,1.));
#2170 = ORIENTED_EDGE('',*,*,#2171,.T.);
#2171 = EDGE_CURVE('',#2164,#2172,#2174,.T.);
#2172 = VERTEX_POINT('',#2173);
#2173 = CARTESIAN_POINT('',(-23.5,-15.85,12.4));
#2174 = LINE('',#2175,#2176);
#2175 = CARTESIAN_POINT('',(-23.5,-17.85,12.4));
#2176 = VECTOR('',#2177,1.);
#2177 = DIRECTION('',(0.,1.,-2.2E-16));
#2178 = ORIENTED_EDGE('',*,*,#2179,.F.);
#2179 = EDGE_CURVE('',#2180,#2172,#2182,.T.);
#2180 = VERTEX_POINT('',#2181);
#2181 = CARTESIAN_POINT('',(-23.5,-15.85,14.4));
#2182 = LINE('',#2183,#2184);
#2183 = CARTESIAN_POINT('',(-23.5,-15.85,14.4));
#2184 = VECTOR('',#2185,1.);
#2185 = DIRECTION('',(0.,0.,-1.));
#2186 = ORIENTED_EDGE('',*,*,#2187,.F.);
#2187 = EDGE_CURVE('',#2139,#2180,#2188,.T.);
#2188 = LINE('',#2189,#2190);
#2189 = CARTESIAN_POINT('',(-23.5,-17.85,14.4));
#2190 = VECTOR('',#2191,1.);
#2191 = DIRECTION('',(0.,1.,-2.2E-16));
#2192 = PLANE('',#2193);
#2193 = AXIS2_PLACEMENT_3D('',#2194,#2195,#2196);
#2194 = CARTESIAN_POINT('',(-23.5,-18.32619047619,12.67619047619));
#2195 = DIRECTION('',(1.,0.,0.));
#2196 = DIRECTION('',(0.,0.,1.));
#2197 = ADVANCED_FACE('',(#2198),#2255,.T.);
#2198 = FACE_BOUND('',#2199,.T.);
#2199 = EDGE_LOOP('',(#2200,#2201,#2202,#2210,#2218,#2224,#2225,#2233,
    #2241,#2249));
#2200 = ORIENTED_EDGE('',*,*,#2163,.F.);
#2201 = ORIENTED_EDGE('',*,*,#377,.T.);
#2202 = ORIENTED_EDGE('',*,*,#2203,.T.);
#2203 = EDGE_CURVE('',#370,#2204,#2206,.T.);
#2204 = VERTEX_POINT('',#2205);
#2205 = CARTESIAN_POINT('',(-22.5,-17.85,7.7));
#2206 = LINE('',#2207,#2208);
#2207 = CARTESIAN_POINT('',(-22.5,-17.85,10.5));
#2208 = VECTOR('',#2209,1.);
#2209 = DIRECTION('',(-0.,-0.,-1.));
#2210 = ORIENTED_EDGE('',*,*,#2211,.F.);
#2211 = EDGE_CURVE('',#2212,#2204,#2214,.T.);
#2212 = VERTEX_POINT('',#2213);
#2213 = CARTESIAN_POINT('',(-50.5,-17.85,7.7));
#2214 = LINE('',#2215,#2216);
#2215 = CARTESIAN_POINT('',(-25.25,-17.85,7.7));
#2216 = VECTOR('',#2217,1.);
#2217 = DIRECTION('',(1.,0.,0.));
#2218 = ORIENTED_EDGE('',*,*,#2219,.F.);
#2219 = EDGE_CURVE('',#346,#2212,#2220,.T.);
#2220 = LINE('',#2221,#2222);
#2221 = CARTESIAN_POINT('',(-50.5,-17.85,10.5));
#2222 = VECTOR('',#2223,1.);
#2223 = DIRECTION('',(-0.,-0.,-1.));
#2224 = ORIENTED_EDGE('',*,*,#345,.T.);
#2225 = ORIENTED_EDGE('',*,*,#2226,.T.);
#2226 = EDGE_CURVE('',#338,#2227,#2229,.T.);
#2227 = VERTEX_POINT('',#2228);
#2228 = CARTESIAN_POINT('',(-53.5,-17.85,14.4));
#2229 = LINE('',#2230,#2231);
#2230 = CARTESIAN_POINT('',(-53.5,-17.85,10.5));
#2231 = VECTOR('',#2232,1.);
#2232 = DIRECTION('',(0.,0.,1.));
#2233 = ORIENTED_EDGE('',*,*,#2234,.F.);
#2234 = EDGE_CURVE('',#2235,#2227,#2237,.T.);
#2235 = VERTEX_POINT('',#2236);
#2236 = CARTESIAN_POINT('',(-49.5,-17.85,14.4));
#2237 = LINE('',#2238,#2239);
#2238 = CARTESIAN_POINT('',(-23.5,-17.85,14.4));
#2239 = VECTOR('',#2240,1.);
#2240 = DIRECTION('',(-1.,0.,0.));
#2241 = ORIENTED_EDGE('',*,*,#2242,.F.);
#2242 = EDGE_CURVE('',#2243,#2235,#2245,.T.);
#2243 = VERTEX_POINT('',#2244);
#2244 = CARTESIAN_POINT('',(-49.5,-17.85,12.4));
#2245 = LINE('',#2246,#2247);
#2246 = CARTESIAN_POINT('',(-49.5,-17.85,12.4));
#2247 = VECTOR('',#2248,1.);
#2248 = DIRECTION('',(0.,0.,1.));
#2249 = ORIENTED_EDGE('',*,*,#2250,.F.);
#2250 = EDGE_CURVE('',#2164,#2243,#2251,.T.);
#2251 = LINE('',#2252,#2253);
#2252 = CARTESIAN_POINT('',(-23.5,-17.85,12.4));
#2253 = VECTOR('',#2254,1.);
#2254 = DIRECTION('',(-1.,0.,0.));
#2255 = PLANE('',#2256);
#2256 = AXIS2_PLACEMENT_3D('',#2257,#2258,#2259);
#2257 = CARTESIAN_POINT('',(-37.94031830238,-17.85,11.109681697613));
#2258 = DIRECTION('',(0.,1.,5.2E-16));
#2259 = DIRECTION('',(0.,-5.2E-16,1.));
#2260 = ADVANCED_FACE('',(#2261),#2279,.F.);
#2261 = FACE_BOUND('',#2262,.F.);
#2262 = EDGE_LOOP('',(#2263,#2264,#2265,#2273));
#2263 = ORIENTED_EDGE('',*,*,#369,.F.);
#2264 = ORIENTED_EDGE('',*,*,#2203,.T.);
#2265 = ORIENTED_EDGE('',*,*,#2266,.T.);
#2266 = EDGE_CURVE('',#2204,#2267,#2269,.T.);
#2267 = VERTEX_POINT('',#2268);
#2268 = CARTESIAN_POINT('',(-22.5,-13.85,7.7));
#2269 = LINE('',#2270,#2271);
#2270 = CARTESIAN_POINT('',(-22.5,-8.925,7.7));
#2271 = VECTOR('',#2272,1.);
#2272 = DIRECTION('',(0.,1.,0.));
#2273 = ORIENTED_EDGE('',*,*,#2274,.F.);
#2274 = EDGE_CURVE('',#362,#2267,#2275,.T.);
#2275 = LINE('',#2276,#2277);
#2276 = CARTESIAN_POINT('',(-22.5,-13.85,10.5));
#2277 = VECTOR('',#2278,1.);
#2278 = DIRECTION('',(-0.,-0.,-1.));
#2279 = PLANE('',#2280);
#2280 = AXIS2_PLACEMENT_3D('',#2281,#2282,#2283);
#2281 = CARTESIAN_POINT('',(-22.5,-17.85,10.5));
#2282 = DIRECTION('',(1.,0.,0.));
#2283 = DIRECTION('',(0.,1.,0.));
#2284 = ADVANCED_FACE('',(#2285),#2303,.F.);
#2285 = FACE_BOUND('',#2286,.F.);
#2286 = EDGE_LOOP('',(#2287,#2288,#2289,#2297));
#2287 = ORIENTED_EDGE('',*,*,#361,.F.);
#2288 = ORIENTED_EDGE('',*,*,#2274,.T.);
#2289 = ORIENTED_EDGE('',*,*,#2290,.T.);
#2290 = EDGE_CURVE('',#2267,#2291,#2293,.T.);
#2291 = VERTEX_POINT('',#2292);
#2292 = CARTESIAN_POINT('',(-50.5,-13.85,7.7));
#2293 = LINE('',#2294,#2295);
#2294 = CARTESIAN_POINT('',(-11.25,-13.85,7.7));
#2295 = VECTOR('',#2296,1.);
#2296 = DIRECTION('',(-1.,0.,0.));
#2297 = ORIENTED_EDGE('',*,*,#2298,.F.);
#2298 = EDGE_CURVE('',#354,#2291,#2299,.T.);
#2299 = LINE('',#2300,#2301);
#2300 = CARTESIAN_POINT('',(-50.5,-13.85,10.5));
#2301 = VECTOR('',#2302,1.);
#2302 = DIRECTION('',(-0.,-0.,-1.));
#2303 = PLANE('',#2304);
#2304 = AXIS2_PLACEMENT_3D('',#2305,#2306,#2307);
#2305 = CARTESIAN_POINT('',(-22.5,-13.85,10.5));
#2306 = DIRECTION('',(0.,1.,0.));
#2307 = DIRECTION('',(-1.,0.,0.));
#2308 = ADVANCED_FACE('',(#2309),#2320,.F.);
#2309 = FACE_BOUND('',#2310,.F.);
#2310 = EDGE_LOOP('',(#2311,#2312,#2313,#2319));
#2311 = ORIENTED_EDGE('',*,*,#353,.F.);
#2312 = ORIENTED_EDGE('',*,*,#2298,.T.);
#2313 = ORIENTED_EDGE('',*,*,#2314,.T.);
#2314 = EDGE_CURVE('',#2291,#2212,#2315,.T.);
#2315 = LINE('',#2316,#2317);
#2316 = CARTESIAN_POINT('',(-50.5,-6.925,7.7));
#2317 = VECTOR('',#2318,1.);
#2318 = DIRECTION('',(0.,-1.,0.));
#2319 = ORIENTED_EDGE('',*,*,#2219,.F.);
#2320 = PLANE('',#2321);
#2321 = AXIS2_PLACEMENT_3D('',#2322,#2323,#2324);
#2322 = CARTESIAN_POINT('',(-50.5,-13.85,10.5));
#2323 = DIRECTION('',(-1.,0.,0.));
#2324 = DIRECTION('',(0.,-1.,0.));
#2325 = ADVANCED_FACE('',(#2326),#2360,.T.);
#2326 = FACE_BOUND('',#2327,.T.);
#2327 = EDGE_LOOP('',(#2328,#2336,#2337,#2338,#2346,#2354));
#2328 = ORIENTED_EDGE('',*,*,#2329,.F.);
#2329 = EDGE_CURVE('',#2227,#2330,#2332,.T.);
#2330 = VERTEX_POINT('',#2331);
#2331 = CARTESIAN_POINT('',(-53.5,-41.85,14.4));
#2332 = LINE('',#2333,#2334);
#2333 = CARTESIAN_POINT('',(-53.5,-17.85,14.4));
#2334 = VECTOR('',#2335,1.);
#2335 = DIRECTION('',(-2.7E-16,-1.,0.));
#2336 = ORIENTED_EDGE('',*,*,#2226,.F.);
#2337 = ORIENTED_EDGE('',*,*,#337,.F.);
#2338 = ORIENTED_EDGE('',*,*,#2339,.F.);
#2339 = EDGE_CURVE('',#2340,#330,#2342,.T.);
#2340 = VERTEX_POINT('',#2341);
#2341 = CARTESIAN_POINT('',(-53.5,-3.9,1.5));
#2342 = LINE('',#2343,#2344);
#2343 = CARTESIAN_POINT('',(-53.5,-3.9,0.));
#2344 = VECTOR('',#2345,1.);
#2345 = DIRECTION('',(0.,0.,1.));
#2346 = ORIENTED_EDGE('',*,*,#2347,.F.);
#2347 = EDGE_CURVE('',#2348,#2340,#2350,.T.);
#2348 = VERTEX_POINT('',#2349);
#2349 = CARTESIAN_POINT('',(-53.5,-41.85,1.5));
#2350 = LINE('',#2351,#2352);
#2351 = CARTESIAN_POINT('',(-53.5,-43.85,1.5));
#2352 = VECTOR('',#2353,1.);
#2353 = DIRECTION('',(0.,1.,0.));
#2354 = ORIENTED_EDGE('',*,*,#2355,.T.);
#2355 = EDGE_CURVE('',#2348,#2330,#2356,.T.);
#2356 = LINE('',#2357,#2358);
#2357 = CARTESIAN_POINT('',(-53.5,-41.85,1.5));
#2358 = VECTOR('',#2359,1.);
#2359 = DIRECTION('',(0.,0.,1.));
#2360 = PLANE('',#2361);
#2361 = AXIS2_PLACEMENT_3D('',#2362,#2363,#2364);
#2362 = CARTESIAN_POINT('',(-53.5,-24.38971144749,7.435288552507));
#2363 = DIRECTION('',(-1.,0.,2.4E-16));
#2364 = DIRECTION('',(-2.4E-16,0.,-1.));
#2365 = ADVANCED_FACE('',(#2366),#2401,.F.);
#2366 = FACE_BOUND('',#2367,.F.);
#2367 = EDGE_LOOP('',(#2368,#2378,#2384,#2385,#2386,#2387,#2395));
#2368 = ORIENTED_EDGE('',*,*,#2369,.F.);
#2369 = EDGE_CURVE('',#2370,#2372,#2374,.T.);
#2370 = VERTEX_POINT('',#2371);
#2371 = CARTESIAN_POINT('',(-51.1,-3.9,0.));
#2372 = VERTEX_POINT('',#2373);
#2373 = CARTESIAN_POINT('',(-52.5,-3.9,0.));
#2374 = LINE('',#2375,#2376);
#2375 = CARTESIAN_POINT('',(-51.1,-3.9,0.));
#2376 = VECTOR('',#2377,1.);
#2377 = DIRECTION('',(-1.,0.,0.));
#2378 = ORIENTED_EDGE('',*,*,#2379,.T.);
#2379 = EDGE_CURVE('',#2370,#1256,#2380,.T.);
#2380 = LINE('',#2381,#2382);
#2381 = CARTESIAN_POINT('',(-51.1,-3.9,0.));
#2382 = VECTOR('',#2383,1.);
#2383 = DIRECTION('',(0.,0.,1.));
#2384 = ORIENTED_EDGE('',*,*,#1265,.T.);
#2385 = ORIENTED_EDGE('',*,*,#329,.T.);
#2386 = ORIENTED_EDGE('',*,*,#2339,.F.);
#2387 = ORIENTED_EDGE('',*,*,#2388,.F.);
#2388 = EDGE_CURVE('',#2389,#2340,#2391,.T.);
#2389 = VERTEX_POINT('',#2390);
#2390 = CARTESIAN_POINT('',(-52.5,-3.9,1.5));
#2391 = LINE('',#2392,#2393);
#2392 = CARTESIAN_POINT('',(-25.55,-3.9,1.5));
#2393 = VECTOR('',#2394,1.);
#2394 = DIRECTION('',(-1.,0.,0.));
#2395 = ORIENTED_EDGE('',*,*,#2396,.T.);
#2396 = EDGE_CURVE('',#2389,#2372,#2397,.T.);
#2397 = LINE('',#2398,#2399);
#2398 = CARTESIAN_POINT('',(-52.5,-3.9,0.));
#2399 = VECTOR('',#2400,1.);
#2400 = DIRECTION('',(-0.,-0.,-1.));
#2401 = PLANE('',#2402);
#2402 = AXIS2_PLACEMENT_3D('',#2403,#2404,#2405);
#2403 = CARTESIAN_POINT('',(-51.1,-3.9,0.));
#2404 = DIRECTION('',(0.,-1.,0.));
#2405 = DIRECTION('',(-1.,0.,0.));
#2406 = ADVANCED_FACE('',(#2407),#2426,.F.);
#2407 = FACE_BOUND('',#2408,.F.);
#2408 = EDGE_LOOP('',(#2409,#2410,#2418,#2425));
#2409 = ORIENTED_EDGE('',*,*,#753,.F.);
#2410 = ORIENTED_EDGE('',*,*,#2411,.T.);
#2411 = EDGE_CURVE('',#754,#2412,#2414,.T.);
#2412 = VERTEX_POINT('',#2413);
#2413 = CARTESIAN_POINT('',(3.,23.85,7.7));
#2414 = LINE('',#2415,#2416);
#2415 = CARTESIAN_POINT('',(3.,23.85,10.5));
#2416 = VECTOR('',#2417,1.);
#2417 = DIRECTION('',(-0.,-0.,-1.));
#2418 = ORIENTED_EDGE('',*,*,#2419,.T.);
#2419 = EDGE_CURVE('',#2412,#2412,#2420,.T.);
#2420 = CIRCLE('',#2421,1.35);
#2421 = AXIS2_PLACEMENT_3D('',#2422,#2423,#2424);
#2422 = CARTESIAN_POINT('',(1.65,23.85,7.7));
#2423 = DIRECTION('',(0.,0.,1.));
#2424 = DIRECTION('',(1.,0.,0.));
#2425 = ORIENTED_EDGE('',*,*,#2411,.F.);
#2426 = CYLINDRICAL_SURFACE('',#2427,1.35);
#2427 = AXIS2_PLACEMENT_3D('',#2428,#2429,#2430);
#2428 = CARTESIAN_POINT('',(1.65,23.85,10.5));
#2429 = DIRECTION('',(0.,0.,1.));
#2430 = DIRECTION('',(1.,0.,0.));
#2431 = ADVANCED_FACE('',(#2432),#2461,.F.);
#2432 = FACE_BOUND('',#2433,.F.);
#2433 = EDGE_LOOP('',(#2434,#2435,#2436,#2437,#2438,#2439,#2447,#2455));
#2434 = ORIENTED_EDGE('',*,*,#1221,.F.);
#2435 = ORIENTED_EDGE('',*,*,#1197,.F.);
#2436 = ORIENTED_EDGE('',*,*,#1152,.F.);
#2437 = ORIENTED_EDGE('',*,*,#1093,.F.);
#2438 = ORIENTED_EDGE('',*,*,#770,.T.);
#2439 = ORIENTED_EDGE('',*,*,#2440,.F.);
#2440 = EDGE_CURVE('',#2441,#773,#2443,.T.);
#2441 = VERTEX_POINT('',#2442);
#2442 = CARTESIAN_POINT('',(-51.1,41.5,0.));
#2443 = LINE('',#2444,#2445);
#2444 = CARTESIAN_POINT('',(-51.1,41.5,0.));
#2445 = VECTOR('',#2446,1.);
#2446 = DIRECTION('',(0.,-1.,0.));
#2447 = ORIENTED_EDGE('',*,*,#2448,.F.);
#2448 = EDGE_CURVE('',#2449,#2441,#2451,.T.);
#2449 = VERTEX_POINT('',#2450);
#2450 = CARTESIAN_POINT('',(51.1,41.5,0.));
#2451 = LINE('',#2452,#2453);
#2452 = CARTESIAN_POINT('',(51.1,41.5,0.));
#2453 = VECTOR('',#2454,1.);
#2454 = DIRECTION('',(-1.,0.,0.));
#2455 = ORIENTED_EDGE('',*,*,#2456,.F.);
#2456 = EDGE_CURVE('',#1222,#2449,#2457,.T.);
#2457 = LINE('',#2458,#2459);
#2458 = CARTESIAN_POINT('',(51.1,-41.5,0.));
#2459 = VECTOR('',#2460,1.);
#2460 = DIRECTION('',(0.,1.,0.));
#2461 = PLANE('',#2462);
#2462 = AXIS2_PLACEMENT_3D('',#2463,#2464,#2465);
#2463 = CARTESIAN_POINT('',(0.,0.,0.));
#2464 = DIRECTION('',(0.,0.,1.));
#2465 = DIRECTION('',(1.,0.,0.));
#2466 = ADVANCED_FACE('',(#2467),#2501,.T.);
#2467 = FACE_BOUND('',#2468,.T.);
#2468 = EDGE_LOOP('',(#2469,#2470,#2478,#2486,#2494,#2500));
#2469 = ORIENTED_EDGE('',*,*,#2440,.F.);
#2470 = ORIENTED_EDGE('',*,*,#2471,.T.);
#2471 = EDGE_CURVE('',#2441,#2472,#2474,.T.);
#2472 = VERTEX_POINT('',#2473);
#2473 = CARTESIAN_POINT('',(-51.1,41.5,7.7));
#2474 = LINE('',#2475,#2476);
#2475 = CARTESIAN_POINT('',(-51.1,41.5,0.));
#2476 = VECTOR('',#2477,1.);
#2477 = DIRECTION('',(0.,0.,1.));
#2478 = ORIENTED_EDGE('',*,*,#2479,.T.);
#2479 = EDGE_CURVE('',#2472,#2480,#2482,.T.);
#2480 = VERTEX_POINT('',#2481);
#2481 = CARTESIAN_POINT('',(-51.1,5.5,7.7));
#2482 = LINE('',#2483,#2484);
#2483 = CARTESIAN_POINT('',(-51.1,41.5,7.7));
#2484 = VECTOR('',#2485,1.);
#2485 = DIRECTION('',(0.,-1.,0.));
#2486 = ORIENTED_EDGE('',*,*,#2487,.T.);
#2487 = EDGE_CURVE('',#2480,#2488,#2490,.T.);
#2488 = VERTEX_POINT('',#2489);
#2489 = CARTESIAN_POINT('',(-51.1,5.5,3.2));
#2490 = LINE('',#2491,#2492);
#2491 = CARTESIAN_POINT('',(-51.1,5.5,7.7));
#2492 = VECTOR('',#2493,1.);
#2493 = DIRECTION('',(0.,0.,-1.));
#2494 = ORIENTED_EDGE('',*,*,#2495,.F.);
#2495 = EDGE_CURVE('',#790,#2488,#2496,.T.);
#2496 = LINE('',#2497,#2498);
#2497 = CARTESIAN_POINT('',(-51.1,-5.5,3.2));
#2498 = VECTOR('',#2499,1.);
#2499 = DIRECTION('',(0.,1.,0.));
#2500 = ORIENTED_EDGE('',*,*,#797,.F.);
#2501 = PLANE('',#2502);
#2502 = AXIS2_PLACEMENT_3D('',#2503,#2504,#2505);
#2503 = CARTESIAN_POINT('',(-51.1,41.5,0.));
#2504 = DIRECTION('',(1.,0.,0.));
#2505 = DIRECTION('',(0.,-1.,0.));
#2506 = ADVANCED_FACE('',(#2507),#2536,.T.);
#2507 = FACE_BOUND('',#2508,.T.);
#2508 = EDGE_LOOP('',(#2509,#2510,#2511,#2512,#2513,#2521,#2527,#2528,
    #2529,#2530,#2531,#2532,#2533,#2534,#2535));
#2509 = ORIENTED_EDGE('',*,*,#1166,.F.);
#2510 = ORIENTED_EDGE('',*,*,#1126,.F.);
#2511 = ORIENTED_EDGE('',*,*,#827,.F.);
#2512 = ORIENTED_EDGE('',*,*,#1401,.F.);
#2513 = ORIENTED_EDGE('',*,*,#2514,.T.);
#2514 = EDGE_CURVE('',#1394,#2515,#2517,.T.);
#2515 = VERTEX_POINT('',#2516);
#2516 = CARTESIAN_POINT('',(6.,40.9,14.400000000002));
#2517 = LINE('',#2518,#2519);
#2518 = CARTESIAN_POINT('',(7.5,40.9,14.400000000002));
#2519 = VECTOR('',#2520,1.);
#2520 = DIRECTION('',(-1.,-6.E-15,-2.6756E-13));
#2521 = ORIENTED_EDGE('',*,*,#2522,.T.);
#2522 = EDGE_CURVE('',#2515,#1513,#2523,.T.);
#2523 = LINE('',#2524,#2525);
#2524 = CARTESIAN_POINT('',(6.,40.9,14.400000000002));
#2525 = VECTOR('',#2526,1.);
#2526 = DIRECTION('',(5.99E-15,-1.,-3.21332E-27));
#2527 = ORIENTED_EDGE('',*,*,#1512,.F.);
#2528 = ORIENTED_EDGE('',*,*,#1552,.F.);
#2529 = ORIENTED_EDGE('',*,*,#1576,.F.);
#2530 = ORIENTED_EDGE('',*,*,#1600,.F.);
#2531 = ORIENTED_EDGE('',*,*,#1624,.F.);
#2532 = ORIENTED_EDGE('',*,*,#1648,.F.);
#2533 = ORIENTED_EDGE('',*,*,#1672,.F.);
#2534 = ORIENTED_EDGE('',*,*,#1696,.F.);
#2535 = ORIENTED_EDGE('',*,*,#1713,.F.);
#2536 = PLANE('',#2537);
#2537 = AXIS2_PLACEMENT_3D('',#2538,#2539,#2540);
#2538 = CARTESIAN_POINT('',(29.435182424162,31.833256313932,14.4));
#2539 = DIRECTION('',(8.68E-15,1.78E-15,1.));
#2540 = DIRECTION('',(1.,0.,-8.68E-15));
#2541 = ADVANCED_FACE('',(#2542),#2548,.F.);
#2542 = FACE_BOUND('',#2543,.F.);
#2543 = EDGE_LOOP('',(#2544,#2545,#2546,#2547));
#2544 = ORIENTED_EDGE('',*,*,#980,.T.);
#2545 = ORIENTED_EDGE('',*,*,#939,.T.);
#2546 = ORIENTED_EDGE('',*,*,#907,.F.);
#2547 = ORIENTED_EDGE('',*,*,#893,.F.);
#2548 = PLANE('',#2549);
#2549 = AXIS2_PLACEMENT_3D('',#2550,#2551,#2552);
#2550 = CARTESIAN_POINT('',(-7.500000000001,18.9,12.400000000002));
#2551 = DIRECTION('',(2.6756E-13,0.,1.));
#2552 = DIRECTION('',(6.E-15,1.,-1.60536E-27));
#2553 = ADVANCED_FACE('',(#2554,#2643,#2649,#2660,#2666,#2677,#2683,
    #2686),#2692,.F.);
#2554 = FACE_BOUND('',#2555,.F.);
#2555 = EDGE_LOOP('',(#2556,#2566,#2572,#2573,#2581,#2589,#2597,#2605,
    #2613,#2621,#2629,#2637));
#2556 = ORIENTED_EDGE('',*,*,#2557,.T.);
#2557 = EDGE_CURVE('',#2558,#2560,#2562,.T.);
#2558 = VERTEX_POINT('',#2559);
#2559 = CARTESIAN_POINT('',(51.1,5.5,7.7));
#2560 = VERTEX_POINT('',#2561);
#2561 = CARTESIAN_POINT('',(51.1,41.5,7.7));
#2562 = LINE('',#2563,#2564);
#2563 = CARTESIAN_POINT('',(51.1,-41.5,7.7));
#2564 = VECTOR('',#2565,1.);
#2565 = DIRECTION('',(0.,1.,0.));
#2566 = ORIENTED_EDGE('',*,*,#2567,.T.);
#2567 = EDGE_CURVE('',#2560,#2472,#2568,.T.);
#2568 = LINE('',#2569,#2570);
#2569 = CARTESIAN_POINT('',(51.1,41.5,7.7));
#2570 = VECTOR('',#2571,1.);
#2571 = DIRECTION('',(-1.,0.,0.));
#2572 = ORIENTED_EDGE('',*,*,#2479,.T.);
#2573 = ORIENTED_EDGE('',*,*,#2574,.T.);
#2574 = EDGE_CURVE('',#2480,#2575,#2577,.T.);
#2575 = VERTEX_POINT('',#2576);
#2576 = CARTESIAN_POINT('',(-49.3,5.5,7.7));
#2577 = LINE('',#2578,#2579);
#2578 = CARTESIAN_POINT('',(-51.1,5.5,7.7));
#2579 = VECTOR('',#2580,1.);
#2580 = DIRECTION('',(1.,0.,0.));
#2581 = ORIENTED_EDGE('',*,*,#2582,.T.);
#2582 = EDGE_CURVE('',#2575,#2583,#2585,.T.);
#2583 = VERTEX_POINT('',#2584);
#2584 = CARTESIAN_POINT('',(-49.3,-5.5,7.7));
#2585 = LINE('',#2586,#2587);
#2586 = CARTESIAN_POINT('',(-49.3,5.5,7.7));
#2587 = VECTOR('',#2588,1.);
#2588 = DIRECTION('',(0.,-1.,0.));
#2589 = ORIENTED_EDGE('',*,*,#2590,.T.);
#2590 = EDGE_CURVE('',#2583,#2591,#2593,.T.);
#2591 = VERTEX_POINT('',#2592);
#2592 = CARTESIAN_POINT('',(-51.1,-5.5,7.7));
#2593 = LINE('',#2594,#2595);
#2594 = CARTESIAN_POINT('',(-49.3,-5.5,7.7));
#2595 = VECTOR('',#2596,1.);
#2596 = DIRECTION('',(-1.,0.,0.));
#2597 = ORIENTED_EDGE('',*,*,#2598,.T.);
#2598 = EDGE_CURVE('',#2591,#2599,#2601,.T.);
#2599 = VERTEX_POINT('',#2600);
#2600 = CARTESIAN_POINT('',(-51.1,-41.5,7.7));
#2601 = LINE('',#2602,#2603);
#2602 = CARTESIAN_POINT('',(-51.1,41.5,7.7));
#2603 = VECTOR('',#2604,1.);
#2604 = DIRECTION('',(0.,-1.,0.));
#2605 = ORIENTED_EDGE('',*,*,#2606,.T.);
#2606 = EDGE_CURVE('',#2599,#2607,#2609,.T.);
#2607 = VERTEX_POINT('',#2608);
#2608 = CARTESIAN_POINT('',(51.1,-41.5,7.7));
#2609 = LINE('',#2610,#2611);
#2610 = CARTESIAN_POINT('',(-51.1,-41.5,7.7));
#2611 = VECTOR('',#2612,1.);
#2612 = DIRECTION('',(1.,0.,0.));
#2613 = ORIENTED_EDGE('',*,*,#2614,.T.);
#2614 = EDGE_CURVE('',#2607,#2615,#2617,.T.);
#2615 = VERTEX_POINT('',#2616);
#2616 = CARTESIAN_POINT('',(51.1,-5.5,7.7));
#2617 = LINE('',#2618,#2619);
#2618 = CARTESIAN_POINT('',(51.1,-41.5,7.7));
#2619 = VECTOR('',#2620,1.);
#2620 = DIRECTION('',(0.,1.,0.));
#2621 = ORIENTED_EDGE('',*,*,#2622,.F.);
#2622 = EDGE_CURVE('',#2623,#2615,#2625,.T.);
#2623 = VERTEX_POINT('',#2624);
#2624 = CARTESIAN_POINT('',(49.3,-5.5,7.7));
#2625 = LINE('',#2626,#2627);
#2626 = CARTESIAN_POINT('',(49.3,-5.5,7.7));
#2627 = VECTOR('',#2628,1.);
#2628 = DIRECTION('',(1.,0.,0.));
#2629 = ORIENTED_EDGE('',*,*,#2630,.F.);
#2630 = EDGE_CURVE('',#2631,#2623,#2633,.T.);
#2631 = VERTEX_POINT('',#2632);
#2632 = CARTESIAN_POINT('',(49.3,5.5,7.7));
#2633 = LINE('',#2634,#2635);
#2634 = CARTESIAN_POINT('',(49.3,5.5,7.7));
#2635 = VECTOR('',#2636,1.);
#2636 = DIRECTION('',(0.,-1.,0.));
#2637 = ORIENTED_EDGE('',*,*,#2638,.F.);
#2638 = EDGE_CURVE('',#2558,#2631,#2639,.T.);
#2639 = LINE('',#2640,#2641);
#2640 = CARTESIAN_POINT('',(51.1,5.5,7.7));
#2641 = VECTOR('',#2642,1.);
#2642 = DIRECTION('',(-1.,0.,0.));
#2643 = FACE_BOUND('',#2644,.F.);
#2644 = EDGE_LOOP('',(#2645,#2646,#2647,#2648));
#2645 = ORIENTED_EDGE('',*,*,#2314,.F.);
#2646 = ORIENTED_EDGE('',*,*,#2290,.F.);
#2647 = ORIENTED_EDGE('',*,*,#2266,.F.);
#2648 = ORIENTED_EDGE('',*,*,#2211,.F.);
#2649 = FACE_BOUND('',#2650,.F.);
#2650 = EDGE_LOOP('',(#2651));
#2651 = ORIENTED_EDGE('',*,*,#2652,.T.);
#2652 = EDGE_CURVE('',#2653,#2653,#2655,.T.);
#2653 = VERTEX_POINT('',#2654);
#2654 = CARTESIAN_POINT('',(45.,-25.,7.7));
#2655 = CIRCLE('',#2656,2.5);
#2656 = AXIS2_PLACEMENT_3D('',#2657,#2658,#2659);
#2657 = CARTESIAN_POINT('',(42.5,-25.,7.7));
#2658 = DIRECTION('',(0.,0.,-1.));
#2659 = DIRECTION('',(1.,0.,0.));
#2660 = FACE_BOUND('',#2661,.F.);
#2661 = EDGE_LOOP('',(#2662,#2663,#2664,#2665));
#2662 = ORIENTED_EDGE('',*,*,#1986,.F.);
#2663 = ORIENTED_EDGE('',*,*,#1962,.F.);
#2664 = ORIENTED_EDGE('',*,*,#1938,.F.);
#2665 = ORIENTED_EDGE('',*,*,#1914,.F.);
#2666 = FACE_BOUND('',#2667,.F.);
#2667 = EDGE_LOOP('',(#2668));
#2668 = ORIENTED_EDGE('',*,*,#2669,.T.);
#2669 = EDGE_CURVE('',#2670,#2670,#2672,.T.);
#2670 = VERTEX_POINT('',#2671);
#2671 = CARTESIAN_POINT('',(-40.,25.,7.7));
#2672 = CIRCLE('',#2673,2.5);
#2673 = AXIS2_PLACEMENT_3D('',#2674,#2675,#2676);
#2674 = CARTESIAN_POINT('',(-42.5,25.,7.7));
#2675 = DIRECTION('',(0.,0.,-1.));
#2676 = DIRECTION('',(1.,0.,0.));
#2677 = FACE_BOUND('',#2678,.F.);
#2678 = EDGE_LOOP('',(#2679,#2680,#2681,#2682));
#2679 = ORIENTED_EDGE('',*,*,#868,.F.);
#2680 = ORIENTED_EDGE('',*,*,#1361,.F.);
#2681 = ORIENTED_EDGE('',*,*,#1337,.F.);
#2682 = ORIENTED_EDGE('',*,*,#1313,.F.);
#2683 = FACE_BOUND('',#2684,.F.);
#2684 = EDGE_LOOP('',(#2685));
#2685 = ORIENTED_EDGE('',*,*,#2419,.F.);
#2686 = FACE_BOUND('',#2687,.F.);
#2687 = EDGE_LOOP('',(#2688,#2689,#2690,#2691));
#2688 = ORIENTED_EDGE('',*,*,#1465,.F.);
#2689 = ORIENTED_EDGE('',*,*,#1441,.F.);
#2690 = ORIENTED_EDGE('',*,*,#1417,.F.);
#2691 = ORIENTED_EDGE('',*,*,#1489,.F.);
#2692 = PLANE('',#2693);
#2693 = AXIS2_PLACEMENT_3D('',#2694,#2695,#2696);
#2694 = CARTESIAN_POINT('',(0.,0.,7.7));
#2695 = DIRECTION('',(0.,0.,1.));
#2696 = DIRECTION('',(1.,0.,0.));
#2697 = ADVANCED_FACE('',(#2698),#2723,.T.);
#2698 = FACE_BOUND('',#2699,.T.);
#2699 = EDGE_LOOP('',(#2700,#2701,#2702,#2710,#2716,#2717));
#2700 = ORIENTED_EDGE('',*,*,#2456,.F.);
#2701 = ORIENTED_EDGE('',*,*,#1241,.T.);
#2702 = ORIENTED_EDGE('',*,*,#2703,.T.);
#2703 = EDGE_CURVE('',#1234,#2704,#2706,.T.);
#2704 = VERTEX_POINT('',#2705);
#2705 = CARTESIAN_POINT('',(51.1,5.5,3.2));
#2706 = LINE('',#2707,#2708);
#2707 = CARTESIAN_POINT('',(51.1,-5.5,3.2));
#2708 = VECTOR('',#2709,1.);
#2709 = DIRECTION('',(-0.,1.,0.));
#2710 = ORIENTED_EDGE('',*,*,#2711,.F.);
#2711 = EDGE_CURVE('',#2558,#2704,#2712,.T.);
#2712 = LINE('',#2713,#2714);
#2713 = CARTESIAN_POINT('',(51.1,5.5,7.7));
#2714 = VECTOR('',#2715,1.);
#2715 = DIRECTION('',(-0.,-0.,-1.));
#2716 = ORIENTED_EDGE('',*,*,#2557,.T.);
#2717 = ORIENTED_EDGE('',*,*,#2718,.F.);
#2718 = EDGE_CURVE('',#2449,#2560,#2719,.T.);
#2719 = LINE('',#2720,#2721);
#2720 = CARTESIAN_POINT('',(51.1,41.5,0.));
#2721 = VECTOR('',#2722,1.);
#2722 = DIRECTION('',(0.,0.,1.));
#2723 = PLANE('',#2724);
#2724 = AXIS2_PLACEMENT_3D('',#2725,#2726,#2727);
#2725 = CARTESIAN_POINT('',(51.1,-41.5,0.));
#2726 = DIRECTION('',(-1.,0.,0.));
#2727 = DIRECTION('',(0.,1.,0.));
#2728 = ADVANCED_FACE('',(#2729),#2762,.F.);
#2729 = FACE_BOUND('',#2730,.F.);
#2730 = EDGE_LOOP('',(#2731,#2739,#2747,#2755,#2761));
#2731 = ORIENTED_EDGE('',*,*,#2732,.F.);
#2732 = EDGE_CURVE('',#2733,#1256,#2735,.T.);
#2733 = VERTEX_POINT('',#2734);
#2734 = CARTESIAN_POINT('',(-51.1,-5.5,3.2));
#2735 = LINE('',#2736,#2737);
#2736 = CARTESIAN_POINT('',(-51.1,-5.5,3.2));
#2737 = VECTOR('',#2738,1.);
#2738 = DIRECTION('',(0.,1.,0.));
#2739 = ORIENTED_EDGE('',*,*,#2740,.F.);
#2740 = EDGE_CURVE('',#2741,#2733,#2743,.T.);
#2741 = VERTEX_POINT('',#2742);
#2742 = CARTESIAN_POINT('',(-49.3,-5.5,3.2));
#2743 = LINE('',#2744,#2745);
#2744 = CARTESIAN_POINT('',(-49.3,-5.5,3.2));
#2745 = VECTOR('',#2746,1.);
#2746 = DIRECTION('',(-1.,0.,0.));
#2747 = ORIENTED_EDGE('',*,*,#2748,.F.);
#2748 = EDGE_CURVE('',#2749,#2741,#2751,.T.);
#2749 = VERTEX_POINT('',#2750);
#2750 = CARTESIAN_POINT('',(-49.3,-3.05,3.2));
#2751 = LINE('',#2752,#2753);
#2752 = CARTESIAN_POINT('',(-49.3,5.5,3.2));
#2753 = VECTOR('',#2754,1.);
#2754 = DIRECTION('',(0.,-1.,0.));
#2755 = ORIENTED_EDGE('',*,*,#2756,.F.);
#2756 = EDGE_CURVE('',#1258,#2749,#2757,.T.);
#2757 = LINE('',#2758,#2759);
#2758 = CARTESIAN_POINT('',(-51.1,-3.05,3.2));
#2759 = VECTOR('',#2760,1.);
#2760 = DIRECTION('',(1.,0.,0.));
#2761 = ORIENTED_EDGE('',*,*,#1255,.F.);
#2762 = PLANE('',#2763);
#2763 = AXIS2_PLACEMENT_3D('',#2764,#2765,#2766);
#2764 = CARTESIAN_POINT('',(-50.2,-1.4E-16,3.2));
#2765 = DIRECTION('',(0.,0.,1.));
#2766 = DIRECTION('',(1.,0.,0.));
#2767 = ADVANCED_FACE('',(#2768),#2802,.F.);
#2768 = FACE_BOUND('',#2769,.F.);
#2769 = EDGE_LOOP('',(#2770,#2778,#2786,#2794,#2800,#2801));
#2770 = ORIENTED_EDGE('',*,*,#2771,.T.);
#2771 = EDGE_CURVE('',#2749,#2772,#2774,.T.);
#2772 = VERTEX_POINT('',#2773);
#2773 = CARTESIAN_POINT('',(-49.3,-3.05,-4.7));
#2774 = LINE('',#2775,#2776);
#2775 = CARTESIAN_POINT('',(-49.3,-3.05,3.2));
#2776 = VECTOR('',#2777,1.);
#2777 = DIRECTION('',(0.,0.,-1.));
#2778 = ORIENTED_EDGE('',*,*,#2779,.T.);
#2779 = EDGE_CURVE('',#2772,#2780,#2782,.T.);
#2780 = VERTEX_POINT('',#2781);
#2781 = CARTESIAN_POINT('',(-50.5,-3.05,-4.7));
#2782 = LINE('',#2783,#2784);
#2783 = CARTESIAN_POINT('',(-49.3,-3.05,-4.7));
#2784 = VECTOR('',#2785,1.);
#2785 = DIRECTION('',(-1.,0.,0.));
#2786 = ORIENTED_EDGE('',*,*,#2787,.T.);
#2787 = EDGE_CURVE('',#2780,#2788,#2790,.T.);
#2788 = VERTEX_POINT('',#2789);
#2789 = CARTESIAN_POINT('',(-52.05,-3.05,-2.7));
#2790 = LINE('',#2791,#2792);
#2791 = CARTESIAN_POINT('',(-50.5,-3.05,-4.7));
#2792 = VECTOR('',#2793,1.);
#2793 = DIRECTION('',(-0.612571665436,0.,0.790415052175));
#2794 = ORIENTED_EDGE('',*,*,#2795,.T.);
#2795 = EDGE_CURVE('',#2788,#1290,#2796,.T.);
#2796 = LINE('',#2797,#2798);
#2797 = CARTESIAN_POINT('',(-52.05,-3.05,-2.7));
#2798 = VECTOR('',#2799,1.);
#2799 = DIRECTION('',(1.,0.,0.));
#2800 = ORIENTED_EDGE('',*,*,#1297,.T.);
#2801 = ORIENTED_EDGE('',*,*,#2756,.T.);
#2802 = PLANE('',#2803);
#2803 = AXIS2_PLACEMENT_3D('',#2804,#2805,#2806);
#2804 = CARTESIAN_POINT('',(-50.29202715986,-3.05,-0.801623097907));
#2805 = DIRECTION('',(0.,1.,0.));
#2806 = DIRECTION('',(0.,0.,1.));
#2807 = ADVANCED_FACE('',(#2808),#2826,.T.);
#2808 = FACE_BOUND('',#2809,.T.);
#2809 = EDGE_LOOP('',(#2810,#2818,#2819,#2820));
#2810 = ORIENTED_EDGE('',*,*,#2811,.T.);
#2811 = EDGE_CURVE('',#2812,#2788,#2814,.T.);
#2812 = VERTEX_POINT('',#2813);
#2813 = CARTESIAN_POINT('',(-52.05,3.05,-2.7));
#2814 = LINE('',#2815,#2816);
#2815 = CARTESIAN_POINT('',(-52.05,3.05,-2.7));
#2816 = VECTOR('',#2817,1.);
#2817 = DIRECTION('',(0.,-1.,2.2E-16));
#2818 = ORIENTED_EDGE('',*,*,#2795,.T.);
#2819 = ORIENTED_EDGE('',*,*,#1289,.F.);
#2820 = ORIENTED_EDGE('',*,*,#2821,.F.);
#2821 = EDGE_CURVE('',#2812,#1282,#2822,.T.);
#2822 = LINE('',#2823,#2824);
#2823 = CARTESIAN_POINT('',(-52.05,3.05,-2.7));
#2824 = VECTOR('',#2825,1.);
#2825 = DIRECTION('',(1.,0.,0.));
#2826 = PLANE('',#2827);
#2827 = AXIS2_PLACEMENT_3D('',#2828,#2829,#2830);
#2828 = CARTESIAN_POINT('',(-52.05,3.05,-2.7));
#2829 = DIRECTION('',(0.,2.2E-16,1.));
#2830 = DIRECTION('',(1.,0.,0.));
#2831 = ADVANCED_FACE('',(#2832),#2866,.T.);
#2832 = FACE_BOUND('',#2833,.T.);
#2833 = EDGE_LOOP('',(#2834,#2844,#2852,#2858,#2859,#2860));
#2834 = ORIENTED_EDGE('',*,*,#2835,.T.);
#2835 = EDGE_CURVE('',#2836,#2838,#2840,.T.);
#2836 = VERTEX_POINT('',#2837);
#2837 = CARTESIAN_POINT('',(-49.3,3.05,3.2));
#2838 = VERTEX_POINT('',#2839);
#2839 = CARTESIAN_POINT('',(-49.3,3.05,-4.7));
#2840 = LINE('',#2841,#2842);
#2841 = CARTESIAN_POINT('',(-49.3,3.05,3.2));
#2842 = VECTOR('',#2843,1.);
#2843 = DIRECTION('',(0.,0.,-1.));
#2844 = ORIENTED_EDGE('',*,*,#2845,.T.);
#2845 = EDGE_CURVE('',#2838,#2846,#2848,.T.);
#2846 = VERTEX_POINT('',#2847);
#2847 = CARTESIAN_POINT('',(-50.5,3.05,-4.7));
#2848 = LINE('',#2849,#2850);
#2849 = CARTESIAN_POINT('',(-49.3,3.05,-4.7));
#2850 = VECTOR('',#2851,1.);
#2851 = DIRECTION('',(-1.,0.,0.));
#2852 = ORIENTED_EDGE('',*,*,#2853,.T.);
#2853 = EDGE_CURVE('',#2846,#2812,#2854,.T.);
#2854 = LINE('',#2855,#2856);
#2855 = CARTESIAN_POINT('',(-50.5,3.05,-4.7));
#2856 = VECTOR('',#2857,1.);
#2857 = DIRECTION('',(-0.612571665436,0.,0.790415052175));
#2858 = ORIENTED_EDGE('',*,*,#2821,.T.);
#2859 = ORIENTED_EDGE('',*,*,#1281,.T.);
#2860 = ORIENTED_EDGE('',*,*,#2861,.T.);
#2861 = EDGE_CURVE('',#1274,#2836,#2862,.T.);
#2862 = LINE('',#2863,#2864);
#2863 = CARTESIAN_POINT('',(-51.1,3.05,3.2));
#2864 = VECTOR('',#2865,1.);
#2865 = DIRECTION('',(1.,0.,0.));
#2866 = PLANE('',#2867);
#2867 = AXIS2_PLACEMENT_3D('',#2868,#2869,#2870);
#2868 = CARTESIAN_POINT('',(-50.29202715986,3.05,-0.801623097907));
#2869 = DIRECTION('',(0.,1.,0.));
#2870 = DIRECTION('',(0.,0.,1.));
#2871 = ADVANCED_FACE('',(#2872),#2891,.F.);
#2872 = FACE_BOUND('',#2873,.F.);
#2873 = EDGE_LOOP('',(#2874,#2875,#2876,#2884,#2890));
#2874 = ORIENTED_EDGE('',*,*,#1273,.F.);
#2875 = ORIENTED_EDGE('',*,*,#2861,.T.);
#2876 = ORIENTED_EDGE('',*,*,#2877,.F.);
#2877 = EDGE_CURVE('',#2878,#2836,#2880,.T.);
#2878 = VERTEX_POINT('',#2879);
#2879 = CARTESIAN_POINT('',(-49.3,5.5,3.2));
#2880 = LINE('',#2881,#2882);
#2881 = CARTESIAN_POINT('',(-49.3,5.5,3.2));
#2882 = VECTOR('',#2883,1.);
#2883 = DIRECTION('',(0.,-1.,0.));
#2884 = ORIENTED_EDGE('',*,*,#2885,.F.);
#2885 = EDGE_CURVE('',#2488,#2878,#2886,.T.);
#2886 = LINE('',#2887,#2888);
#2887 = CARTESIAN_POINT('',(-51.1,5.5,3.2));
#2888 = VECTOR('',#2889,1.);
#2889 = DIRECTION('',(1.,0.,0.));
#2890 = ORIENTED_EDGE('',*,*,#2495,.F.);
#2891 = PLANE('',#2892);
#2892 = AXIS2_PLACEMENT_3D('',#2893,#2894,#2895);
#2893 = CARTESIAN_POINT('',(-50.2,-1.4E-16,3.2));
#2894 = DIRECTION('',(0.,0.,1.));
#2895 = DIRECTION('',(1.,0.,0.));
#2896 = ADVANCED_FACE('',(#2897),#2915,.F.);
#2897 = FACE_BOUND('',#2898,.T.);
#2898 = EDGE_LOOP('',(#2899,#2907,#2913,#2914));
#2899 = ORIENTED_EDGE('',*,*,#2900,.T.);
#2900 = EDGE_CURVE('',#1386,#2901,#2903,.T.);
#2901 = VERTEX_POINT('',#2902);
#2902 = CARTESIAN_POINT('',(6.,40.9,12.400000000002));
#2903 = LINE('',#2904,#2905);
#2904 = CARTESIAN_POINT('',(7.5,40.9,12.400000000002));
#2905 = VECTOR('',#2906,1.);
#2906 = DIRECTION('',(-1.,-6.E-15,-2.6756E-13));
#2907 = ORIENTED_EDGE('',*,*,#2908,.T.);
#2908 = EDGE_CURVE('',#2901,#2515,#2909,.T.);
#2909 = LINE('',#2910,#2911);
#2910 = CARTESIAN_POINT('',(6.,40.9,12.400000000002));
#2911 = VECTOR('',#2912,1.);
#2912 = DIRECTION('',(-2.6713E-13,1.60278E-27,1.));
#2913 = ORIENTED_EDGE('',*,*,#2514,.F.);
#2914 = ORIENTED_EDGE('',*,*,#1393,.F.);
#2915 = PLANE('',#2916);
#2916 = AXIS2_PLACEMENT_3D('',#2917,#2918,#2919);
#2917 = CARTESIAN_POINT('',(7.5,40.9,12.400000000002));
#2918 = DIRECTION('',(6.E-15,-1.,0.));
#2919 = DIRECTION('',(2.6756E-13,1.60536E-27,-1.));
#2920 = ADVANCED_FACE('',(#2921),#2932,.F.);
#2921 = FACE_BOUND('',#2922,.T.);
#2922 = EDGE_LOOP('',(#2923,#2924,#2930,#2931));
#2923 = ORIENTED_EDGE('',*,*,#1528,.T.);
#2924 = ORIENTED_EDGE('',*,*,#2925,.T.);
#2925 = EDGE_CURVE('',#1521,#2901,#2926,.T.);
#2926 = LINE('',#2927,#2928);
#2927 = CARTESIAN_POINT('',(6.000000000001,18.9,12.400000000002));
#2928 = VECTOR('',#2929,1.);
#2929 = DIRECTION('',(-5.99E-15,1.,3.21332E-27));
#2930 = ORIENTED_EDGE('',*,*,#2900,.F.);
#2931 = ORIENTED_EDGE('',*,*,#1385,.F.);
#2932 = PLANE('',#2933);
#2933 = AXIS2_PLACEMENT_3D('',#2934,#2935,#2936);
#2934 = CARTESIAN_POINT('',(7.500000000001,18.9,12.400000000002));
#2935 = DIRECTION('',(-2.6756E-13,0.,1.));
#2936 = DIRECTION('',(6.E-15,-1.,1.60536E-27));
#2937 = ADVANCED_FACE('',(#2938),#2944,.T.);
#2938 = FACE_BOUND('',#2939,.F.);
#2939 = EDGE_LOOP('',(#2940,#2941,#2942,#2943));
#2940 = ORIENTED_EDGE('',*,*,#1520,.T.);
#2941 = ORIENTED_EDGE('',*,*,#2925,.T.);
#2942 = ORIENTED_EDGE('',*,*,#2908,.T.);
#2943 = ORIENTED_EDGE('',*,*,#2522,.T.);
#2944 = PLANE('',#2945);
#2945 = AXIS2_PLACEMENT_3D('',#2946,#2947,#2948);
#2946 = CARTESIAN_POINT('',(6.,29.9,13.400000000002));
#2947 = DIRECTION('',(-1.,-6.E-15,-2.6756E-13));
#2948 = DIRECTION('',(2.6756E-13,0.,-1.));
#2949 = ADVANCED_FACE('',(#2950),#2991,.T.);
#2950 = FACE_BOUND('',#2951,.F.);
#2951 = EDGE_LOOP('',(#2952,#2962,#2970,#2978,#2984,#2985));
#2952 = ORIENTED_EDGE('',*,*,#2953,.T.);
#2953 = EDGE_CURVE('',#2954,#2956,#2958,.T.);
#2954 = VERTEX_POINT('',#2955);
#2955 = CARTESIAN_POINT('',(49.3,3.05,3.2));
#2956 = VERTEX_POINT('',#2957);
#2957 = CARTESIAN_POINT('',(49.3,3.05,-4.7));
#2958 = LINE('',#2959,#2960);
#2959 = CARTESIAN_POINT('',(49.3,3.05,3.2));
#2960 = VECTOR('',#2961,1.);
#2961 = DIRECTION('',(-0.,0.,-1.));
#2962 = ORIENTED_EDGE('',*,*,#2963,.T.);
#2963 = EDGE_CURVE('',#2956,#2964,#2966,.T.);
#2964 = VERTEX_POINT('',#2965);
#2965 = CARTESIAN_POINT('',(50.5,3.05,-4.7));
#2966 = LINE('',#2967,#2968);
#2967 = CARTESIAN_POINT('',(49.3,3.05,-4.7));
#2968 = VECTOR('',#2969,1.);
#2969 = DIRECTION('',(1.,0.,0.));
#2970 = ORIENTED_EDGE('',*,*,#2971,.T.);
#2971 = EDGE_CURVE('',#2964,#2972,#2974,.T.);
#2972 = VERTEX_POINT('',#2973);
#2973 = CARTESIAN_POINT('',(52.05,3.05,-2.7));
#2974 = LINE('',#2975,#2976);
#2975 = CARTESIAN_POINT('',(50.5,3.05,-4.7));
#2976 = VECTOR('',#2977,1.);
#2977 = DIRECTION('',(0.612571665436,0.,0.790415052175));
#2978 = ORIENTED_EDGE('',*,*,#2979,.T.);
#2979 = EDGE_CURVE('',#2972,#1730,#2980,.T.);
#2980 = LINE('',#2981,#2982);
#2981 = CARTESIAN_POINT('',(52.05,3.05,-2.7));
#2982 = VECTOR('',#2983,1.);
#2983 = DIRECTION('',(-1.,0.,-0.));
#2984 = ORIENTED_EDGE('',*,*,#1729,.T.);
#2985 = ORIENTED_EDGE('',*,*,#2986,.T.);
#2986 = EDGE_CURVE('',#1732,#2954,#2987,.T.);
#2987 = LINE('',#2988,#2989);
#2988 = CARTESIAN_POINT('',(51.1,3.05,3.2));
#2989 = VECTOR('',#2990,1.);
#2990 = DIRECTION('',(-1.,0.,-0.));
#2991 = PLANE('',#2992);
#2992 = AXIS2_PLACEMENT_3D('',#2993,#2994,#2995);
#2993 = CARTESIAN_POINT('',(50.292027159863,3.05,-0.801623097907));
#2994 = DIRECTION('',(0.,1.,0.));
#2995 = DIRECTION('',(0.,0.,-1.));
#2996 = ADVANCED_FACE('',(#2997),#3015,.T.);
#2997 = FACE_BOUND('',#2998,.F.);
#2998 = EDGE_LOOP('',(#2999,#3007,#3013,#3014));
#2999 = ORIENTED_EDGE('',*,*,#3000,.T.);
#3000 = EDGE_CURVE('',#2972,#3001,#3003,.T.);
#3001 = VERTEX_POINT('',#3002);
#3002 = CARTESIAN_POINT('',(52.05,-3.05,-2.7));
#3003 = LINE('',#3004,#3005);
#3004 = CARTESIAN_POINT('',(52.05,3.05,-2.7));
#3005 = VECTOR('',#3006,1.);
#3006 = DIRECTION('',(0.,-1.,2.2E-16));
#3007 = ORIENTED_EDGE('',*,*,#3008,.T.);
#3008 = EDGE_CURVE('',#3001,#1764,#3009,.T.);
#3009 = LINE('',#3010,#3011);
#3010 = CARTESIAN_POINT('',(52.05,-3.05,-2.7));
#3011 = VECTOR('',#3012,1.);
#3012 = DIRECTION('',(-1.,0.,-0.));
#3013 = ORIENTED_EDGE('',*,*,#1771,.F.);
#3014 = ORIENTED_EDGE('',*,*,#2979,.F.);
#3015 = PLANE('',#3016);
#3016 = AXIS2_PLACEMENT_3D('',#3017,#3018,#3019);
#3017 = CARTESIAN_POINT('',(52.05,3.05,-2.7));
#3018 = DIRECTION('',(0.,2.2E-16,1.));
#3019 = DIRECTION('',(1.,0.,0.));
#3020 = ADVANCED_FACE('',(#3021),#3055,.F.);
#3021 = FACE_BOUND('',#3022,.T.);
#3022 = EDGE_LOOP('',(#3023,#3033,#3041,#3047,#3048,#3049));
#3023 = ORIENTED_EDGE('',*,*,#3024,.T.);
#3024 = EDGE_CURVE('',#3025,#3027,#3029,.T.);
#3025 = VERTEX_POINT('',#3026);
#3026 = CARTESIAN_POINT('',(49.3,-3.05,3.2));
#3027 = VERTEX_POINT('',#3028);
#3028 = CARTESIAN_POINT('',(49.3,-3.05,-4.7));
#3029 = LINE('',#3030,#3031);
#3030 = CARTESIAN_POINT('',(49.3,-3.05,3.2));
#3031 = VECTOR('',#3032,1.);
#3032 = DIRECTION('',(-0.,0.,-1.));
#3033 = ORIENTED_EDGE('',*,*,#3034,.T.);
#3034 = EDGE_CURVE('',#3027,#3035,#3037,.T.);
#3035 = VERTEX_POINT('',#3036);
#3036 = CARTESIAN_POINT('',(50.5,-3.05,-4.7));
#3037 = LINE('',#3038,#3039);
#3038 = CARTESIAN_POINT('',(49.3,-3.05,-4.7));
#3039 = VECTOR('',#3040,1.);
#3040 = DIRECTION('',(1.,0.,0.));
#3041 = ORIENTED_EDGE('',*,*,#3042,.T.);
#3042 = EDGE_CURVE('',#3035,#3001,#3043,.T.);
#3043 = LINE('',#3044,#3045);
#3044 = CARTESIAN_POINT('',(50.5,-3.05,-4.7));
#3045 = VECTOR('',#3046,1.);
#3046 = DIRECTION('',(0.612571665436,0.,0.790415052175));
#3047 = ORIENTED_EDGE('',*,*,#3008,.T.);
#3048 = ORIENTED_EDGE('',*,*,#1763,.T.);
#3049 = ORIENTED_EDGE('',*,*,#3050,.T.);
#3050 = EDGE_CURVE('',#1756,#3025,#3051,.T.);
#3051 = LINE('',#3052,#3053);
#3052 = CARTESIAN_POINT('',(51.1,-3.05,3.2));
#3053 = VECTOR('',#3054,1.);
#3054 = DIRECTION('',(-1.,0.,-0.));
#3055 = PLANE('',#3056);
#3056 = AXIS2_PLACEMENT_3D('',#3057,#3058,#3059);
#3057 = CARTESIAN_POINT('',(50.292027159863,-3.05,-0.801623097907));
#3058 = DIRECTION('',(0.,1.,0.));
#3059 = DIRECTION('',(0.,0.,-1.));
#3060 = ADVANCED_FACE('',(#3061),#3087,.F.);
#3061 = FACE_BOUND('',#3062,.T.);
#3062 = EDGE_LOOP('',(#3063,#3071,#3079,#3085,#3086));
#3063 = ORIENTED_EDGE('',*,*,#3064,.F.);
#3064 = EDGE_CURVE('',#3065,#1748,#3067,.T.);
#3065 = VERTEX_POINT('',#3066);
#3066 = CARTESIAN_POINT('',(51.1,-5.5,3.2));
#3067 = LINE('',#3068,#3069);
#3068 = CARTESIAN_POINT('',(51.1,-5.5,3.2));
#3069 = VECTOR('',#3070,1.);
#3070 = DIRECTION('',(-0.,1.,0.));
#3071 = ORIENTED_EDGE('',*,*,#3072,.F.);
#3072 = EDGE_CURVE('',#3073,#3065,#3075,.T.);
#3073 = VERTEX_POINT('',#3074);
#3074 = CARTESIAN_POINT('',(49.3,-5.5,3.2));
#3075 = LINE('',#3076,#3077);
#3076 = CARTESIAN_POINT('',(49.3,-5.5,3.2));
#3077 = VECTOR('',#3078,1.);
#3078 = DIRECTION('',(1.,0.,0.));
#3079 = ORIENTED_EDGE('',*,*,#3080,.F.);
#3080 = EDGE_CURVE('',#3025,#3073,#3081,.T.);
#3081 = LINE('',#3082,#3083);
#3082 = CARTESIAN_POINT('',(49.3,5.5,3.2));
#3083 = VECTOR('',#3084,1.);
#3084 = DIRECTION('',(0.,-1.,0.));
#3085 = ORIENTED_EDGE('',*,*,#3050,.F.);
#3086 = ORIENTED_EDGE('',*,*,#1755,.F.);
#3087 = PLANE('',#3088);
#3088 = AXIS2_PLACEMENT_3D('',#3089,#3090,#3091);
#3089 = CARTESIAN_POINT('',(50.2,-1.4E-16,3.2));
#3090 = DIRECTION('',(0.,0.,1.));
#3091 = DIRECTION('',(1.,0.,0.));
#3092 = ADVANCED_FACE('',(#3093),#3112,.F.);
#3093 = FACE_BOUND('',#3094,.T.);
#3094 = EDGE_LOOP('',(#3095,#3096,#3097,#3105,#3111));
#3095 = ORIENTED_EDGE('',*,*,#1739,.F.);
#3096 = ORIENTED_EDGE('',*,*,#2986,.T.);
#3097 = ORIENTED_EDGE('',*,*,#3098,.F.);
#3098 = EDGE_CURVE('',#3099,#2954,#3101,.T.);
#3099 = VERTEX_POINT('',#3100);
#3100 = CARTESIAN_POINT('',(49.3,5.5,3.2));
#3101 = LINE('',#3102,#3103);
#3102 = CARTESIAN_POINT('',(49.3,5.5,3.2));
#3103 = VECTOR('',#3104,1.);
#3104 = DIRECTION('',(0.,-1.,0.));
#3105 = ORIENTED_EDGE('',*,*,#3106,.F.);
#3106 = EDGE_CURVE('',#2704,#3099,#3107,.T.);
#3107 = LINE('',#3108,#3109);
#3108 = CARTESIAN_POINT('',(51.1,5.5,3.2));
#3109 = VECTOR('',#3110,1.);
#3110 = DIRECTION('',(-1.,0.,0.));
#3111 = ORIENTED_EDGE('',*,*,#2703,.F.);
#3112 = PLANE('',#3113);
#3113 = AXIS2_PLACEMENT_3D('',#3114,#3115,#3116);
#3114 = CARTESIAN_POINT('',(50.2,-1.4E-16,3.2));
#3115 = DIRECTION('',(0.,0.,1.));
#3116 = DIRECTION('',(1.,0.,0.));
#3117 = ADVANCED_FACE('',(#3118),#3166,.F.);
#3118 = FACE_BOUND('',#3119,.F.);
#3119 = EDGE_LOOP('',(#3120,#3121,#3129,#3137,#3143,#3144,#3152,#3160));
#3120 = ORIENTED_EDGE('',*,*,#2369,.T.);
#3121 = ORIENTED_EDGE('',*,*,#3122,.F.);
#3122 = EDGE_CURVE('',#3123,#2372,#3125,.T.);
#3123 = VERTEX_POINT('',#3124);
#3124 = CARTESIAN_POINT('',(-52.5,-42.85,0.));
#3125 = LINE('',#3126,#3127);
#3126 = CARTESIAN_POINT('',(-52.5,-42.85,0.));
#3127 = VECTOR('',#3128,1.);
#3128 = DIRECTION('',(0.,1.,0.));
#3129 = ORIENTED_EDGE('',*,*,#3130,.F.);
#3130 = EDGE_CURVE('',#3131,#3123,#3133,.T.);
#3131 = VERTEX_POINT('',#3132);
#3132 = CARTESIAN_POINT('',(52.5,-42.85,0.));
#3133 = LINE('',#3134,#3135);
#3134 = CARTESIAN_POINT('',(52.5,-42.85,0.));
#3135 = VECTOR('',#3136,1.);
#3136 = DIRECTION('',(-1.,0.,0.));
#3137 = ORIENTED_EDGE('',*,*,#3138,.F.);
#3138 = EDGE_CURVE('',#1788,#3131,#3139,.T.);
#3139 = LINE('',#3140,#3141);
#3140 = CARTESIAN_POINT('',(52.5,42.85,0.));
#3141 = VECTOR('',#3142,1.);
#3142 = DIRECTION('',(0.,-1.,0.));
#3143 = ORIENTED_EDGE('',*,*,#1785,.F.);
#3144 = ORIENTED_EDGE('',*,*,#3145,.F.);
#3145 = EDGE_CURVE('',#3146,#1786,#3148,.T.);
#3146 = VERTEX_POINT('',#3147);
#3147 = CARTESIAN_POINT('',(51.1,-41.5,0.));
#3148 = LINE('',#3149,#3150);
#3149 = CARTESIAN_POINT('',(51.1,-41.5,0.));
#3150 = VECTOR('',#3151,1.);
#3151 = DIRECTION('',(0.,1.,0.));
#3152 = ORIENTED_EDGE('',*,*,#3153,.F.);
#3153 = EDGE_CURVE('',#3154,#3146,#3156,.T.);
#3154 = VERTEX_POINT('',#3155);
#3155 = CARTESIAN_POINT('',(-51.1,-41.5,0.));
#3156 = LINE('',#3157,#3158);
#3157 = CARTESIAN_POINT('',(-51.1,-41.5,0.));
#3158 = VECTOR('',#3159,1.);
#3159 = DIRECTION('',(1.,0.,0.));
#3160 = ORIENTED_EDGE('',*,*,#3161,.F.);
#3161 = EDGE_CURVE('',#2370,#3154,#3162,.T.);
#3162 = LINE('',#3163,#3164);
#3163 = CARTESIAN_POINT('',(-51.1,41.5,0.));
#3164 = VECTOR('',#3165,1.);
#3165 = DIRECTION('',(0.,-1.,0.));
#3166 = PLANE('',#3167);
#3167 = AXIS2_PLACEMENT_3D('',#3168,#3169,#3170);
#3168 = CARTESIAN_POINT('',(0.,0.,0.));
#3169 = DIRECTION('',(0.,0.,1.));
#3170 = DIRECTION('',(1.,0.,0.));
#3171 = ADVANCED_FACE('',(#3172),#3190,.T.);
#3172 = FACE_BOUND('',#3173,.T.);
#3173 = EDGE_LOOP('',(#3174,#3175,#3176,#3184));
#3174 = ORIENTED_EDGE('',*,*,#3138,.F.);
#3175 = ORIENTED_EDGE('',*,*,#1819,.F.);
#3176 = ORIENTED_EDGE('',*,*,#3177,.T.);
#3177 = EDGE_CURVE('',#1812,#3178,#3180,.T.);
#3178 = VERTEX_POINT('',#3179);
#3179 = CARTESIAN_POINT('',(52.5,-42.85,1.5));
#3180 = LINE('',#3181,#3182);
#3181 = CARTESIAN_POINT('',(52.5,42.85,1.5));
#3182 = VECTOR('',#3183,1.);
#3183 = DIRECTION('',(0.,-1.,0.));
#3184 = ORIENTED_EDGE('',*,*,#3185,.F.);
#3185 = EDGE_CURVE('',#3131,#3178,#3186,.T.);
#3186 = LINE('',#3187,#3188);
#3187 = CARTESIAN_POINT('',(52.5,-42.85,0.));
#3188 = VECTOR('',#3189,1.);
#3189 = DIRECTION('',(0.,0.,1.));
#3190 = PLANE('',#3191);
#3191 = AXIS2_PLACEMENT_3D('',#3192,#3193,#3194);
#3192 = CARTESIAN_POINT('',(52.5,42.85,0.));
#3193 = DIRECTION('',(1.,0.,0.));
#3194 = DIRECTION('',(0.,-1.,0.));
#3195 = ADVANCED_FACE('',(#3196),#3241,.F.);
#3196 = FACE_BOUND('',#3197,.F.);
#3197 = EDGE_LOOP('',(#3198,#3199,#3208,#3216,#3223,#3224,#3225,#3226,
    #3234,#3240));
#3198 = ORIENTED_EDGE('',*,*,#2347,.F.);
#3199 = ORIENTED_EDGE('',*,*,#3200,.T.);
#3200 = EDGE_CURVE('',#2348,#3201,#3203,.T.);
#3201 = VERTEX_POINT('',#3202);
#3202 = CARTESIAN_POINT('',(-51.5,-43.85,1.5));
#3203 = CIRCLE('',#3204,2.);
#3204 = AXIS2_PLACEMENT_3D('',#3205,#3206,#3207);
#3205 = CARTESIAN_POINT('',(-51.5,-41.85,1.5));
#3206 = DIRECTION('',(-0.,0.,1.));
#3207 = DIRECTION('',(0.,-1.,0.));
#3208 = ORIENTED_EDGE('',*,*,#3209,.F.);
#3209 = EDGE_CURVE('',#3210,#3201,#3212,.T.);
#3210 = VERTEX_POINT('',#3211);
#3211 = CARTESIAN_POINT('',(51.5,-43.85,1.5));
#3212 = LINE('',#3213,#3214);
#3213 = CARTESIAN_POINT('',(53.5,-43.85,1.5));
#3214 = VECTOR('',#3215,1.);
#3215 = DIRECTION('',(-1.,0.,0.));
#3216 = ORIENTED_EDGE('',*,*,#3217,.F.);
#3217 = EDGE_CURVE('',#1844,#3210,#3218,.T.);
#3218 = CIRCLE('',#3219,2.);
#3219 = AXIS2_PLACEMENT_3D('',#3220,#3221,#3222);
#3220 = CARTESIAN_POINT('',(51.5,-41.85,1.5));
#3221 = DIRECTION('',(-0.,-0.,-1.));
#3222 = DIRECTION('',(0.,-1.,0.));
#3223 = ORIENTED_EDGE('',*,*,#1851,.F.);
#3224 = ORIENTED_EDGE('',*,*,#1811,.F.);
#3225 = ORIENTED_EDGE('',*,*,#3177,.T.);
#3226 = ORIENTED_EDGE('',*,*,#3227,.T.);
#3227 = EDGE_CURVE('',#3178,#3228,#3230,.T.);
#3228 = VERTEX_POINT('',#3229);
#3229 = CARTESIAN_POINT('',(-52.5,-42.85,1.5));
#3230 = LINE('',#3231,#3232);
#3231 = CARTESIAN_POINT('',(52.5,-42.85,1.5));
#3232 = VECTOR('',#3233,1.);
#3233 = DIRECTION('',(-1.,0.,0.));
#3234 = ORIENTED_EDGE('',*,*,#3235,.T.);
#3235 = EDGE_CURVE('',#3228,#2389,#3236,.T.);
#3236 = LINE('',#3237,#3238);
#3237 = CARTESIAN_POINT('',(-52.5,-42.85,1.5));
#3238 = VECTOR('',#3239,1.);
#3239 = DIRECTION('',(0.,1.,0.));
#3240 = ORIENTED_EDGE('',*,*,#2388,.T.);
#3241 = PLANE('',#3242);
#3242 = AXIS2_PLACEMENT_3D('',#3243,#3244,#3245);
#3243 = CARTESIAN_POINT('',(0.,0.,1.5));
#3244 = DIRECTION('',(0.,0.,1.));
#3245 = DIRECTION('',(1.,0.,0.));
#3246 = ADVANCED_FACE('',(#3247),#3265,.T.);
#3247 = FACE_BOUND('',#3248,.T.);
#3248 = EDGE_LOOP('',(#3249,#3250,#3256,#3257,#3263,#3264));
#3249 = ORIENTED_EDGE('',*,*,#3145,.F.);
#3250 = ORIENTED_EDGE('',*,*,#3251,.T.);
#3251 = EDGE_CURVE('',#3146,#2607,#3252,.T.);
#3252 = LINE('',#3253,#3254);
#3253 = CARTESIAN_POINT('',(51.1,-41.5,0.));
#3254 = VECTOR('',#3255,1.);
#3255 = DIRECTION('',(0.,0.,1.));
#3256 = ORIENTED_EDGE('',*,*,#2614,.T.);
#3257 = ORIENTED_EDGE('',*,*,#3258,.T.);
#3258 = EDGE_CURVE('',#2615,#3065,#3259,.T.);
#3259 = LINE('',#3260,#3261);
#3260 = CARTESIAN_POINT('',(51.1,-5.5,7.7));
#3261 = VECTOR('',#3262,1.);
#3262 = DIRECTION('',(-0.,-0.,-1.));
#3263 = ORIENTED_EDGE('',*,*,#3064,.T.);
#3264 = ORIENTED_EDGE('',*,*,#1795,.F.);
#3265 = PLANE('',#3266);
#3266 = AXIS2_PLACEMENT_3D('',#3267,#3268,#3269);
#3267 = CARTESIAN_POINT('',(51.1,-41.5,0.));
#3268 = DIRECTION('',(-1.,0.,0.));
#3269 = DIRECTION('',(0.,1.,0.));
#3270 = ADVANCED_FACE('',(#3271),#3336,.T.);
#3271 = FACE_BOUND('',#3272,.T.);
#3272 = EDGE_LOOP('',(#3273,#3274,#3283,#3291,#3298,#3299,#3300,#3308,
    #3314,#3315,#3316,#3317,#3318,#3319,#3320,#3321,#3329,#3335));
#3273 = ORIENTED_EDGE('',*,*,#2329,.T.);
#3274 = ORIENTED_EDGE('',*,*,#3275,.T.);
#3275 = EDGE_CURVE('',#2330,#3276,#3278,.T.);
#3276 = VERTEX_POINT('',#3277);
#3277 = CARTESIAN_POINT('',(-51.5,-43.85,14.4));
#3278 = CIRCLE('',#3279,2.);
#3279 = AXIS2_PLACEMENT_3D('',#3280,#3281,#3282);
#3280 = CARTESIAN_POINT('',(-51.5,-41.85,14.4));
#3281 = DIRECTION('',(-0.,0.,1.));
#3282 = DIRECTION('',(0.,-1.,0.));
#3283 = ORIENTED_EDGE('',*,*,#3284,.T.);
#3284 = EDGE_CURVE('',#3276,#3285,#3287,.T.);
#3285 = VERTEX_POINT('',#3286);
#3286 = CARTESIAN_POINT('',(51.5,-43.85,14.4));
#3287 = LINE('',#3288,#3289);
#3288 = CARTESIAN_POINT('',(-53.5,-43.85,14.4));
#3289 = VECTOR('',#3290,1.);
#3290 = DIRECTION('',(1.,0.,0.));
#3291 = ORIENTED_EDGE('',*,*,#3292,.F.);
#3292 = EDGE_CURVE('',#1836,#3285,#3293,.T.);
#3293 = CIRCLE('',#3294,2.);
#3294 = AXIS2_PLACEMENT_3D('',#3295,#3296,#3297);
#3295 = CARTESIAN_POINT('',(51.5,-41.85,14.4));
#3296 = DIRECTION('',(-0.,-0.,-1.));
#3297 = DIRECTION('',(0.,-1.,0.));
#3298 = ORIENTED_EDGE('',*,*,#1833,.F.);
#3299 = ORIENTED_EDGE('',*,*,#1898,.F.);
#3300 = ORIENTED_EDGE('',*,*,#3301,.T.);
#3301 = EDGE_CURVE('',#1891,#3302,#3304,.T.);
#3302 = VERTEX_POINT('',#3303);
#3303 = CARTESIAN_POINT('',(49.5,-15.85,14.4));
#3304 = LINE('',#3305,#3306);
#3305 = CARTESIAN_POINT('',(49.5,-17.85,14.4));
#3306 = VECTOR('',#3307,1.);
#3307 = DIRECTION('',(0.,1.,-2.2E-16));
#3308 = ORIENTED_EDGE('',*,*,#3309,.T.);
#3309 = EDGE_CURVE('',#3302,#2010,#3310,.T.);
#3310 = LINE('',#3311,#3312);
#3311 = CARTESIAN_POINT('',(49.5,-15.85,14.4));
#3312 = VECTOR('',#3313,1.);
#3313 = DIRECTION('',(-1.,0.,0.));
#3314 = ORIENTED_EDGE('',*,*,#2009,.F.);
#3315 = ORIENTED_EDGE('',*,*,#2049,.F.);
#3316 = ORIENTED_EDGE('',*,*,#2073,.F.);
#3317 = ORIENTED_EDGE('',*,*,#2097,.F.);
#3318 = ORIENTED_EDGE('',*,*,#2114,.T.);
#3319 = ORIENTED_EDGE('',*,*,#2138,.T.);
#3320 = ORIENTED_EDGE('',*,*,#2187,.T.);
#3321 = ORIENTED_EDGE('',*,*,#3322,.F.);
#3322 = EDGE_CURVE('',#3323,#2180,#3325,.T.);
#3323 = VERTEX_POINT('',#3324);
#3324 = CARTESIAN_POINT('',(-49.5,-15.85,14.4));
#3325 = LINE('',#3326,#3327);
#3326 = CARTESIAN_POINT('',(-49.5,-15.85,14.4));
#3327 = VECTOR('',#3328,1.);
#3328 = DIRECTION('',(1.,0.,0.));
#3329 = ORIENTED_EDGE('',*,*,#3330,.F.);
#3330 = EDGE_CURVE('',#2235,#3323,#3331,.T.);
#3331 = LINE('',#3332,#3333);
#3332 = CARTESIAN_POINT('',(-49.5,-17.85,14.4));
#3333 = VECTOR('',#3334,1.);
#3334 = DIRECTION('',(0.,1.,-2.2E-16));
#3335 = ORIENTED_EDGE('',*,*,#2234,.T.);
#3336 = PLANE('',#3337);
#3337 = AXIS2_PLACEMENT_3D('',#3338,#3339,#3340);
#3338 = CARTESIAN_POINT('',(3.17E-15,-32.77517401392,14.4));
#3339 = DIRECTION('',(0.,0.,1.));
#3340 = DIRECTION('',(1.,0.,0.));
#3341 = ADVANCED_FACE('',(#3342),#3353,.T.);
#3342 = FACE_BOUND('',#3343,.F.);
#3343 = EDGE_LOOP('',(#3344,#3345,#3351,#3352));
#3344 = ORIENTED_EDGE('',*,*,#3217,.T.);
#3345 = ORIENTED_EDGE('',*,*,#3346,.T.);
#3346 = EDGE_CURVE('',#3210,#3285,#3347,.T.);
#3347 = LINE('',#3348,#3349);
#3348 = CARTESIAN_POINT('',(51.5,-43.85,1.5));
#3349 = VECTOR('',#3350,1.);
#3350 = DIRECTION('',(0.,0.,1.));
#3351 = ORIENTED_EDGE('',*,*,#3292,.F.);
#3352 = ORIENTED_EDGE('',*,*,#1843,.F.);
#3353 = CYLINDRICAL_SURFACE('',#3354,2.);
#3354 = AXIS2_PLACEMENT_3D('',#3355,#3356,#3357);
#3355 = CARTESIAN_POINT('',(51.5,-41.85,1.5));
#3356 = DIRECTION('',(0.,0.,1.));
#3357 = DIRECTION('',(1.,0.,-0.));
#3358 = ADVANCED_FACE('',(#3359),#3377,.F.);
#3359 = FACE_BOUND('',#3360,.T.);
#3360 = EDGE_LOOP('',(#3361,#3369,#3375,#3376));
#3361 = ORIENTED_EDGE('',*,*,#3362,.T.);
#3362 = EDGE_CURVE('',#1883,#3363,#3365,.T.);
#3363 = VERTEX_POINT('',#3364);
#3364 = CARTESIAN_POINT('',(49.5,-15.85,12.4));
#3365 = LINE('',#3366,#3367);
#3366 = CARTESIAN_POINT('',(49.5,-17.85,12.4));
#3367 = VECTOR('',#3368,1.);
#3368 = DIRECTION('',(0.,1.,-2.2E-16));
#3369 = ORIENTED_EDGE('',*,*,#3370,.T.);
#3370 = EDGE_CURVE('',#3363,#3302,#3371,.T.);
#3371 = LINE('',#3372,#3373);
#3372 = CARTESIAN_POINT('',(49.5,-15.85,12.4));
#3373 = VECTOR('',#3374,1.);
#3374 = DIRECTION('',(0.,0.,1.));
#3375 = ORIENTED_EDGE('',*,*,#3301,.F.);
#3376 = ORIENTED_EDGE('',*,*,#1890,.F.);
#3377 = PLANE('',#3378);
#3378 = AXIS2_PLACEMENT_3D('',#3379,#3380,#3381);
#3379 = CARTESIAN_POINT('',(49.5,-17.85,12.4));
#3380 = DIRECTION('',(-1.,-0.,-0.));
#3381 = DIRECTION('',(0.,-2.2E-16,-1.));
#3382 = ADVANCED_FACE('',(#3383),#3394,.F.);
#3383 = FACE_BOUND('',#3384,.T.);
#3384 = EDGE_LOOP('',(#3385,#3386,#3392,#3393));
#3385 = ORIENTED_EDGE('',*,*,#2025,.T.);
#3386 = ORIENTED_EDGE('',*,*,#3387,.T.);
#3387 = EDGE_CURVE('',#2018,#3363,#3388,.T.);
#3388 = LINE('',#3389,#3390);
#3389 = CARTESIAN_POINT('',(23.5,-15.85,12.4));
#3390 = VECTOR('',#3391,1.);
#3391 = DIRECTION('',(1.,-0.,-0.));
#3392 = ORIENTED_EDGE('',*,*,#3362,.F.);
#3393 = ORIENTED_EDGE('',*,*,#1882,.F.);
#3394 = PLANE('',#3395);
#3395 = AXIS2_PLACEMENT_3D('',#3396,#3397,#3398);
#3396 = CARTESIAN_POINT('',(23.5,-17.85,12.4));
#3397 = DIRECTION('',(0.,2.2E-16,1.));
#3398 = DIRECTION('',(-1.,0.,0.));
#3399 = ADVANCED_FACE('',(#3400),#3406,.T.);
#3400 = FACE_BOUND('',#3401,.F.);
#3401 = EDGE_LOOP('',(#3402,#3403,#3404,#3405));
#3402 = ORIENTED_EDGE('',*,*,#2017,.T.);
#3403 = ORIENTED_EDGE('',*,*,#3387,.T.);
#3404 = ORIENTED_EDGE('',*,*,#3370,.T.);
#3405 = ORIENTED_EDGE('',*,*,#3309,.T.);
#3406 = PLANE('',#3407);
#3407 = AXIS2_PLACEMENT_3D('',#3408,#3409,#3410);
#3408 = CARTESIAN_POINT('',(36.5,-15.85,13.4));
#3409 = DIRECTION('',(0.,1.,0.));
#3410 = DIRECTION('',(0.,0.,-1.));
#3411 = ADVANCED_FACE('',(#3412),#3430,.F.);
#3412 = FACE_BOUND('',#3413,.F.);
#3413 = EDGE_LOOP('',(#3414,#3415,#3423,#3429));
#3414 = ORIENTED_EDGE('',*,*,#2171,.T.);
#3415 = ORIENTED_EDGE('',*,*,#3416,.T.);
#3416 = EDGE_CURVE('',#2172,#3417,#3419,.T.);
#3417 = VERTEX_POINT('',#3418);
#3418 = CARTESIAN_POINT('',(-49.5,-15.85,12.4));
#3419 = LINE('',#3420,#3421);
#3420 = CARTESIAN_POINT('',(-23.5,-15.85,12.4));
#3421 = VECTOR('',#3422,1.);
#3422 = DIRECTION('',(-1.,0.,0.));
#3423 = ORIENTED_EDGE('',*,*,#3424,.F.);
#3424 = EDGE_CURVE('',#2243,#3417,#3425,.T.);
#3425 = LINE('',#3426,#3427);
#3426 = CARTESIAN_POINT('',(-49.5,-17.85,12.4));
#3427 = VECTOR('',#3428,1.);
#3428 = DIRECTION('',(0.,1.,-2.2E-16));
#3429 = ORIENTED_EDGE('',*,*,#2250,.F.);
#3430 = PLANE('',#3431);
#3431 = AXIS2_PLACEMENT_3D('',#3432,#3433,#3434);
#3432 = CARTESIAN_POINT('',(-23.5,-17.85,12.4));
#3433 = DIRECTION('',(0.,2.2E-16,1.));
#3434 = DIRECTION('',(-1.,0.,0.));
#3435 = ADVANCED_FACE('',(#3436),#3447,.T.);
#3436 = FACE_BOUND('',#3437,.T.);
#3437 = EDGE_LOOP('',(#3438,#3439,#3440,#3446));
#3438 = ORIENTED_EDGE('',*,*,#2179,.T.);
#3439 = ORIENTED_EDGE('',*,*,#3416,.T.);
#3440 = ORIENTED_EDGE('',*,*,#3441,.T.);
#3441 = EDGE_CURVE('',#3417,#3323,#3442,.T.);
#3442 = LINE('',#3443,#3444);
#3443 = CARTESIAN_POINT('',(-49.5,-15.85,12.4));
#3444 = VECTOR('',#3445,1.);
#3445 = DIRECTION('',(0.,0.,1.));
#3446 = ORIENTED_EDGE('',*,*,#3322,.T.);
#3447 = PLANE('',#3448);
#3448 = AXIS2_PLACEMENT_3D('',#3449,#3450,#3451);
#3449 = CARTESIAN_POINT('',(-36.5,-15.85,13.4));
#3450 = DIRECTION('',(0.,1.,0.));
#3451 = DIRECTION('',(0.,0.,1.));
#3452 = ADVANCED_FACE('',(#3453),#3459,.F.);
#3453 = FACE_BOUND('',#3454,.F.);
#3454 = EDGE_LOOP('',(#3455,#3456,#3457,#3458));
#3455 = ORIENTED_EDGE('',*,*,#3424,.T.);
#3456 = ORIENTED_EDGE('',*,*,#3441,.T.);
#3457 = ORIENTED_EDGE('',*,*,#3330,.F.);
#3458 = ORIENTED_EDGE('',*,*,#2242,.F.);
#3459 = PLANE('',#3460);
#3460 = AXIS2_PLACEMENT_3D('',#3461,#3462,#3463);
#3461 = CARTESIAN_POINT('',(-49.5,-17.85,12.4));
#3462 = DIRECTION('',(1.,0.,0.));
#3463 = DIRECTION('',(0.,2.2E-16,1.));
#3464 = ADVANCED_FACE('',(#3465),#3476,.T.);
#3465 = FACE_BOUND('',#3466,.T.);
#3466 = EDGE_LOOP('',(#3467,#3468,#3474,#3475));
#3467 = ORIENTED_EDGE('',*,*,#3200,.T.);
#3468 = ORIENTED_EDGE('',*,*,#3469,.T.);
#3469 = EDGE_CURVE('',#3201,#3276,#3470,.T.);
#3470 = LINE('',#3471,#3472);
#3471 = CARTESIAN_POINT('',(-51.5,-43.85,1.5));
#3472 = VECTOR('',#3473,1.);
#3473 = DIRECTION('',(0.,0.,1.));
#3474 = ORIENTED_EDGE('',*,*,#3275,.F.);
#3475 = ORIENTED_EDGE('',*,*,#2355,.F.);
#3476 = CYLINDRICAL_SURFACE('',#3477,2.);
#3477 = AXIS2_PLACEMENT_3D('',#3478,#3479,#3480);
#3478 = CARTESIAN_POINT('',(-51.5,-41.85,1.5));
#3479 = DIRECTION('',(0.,0.,1.));
#3480 = DIRECTION('',(-1.,0.,0.));
#3481 = ADVANCED_FACE('',(#3482),#3493,.T.);
#3482 = FACE_BOUND('',#3483,.T.);
#3483 = EDGE_LOOP('',(#3484,#3485,#3491,#3492));
#3484 = ORIENTED_EDGE('',*,*,#3122,.F.);
#3485 = ORIENTED_EDGE('',*,*,#3486,.T.);
#3486 = EDGE_CURVE('',#3123,#3228,#3487,.T.);
#3487 = LINE('',#3488,#3489);
#3488 = CARTESIAN_POINT('',(-52.5,-42.85,0.));
#3489 = VECTOR('',#3490,1.);
#3490 = DIRECTION('',(0.,0.,1.));
#3491 = ORIENTED_EDGE('',*,*,#3235,.T.);
#3492 = ORIENTED_EDGE('',*,*,#2396,.T.);
#3493 = PLANE('',#3494);
#3494 = AXIS2_PLACEMENT_3D('',#3495,#3496,#3497);
#3495 = CARTESIAN_POINT('',(-52.5,-42.85,0.));
#3496 = DIRECTION('',(-1.,0.,0.));
#3497 = DIRECTION('',(0.,1.,0.));
#3498 = ADVANCED_FACE('',(#3499),#3517,.T.);
#3499 = FACE_BOUND('',#3500,.T.);
#3500 = EDGE_LOOP('',(#3501,#3502,#3503,#3504,#3510,#3511));
#3501 = ORIENTED_EDGE('',*,*,#3161,.F.);
#3502 = ORIENTED_EDGE('',*,*,#2379,.T.);
#3503 = ORIENTED_EDGE('',*,*,#2732,.F.);
#3504 = ORIENTED_EDGE('',*,*,#3505,.F.);
#3505 = EDGE_CURVE('',#2591,#2733,#3506,.T.);
#3506 = LINE('',#3507,#3508);
#3507 = CARTESIAN_POINT('',(-51.1,-5.5,7.7));
#3508 = VECTOR('',#3509,1.);
#3509 = DIRECTION('',(0.,0.,-1.));
#3510 = ORIENTED_EDGE('',*,*,#2598,.T.);
#3511 = ORIENTED_EDGE('',*,*,#3512,.F.);
#3512 = EDGE_CURVE('',#3154,#2599,#3513,.T.);
#3513 = LINE('',#3514,#3515);
#3514 = CARTESIAN_POINT('',(-51.1,-41.5,0.));
#3515 = VECTOR('',#3516,1.);
#3516 = DIRECTION('',(0.,0.,1.));
#3517 = PLANE('',#3518);
#3518 = AXIS2_PLACEMENT_3D('',#3519,#3520,#3521);
#3519 = CARTESIAN_POINT('',(-51.1,41.5,0.));
#3520 = DIRECTION('',(1.,0.,0.));
#3521 = DIRECTION('',(0.,-1.,0.));
#3522 = ADVANCED_FACE('',(#3523),#3529,.T.);
#3523 = FACE_BOUND('',#3524,.T.);
#3524 = EDGE_LOOP('',(#3525,#3526,#3527,#3528));
#3525 = ORIENTED_EDGE('',*,*,#2718,.T.);
#3526 = ORIENTED_EDGE('',*,*,#2567,.T.);
#3527 = ORIENTED_EDGE('',*,*,#2471,.F.);
#3528 = ORIENTED_EDGE('',*,*,#2448,.F.);
#3529 = PLANE('',#3530);
#3530 = AXIS2_PLACEMENT_3D('',#3531,#3532,#3533);
#3531 = CARTESIAN_POINT('',(51.1,41.5,0.));
#3532 = DIRECTION('',(0.,-1.,0.));
#3533 = DIRECTION('',(-1.,0.,0.));
#3534 = ADVANCED_FACE('',(#3535),#3546,.F.);
#3535 = FACE_BOUND('',#3536,.F.);
#3536 = EDGE_LOOP('',(#3537,#3538,#3539,#3545));
#3537 = ORIENTED_EDGE('',*,*,#2487,.T.);
#3538 = ORIENTED_EDGE('',*,*,#2885,.T.);
#3539 = ORIENTED_EDGE('',*,*,#3540,.F.);
#3540 = EDGE_CURVE('',#2575,#2878,#3541,.T.);
#3541 = LINE('',#3542,#3543);
#3542 = CARTESIAN_POINT('',(-49.3,5.5,7.7));
#3543 = VECTOR('',#3544,1.);
#3544 = DIRECTION('',(0.,0.,-1.));
#3545 = ORIENTED_EDGE('',*,*,#2574,.F.);
#3546 = PLANE('',#3547);
#3547 = AXIS2_PLACEMENT_3D('',#3548,#3549,#3550);
#3548 = CARTESIAN_POINT('',(-51.1,5.5,7.7));
#3549 = DIRECTION('',(0.,-1.,0.));
#3550 = DIRECTION('',(1.,0.,0.));
#3551 = ADVANCED_FACE('',(#3552),#3563,.F.);
#3552 = FACE_BOUND('',#3553,.T.);
#3553 = EDGE_LOOP('',(#3554,#3555,#3556,#3562));
#3554 = ORIENTED_EDGE('',*,*,#2711,.T.);
#3555 = ORIENTED_EDGE('',*,*,#3106,.T.);
#3556 = ORIENTED_EDGE('',*,*,#3557,.F.);
#3557 = EDGE_CURVE('',#2631,#3099,#3558,.T.);
#3558 = LINE('',#3559,#3560);
#3559 = CARTESIAN_POINT('',(49.3,5.5,7.7));
#3560 = VECTOR('',#3561,1.);
#3561 = DIRECTION('',(-0.,-0.,-1.));
#3562 = ORIENTED_EDGE('',*,*,#2638,.F.);
#3563 = PLANE('',#3564);
#3564 = AXIS2_PLACEMENT_3D('',#3565,#3566,#3567);
#3565 = CARTESIAN_POINT('',(51.1,5.5,7.7));
#3566 = DIRECTION('',(-0.,-1.,-0.));
#3567 = DIRECTION('',(1.,0.,0.));
#3568 = ADVANCED_FACE('',(#3569),#3589,.T.);
#3569 = FACE_BOUND('',#3570,.T.);
#3570 = EDGE_LOOP('',(#3571,#3572,#3573,#3574,#3580,#3581,#3582,#3588));
#3571 = ORIENTED_EDGE('',*,*,#3557,.T.);
#3572 = ORIENTED_EDGE('',*,*,#3098,.T.);
#3573 = ORIENTED_EDGE('',*,*,#2953,.T.);
#3574 = ORIENTED_EDGE('',*,*,#3575,.T.);
#3575 = EDGE_CURVE('',#2956,#3027,#3576,.T.);
#3576 = LINE('',#3577,#3578);
#3577 = CARTESIAN_POINT('',(49.3,3.05,-4.7));
#3578 = VECTOR('',#3579,1.);
#3579 = DIRECTION('',(0.,-1.,2.2E-16));
#3580 = ORIENTED_EDGE('',*,*,#3024,.F.);
#3581 = ORIENTED_EDGE('',*,*,#3080,.T.);
#3582 = ORIENTED_EDGE('',*,*,#3583,.F.);
#3583 = EDGE_CURVE('',#2623,#3073,#3584,.T.);
#3584 = LINE('',#3585,#3586);
#3585 = CARTESIAN_POINT('',(49.3,-5.5,7.7));
#3586 = VECTOR('',#3587,1.);
#3587 = DIRECTION('',(-0.,-0.,-1.));
#3588 = ORIENTED_EDGE('',*,*,#2630,.F.);
#3589 = PLANE('',#3590);
#3590 = AXIS2_PLACEMENT_3D('',#3591,#3592,#3593);
#3591 = CARTESIAN_POINT('',(49.3,-1.5E-16,2.327136752137));
#3592 = DIRECTION('',(-1.,-0.,-0.));
#3593 = DIRECTION('',(0.,0.,-1.));
#3594 = ADVANCED_FACE('',(#3595),#3601,.F.);
#3595 = FACE_BOUND('',#3596,.T.);
#3596 = EDGE_LOOP('',(#3597,#3598,#3599,#3600));
#3597 = ORIENTED_EDGE('',*,*,#3583,.T.);
#3598 = ORIENTED_EDGE('',*,*,#3072,.T.);
#3599 = ORIENTED_EDGE('',*,*,#3258,.F.);
#3600 = ORIENTED_EDGE('',*,*,#2622,.F.);
#3601 = PLANE('',#3602);
#3602 = AXIS2_PLACEMENT_3D('',#3603,#3604,#3605);
#3603 = CARTESIAN_POINT('',(49.3,-5.5,7.7));
#3604 = DIRECTION('',(0.,1.,0.));
#3605 = DIRECTION('',(-1.,-0.,-0.));
#3606 = ADVANCED_FACE('',(#3607),#3627,.T.);
#3607 = FACE_BOUND('',#3608,.T.);
#3608 = EDGE_LOOP('',(#3609,#3610,#3611,#3617,#3618,#3619,#3625,#3626));
#3609 = ORIENTED_EDGE('',*,*,#3540,.F.);
#3610 = ORIENTED_EDGE('',*,*,#2582,.T.);
#3611 = ORIENTED_EDGE('',*,*,#3612,.T.);
#3612 = EDGE_CURVE('',#2583,#2741,#3613,.T.);
#3613 = LINE('',#3614,#3615);
#3614 = CARTESIAN_POINT('',(-49.3,-5.5,7.7));
#3615 = VECTOR('',#3616,1.);
#3616 = DIRECTION('',(0.,0.,-1.));
#3617 = ORIENTED_EDGE('',*,*,#2748,.F.);
#3618 = ORIENTED_EDGE('',*,*,#2771,.T.);
#3619 = ORIENTED_EDGE('',*,*,#3620,.F.);
#3620 = EDGE_CURVE('',#2838,#2772,#3621,.T.);
#3621 = LINE('',#3622,#3623);
#3622 = CARTESIAN_POINT('',(-49.3,3.05,-4.7));
#3623 = VECTOR('',#3624,1.);
#3624 = DIRECTION('',(0.,-1.,2.2E-16));
#3625 = ORIENTED_EDGE('',*,*,#2835,.F.);
#3626 = ORIENTED_EDGE('',*,*,#2877,.F.);
#3627 = PLANE('',#3628);
#3628 = AXIS2_PLACEMENT_3D('',#3629,#3630,#3631);
#3629 = CARTESIAN_POINT('',(-49.3,-2.9E-16,2.327136752137));
#3630 = DIRECTION('',(1.,0.,0.));
#3631 = DIRECTION('',(0.,0.,1.));
#3632 = ADVANCED_FACE('',(#3633),#3639,.T.);
#3633 = FACE_BOUND('',#3634,.T.);
#3634 = EDGE_LOOP('',(#3635,#3636,#3637,#3638));
#3635 = ORIENTED_EDGE('',*,*,#3512,.T.);
#3636 = ORIENTED_EDGE('',*,*,#2606,.T.);
#3637 = ORIENTED_EDGE('',*,*,#3251,.F.);
#3638 = ORIENTED_EDGE('',*,*,#3153,.F.);
#3639 = PLANE('',#3640);
#3640 = AXIS2_PLACEMENT_3D('',#3641,#3642,#3643);
#3641 = CARTESIAN_POINT('',(-51.1,-41.5,0.));
#3642 = DIRECTION('',(0.,1.,0.));
#3643 = DIRECTION('',(1.,0.,0.));
#3644 = ADVANCED_FACE('',(#3645),#3651,.F.);
#3645 = FACE_BOUND('',#3646,.F.);
#3646 = EDGE_LOOP('',(#3647,#3648,#3649,#3650));
#3647 = ORIENTED_EDGE('',*,*,#3612,.T.);
#3648 = ORIENTED_EDGE('',*,*,#2740,.T.);
#3649 = ORIENTED_EDGE('',*,*,#3505,.F.);
#3650 = ORIENTED_EDGE('',*,*,#2590,.F.);
#3651 = PLANE('',#3652);
#3652 = AXIS2_PLACEMENT_3D('',#3653,#3654,#3655);
#3653 = CARTESIAN_POINT('',(-49.3,-5.5,7.7));
#3654 = DIRECTION('',(0.,1.,0.));
#3655 = DIRECTION('',(-1.,0.,0.));
#3656 = ADVANCED_FACE('',(#3657),#3676,.T.);
#3657 = FACE_BOUND('',#3658,.F.);
#3658 = EDGE_LOOP('',(#3659,#3667,#3674,#3675));
#3659 = ORIENTED_EDGE('',*,*,#3660,.T.);
#3660 = EDGE_CURVE('',#2653,#3661,#3663,.T.);
#3661 = VERTEX_POINT('',#3662);
#3662 = CARTESIAN_POINT('',(45.,-25.,1.7));
#3663 = LINE('',#3664,#3665);
#3664 = CARTESIAN_POINT('',(45.,-25.,7.7));
#3665 = VECTOR('',#3666,1.);
#3666 = DIRECTION('',(0.,0.,-1.));
#3667 = ORIENTED_EDGE('',*,*,#3668,.T.);
#3668 = EDGE_CURVE('',#3661,#3661,#3669,.T.);
#3669 = CIRCLE('',#3670,2.5);
#3670 = AXIS2_PLACEMENT_3D('',#3671,#3672,#3673);
#3671 = CARTESIAN_POINT('',(42.5,-25.,1.7));
#3672 = DIRECTION('',(0.,0.,-1.));
#3673 = DIRECTION('',(1.,0.,0.));
#3674 = ORIENTED_EDGE('',*,*,#3660,.F.);
#3675 = ORIENTED_EDGE('',*,*,#2652,.F.);
#3676 = CYLINDRICAL_SURFACE('',#3677,2.5);
#3677 = AXIS2_PLACEMENT_3D('',#3678,#3679,#3680);
#3678 = CARTESIAN_POINT('',(42.5,-25.,7.7));
#3679 = DIRECTION('',(0.,0.,1.));
#3680 = DIRECTION('',(1.,0.,0.));
#3681 = ADVANCED_FACE('',(#3682),#3701,.T.);
#3682 = FACE_BOUND('',#3683,.F.);
#3683 = EDGE_LOOP('',(#3684,#3692,#3699,#3700));
#3684 = ORIENTED_EDGE('',*,*,#3685,.T.);
#3685 = EDGE_CURVE('',#2670,#3686,#3688,.T.);
#3686 = VERTEX_POINT('',#3687);
#3687 = CARTESIAN_POINT('',(-40.,25.,1.7));
#3688 = LINE('',#3689,#3690);
#3689 = CARTESIAN_POINT('',(-40.,25.,7.7));
#3690 = VECTOR('',#3691,1.);
#3691 = DIRECTION('',(0.,0.,-1.));
#3692 = ORIENTED_EDGE('',*,*,#3693,.T.);
#3693 = EDGE_CURVE('',#3686,#3686,#3694,.T.);
#3694 = CIRCLE('',#3695,2.5);
#3695 = AXIS2_PLACEMENT_3D('',#3696,#3697,#3698);
#3696 = CARTESIAN_POINT('',(-42.5,25.,1.7));
#3697 = DIRECTION('',(0.,0.,-1.));
#3698 = DIRECTION('',(1.,0.,0.));
#3699 = ORIENTED_EDGE('',*,*,#3685,.F.);
#3700 = ORIENTED_EDGE('',*,*,#2669,.F.);
#3701 = CYLINDRICAL_SURFACE('',#3702,2.5);
#3702 = AXIS2_PLACEMENT_3D('',#3703,#3704,#3705);
#3703 = CARTESIAN_POINT('',(-42.5,25.,7.7));
#3704 = DIRECTION('',(0.,0.,1.));
#3705 = DIRECTION('',(1.,0.,0.));
#3706 = ADVANCED_FACE('',(#3707),#3718,.T.);
#3707 = FACE_BOUND('',#3708,.T.);
#3708 = EDGE_LOOP('',(#3709,#3710,#3711,#3717));
#3709 = ORIENTED_EDGE('',*,*,#3620,.T.);
#3710 = ORIENTED_EDGE('',*,*,#2779,.T.);
#3711 = ORIENTED_EDGE('',*,*,#3712,.F.);
#3712 = EDGE_CURVE('',#2846,#2780,#3713,.T.);
#3713 = LINE('',#3714,#3715);
#3714 = CARTESIAN_POINT('',(-50.5,3.05,-4.7));
#3715 = VECTOR('',#3716,1.);
#3716 = DIRECTION('',(0.,-1.,2.2E-16));
#3717 = ORIENTED_EDGE('',*,*,#2845,.F.);
#3718 = PLANE('',#3719);
#3719 = AXIS2_PLACEMENT_3D('',#3720,#3721,#3722);
#3720 = CARTESIAN_POINT('',(-49.3,3.05,-4.7));
#3721 = DIRECTION('',(-0.,-2.2E-16,-1.));
#3722 = DIRECTION('',(-1.,0.,0.));
#3723 = ADVANCED_FACE('',(#3724),#3730,.T.);
#3724 = FACE_BOUND('',#3725,.T.);
#3725 = EDGE_LOOP('',(#3726,#3727,#3728,#3729));
#3726 = ORIENTED_EDGE('',*,*,#3712,.T.);
#3727 = ORIENTED_EDGE('',*,*,#2787,.T.);
#3728 = ORIENTED_EDGE('',*,*,#2811,.F.);
#3729 = ORIENTED_EDGE('',*,*,#2853,.F.);
#3730 = PLANE('',#3731);
#3731 = AXIS2_PLACEMENT_3D('',#3732,#3733,#3734);
#3732 = CARTESIAN_POINT('',(-50.5,3.05,-4.7));
#3733 = DIRECTION('',(-0.790415052175,-1.4E-16,-0.612571665436));
#3734 = DIRECTION('',(-0.612571665436,1.8E-16,0.790415052175));
#3735 = ADVANCED_FACE('',(#3736),#3747,.T.);
#3736 = FACE_BOUND('',#3737,.F.);
#3737 = EDGE_LOOP('',(#3738,#3739,#3740,#3746));
#3738 = ORIENTED_EDGE('',*,*,#3575,.T.);
#3739 = ORIENTED_EDGE('',*,*,#3034,.T.);
#3740 = ORIENTED_EDGE('',*,*,#3741,.F.);
#3741 = EDGE_CURVE('',#2964,#3035,#3742,.T.);
#3742 = LINE('',#3743,#3744);
#3743 = CARTESIAN_POINT('',(50.5,3.05,-4.7));
#3744 = VECTOR('',#3745,1.);
#3745 = DIRECTION('',(0.,-1.,2.2E-16));
#3746 = ORIENTED_EDGE('',*,*,#2963,.F.);
#3747 = PLANE('',#3748);
#3748 = AXIS2_PLACEMENT_3D('',#3749,#3750,#3751);
#3749 = CARTESIAN_POINT('',(49.3,3.05,-4.7));
#3750 = DIRECTION('',(0.,-2.2E-16,-1.));
#3751 = DIRECTION('',(-1.,-0.,-0.));
#3752 = ADVANCED_FACE('',(#3753),#3759,.T.);
#3753 = FACE_BOUND('',#3754,.F.);
#3754 = EDGE_LOOP('',(#3755,#3756,#3757,#3758));
#3755 = ORIENTED_EDGE('',*,*,#3741,.T.);
#3756 = ORIENTED_EDGE('',*,*,#3042,.T.);
#3757 = ORIENTED_EDGE('',*,*,#3000,.F.);
#3758 = ORIENTED_EDGE('',*,*,#2971,.F.);
#3759 = PLANE('',#3760);
#3760 = AXIS2_PLACEMENT_3D('',#3761,#3762,#3763);
#3761 = CARTESIAN_POINT('',(50.5,3.05,-4.7));
#3762 = DIRECTION('',(0.790415052175,-1.4E-16,-0.612571665436));
#3763 = DIRECTION('',(-0.612571665436,-1.8E-16,-0.790415052175));
#3764 = ADVANCED_FACE('',(#3765),#3771,.T.);
#3765 = FACE_BOUND('',#3766,.T.);
#3766 = EDGE_LOOP('',(#3767,#3768,#3769,#3770));
#3767 = ORIENTED_EDGE('',*,*,#3185,.T.);
#3768 = ORIENTED_EDGE('',*,*,#3227,.T.);
#3769 = ORIENTED_EDGE('',*,*,#3486,.F.);
#3770 = ORIENTED_EDGE('',*,*,#3130,.F.);
#3771 = PLANE('',#3772);
#3772 = AXIS2_PLACEMENT_3D('',#3773,#3774,#3775);
#3773 = CARTESIAN_POINT('',(52.5,-42.85,0.));
#3774 = DIRECTION('',(0.,-1.,0.));
#3775 = DIRECTION('',(-1.,0.,0.));
#3776 = ADVANCED_FACE('',(#3777),#3783,.T.);
#3777 = FACE_BOUND('',#3778,.T.);
#3778 = EDGE_LOOP('',(#3779,#3780,#3781,#3782));
#3779 = ORIENTED_EDGE('',*,*,#3284,.F.);
#3780 = ORIENTED_EDGE('',*,*,#3469,.F.);
#3781 = ORIENTED_EDGE('',*,*,#3209,.F.);
#3782 = ORIENTED_EDGE('',*,*,#3346,.T.);
#3783 = PLANE('',#3784);
#3784 = AXIS2_PLACEMENT_3D('',#3785,#3786,#3787);
#3785 = CARTESIAN_POINT('',(0.,-43.85,7.95));
#3786 = DIRECTION('',(-0.,-1.,-0.));
#3787 = DIRECTION('',(0.,0.,-1.));
#3788 = ADVANCED_FACE('',(#3789,#3792),#3803,.F.);
#3789 = FACE_BOUND('',#3790,.T.);
#3790 = EDGE_LOOP('',(#3791));
#3791 = ORIENTED_EDGE('',*,*,#3668,.T.);
#3792 = FACE_BOUND('',#3793,.F.);
#3793 = EDGE_LOOP('',(#3794));
#3794 = ORIENTED_EDGE('',*,*,#3795,.T.);
#3795 = EDGE_CURVE('',#3796,#3796,#3798,.T.);
#3796 = VERTEX_POINT('',#3797);
#3797 = CARTESIAN_POINT('',(43.7,-25.,1.7));
#3798 = CIRCLE('',#3799,1.2);
#3799 = AXIS2_PLACEMENT_3D('',#3800,#3801,#3802);
#3800 = CARTESIAN_POINT('',(42.5,-25.,1.7));
#3801 = DIRECTION('',(0.,0.,-1.));
#3802 = DIRECTION('',(1.,0.,0.));
#3803 = PLANE('',#3804);
#3804 = AXIS2_PLACEMENT_3D('',#3805,#3806,#3807);
#3805 = CARTESIAN_POINT('',(3.33E-15,0.,1.7));
#3806 = DIRECTION('',(0.,0.,1.));
#3807 = DIRECTION('',(1.,0.,0.));
#3808 = ADVANCED_FACE('',(#3809,#3812),#3823,.F.);
#3809 = FACE_BOUND('',#3810,.T.);
#3810 = EDGE_LOOP('',(#3811));
#3811 = ORIENTED_EDGE('',*,*,#3693,.T.);
#3812 = FACE_BOUND('',#3813,.F.);
#3813 = EDGE_LOOP('',(#3814));
#3814 = ORIENTED_EDGE('',*,*,#3815,.T.);
#3815 = EDGE_CURVE('',#3816,#3816,#3818,.T.);
#3816 = VERTEX_POINT('',#3817);
#3817 = CARTESIAN_POINT('',(-41.3,25.,1.7));
#3818 = CIRCLE('',#3819,1.2);
#3819 = AXIS2_PLACEMENT_3D('',#3820,#3821,#3822);
#3820 = CARTESIAN_POINT('',(-42.5,25.,1.7));
#3821 = DIRECTION('',(0.,0.,-1.));
#3822 = DIRECTION('',(1.,0.,0.));
#3823 = PLANE('',#3824);
#3824 = AXIS2_PLACEMENT_3D('',#3825,#3826,#3827);
#3825 = CARTESIAN_POINT('',(3.33E-15,0.,1.7));
#3826 = DIRECTION('',(0.,0.,1.));
#3827 = DIRECTION('',(1.,0.,0.));
#3828 = ADVANCED_FACE('',(#3829),#3848,.F.);
#3829 = FACE_BOUND('',#3830,.T.);
#3830 = EDGE_LOOP('',(#3831,#3839,#3840,#3841));
#3831 = ORIENTED_EDGE('',*,*,#3832,.T.);
#3832 = EDGE_CURVE('',#3833,#3796,#3835,.T.);
#3833 = VERTEX_POINT('',#3834);
#3834 = CARTESIAN_POINT('',(43.7,-25.,7.7));
#3835 = LINE('',#3836,#3837);
#3836 = CARTESIAN_POINT('',(43.7,-25.,7.7));
#3837 = VECTOR('',#3838,1.);
#3838 = DIRECTION('',(0.,0.,-1.));
#3839 = ORIENTED_EDGE('',*,*,#3795,.T.);
#3840 = ORIENTED_EDGE('',*,*,#3832,.F.);
#3841 = ORIENTED_EDGE('',*,*,#3842,.F.);
#3842 = EDGE_CURVE('',#3833,#3833,#3843,.T.);
#3843 = CIRCLE('',#3844,1.2);
#3844 = AXIS2_PLACEMENT_3D('',#3845,#3846,#3847);
#3845 = CARTESIAN_POINT('',(42.5,-25.,7.7));
#3846 = DIRECTION('',(0.,0.,-1.));
#3847 = DIRECTION('',(1.,0.,0.));
#3848 = CYLINDRICAL_SURFACE('',#3849,1.2);
#3849 = AXIS2_PLACEMENT_3D('',#3850,#3851,#3852);
#3850 = CARTESIAN_POINT('',(42.5,-25.,7.7));
#3851 = DIRECTION('',(0.,0.,1.));
#3852 = DIRECTION('',(1.,0.,0.));
#3853 = ADVANCED_FACE('',(#3854),#3873,.F.);
#3854 = FACE_BOUND('',#3855,.T.);
#3855 = EDGE_LOOP('',(#3856,#3864,#3865,#3866));
#3856 = ORIENTED_EDGE('',*,*,#3857,.T.);
#3857 = EDGE_CURVE('',#3858,#3816,#3860,.T.);
#3858 = VERTEX_POINT('',#3859);
#3859 = CARTESIAN_POINT('',(-41.3,25.,7.7));
#3860 = LINE('',#3861,#3862);
#3861 = CARTESIAN_POINT('',(-41.3,25.,7.7));
#3862 = VECTOR('',#3863,1.);
#3863 = DIRECTION('',(0.,0.,-1.));
#3864 = ORIENTED_EDGE('',*,*,#3815,.T.);
#3865 = ORIENTED_EDGE('',*,*,#3857,.F.);
#3866 = ORIENTED_EDGE('',*,*,#3867,.F.);
#3867 = EDGE_CURVE('',#3858,#3858,#3868,.T.);
#3868 = CIRCLE('',#3869,1.2);
#3869 = AXIS2_PLACEMENT_3D('',#3870,#3871,#3872);
#3870 = CARTESIAN_POINT('',(-42.5,25.,7.7));
#3871 = DIRECTION('',(0.,0.,-1.));
#3872 = DIRECTION('',(1.,0.,0.));
#3873 = CYLINDRICAL_SURFACE('',#3874,1.2);
#3874 = AXIS2_PLACEMENT_3D('',#3875,#3876,#3877);
#3875 = CARTESIAN_POINT('',(-42.5,25.,7.7));
#3876 = DIRECTION('',(0.,0.,1.));
#3877 = DIRECTION('',(1.,0.,0.));
#3878 = ADVANCED_FACE('',(#3879),#3882,.F.);
#3879 = FACE_BOUND('',#3880,.F.);
#3880 = EDGE_LOOP('',(#3881));
#3881 = ORIENTED_EDGE('',*,*,#3842,.F.);
#3882 = PLANE('',#3883);
#3883 = AXIS2_PLACEMENT_3D('',#3884,#3885,#3886);
#3884 = CARTESIAN_POINT('',(0.,0.,7.7));
#3885 = DIRECTION('',(0.,0.,1.));
#3886 = DIRECTION('',(1.,0.,0.));
#3887 = ADVANCED_FACE('',(#3888),#3891,.F.);
#3888 = FACE_BOUND('',#3889,.F.);
#3889 = EDGE_LOOP('',(#3890));
#3890 = ORIENTED_EDGE('',*,*,#3867,.F.);
#3891 = PLANE('',#3892);
#3892 = AXIS2_PLACEMENT_3D('',#3893,#3894,#3895);
#3893 = CARTESIAN_POINT('',(0.,0.,7.7));
#3894 = DIRECTION('',(0.,0.,1.));
#3895 = DIRECTION('',(1.,0.,0.));
#3896 = ( GEOMETRIC_REPRESENTATION_CONTEXT(3) 
GLOBAL_UNCERTAINTY_ASSIGNED_CONTEXT((#3900)) 
GLOBAL_UNIT_ASSIGNED_CONTEXT((#3897,#3898,#3899)) REPRESENTATION_CONTEXT
('Context #1','3D Context with UNIT and UNCERTAINTY') );
#3897 = ( LENGTH_UNIT() NAMED_UNIT(*) SI_UNIT(.MILLI.,.METRE.) );
#3898 = ( NAMED_UNIT(*) PLANE_ANGLE_UNIT() SI_UNIT($,.RADIAN.) );
#3899 = ( NAMED_UNIT(*) SI_UNIT($,.STERADIAN.) SOLID_ANGLE_UNIT() );
#3900 = UNCERTAINTY_MEASURE_WITH_UNIT(LENGTH_MEASURE(1.E-04),#3897,
  'distance_accuracy_value','confusion accuracy');
#3901 = PRODUCT_RELATED_PRODUCT_CATEGORY('part',$,(#7));
#3902 = MECHANICAL_DESIGN_GEOMETRIC_PRESENTATION_REPRESENTATION('',(
    #3903),#3896);
#3903 = STYLED_ITEM('color',(#3904),#15);
#3904 = PRESENTATION_STYLE_ASSIGNMENT((#3905,#3911));
#3905 = SURFACE_STYLE_USAGE(.BOTH.,#3906);
#3906 = SURFACE_SIDE_STYLE('',(#3907));
#3907 = SURFACE_STYLE_FILL_AREA(#3908);
#3908 = FILL_AREA_STYLE('',(#3909));
#3909 = FILL_AREA_STYLE_COLOUR('',#3910);
#3910 = COLOUR_RGB('',0.447058818107,0.474509808674,0.501960817233);
#3911 = CURVE_STYLE('',#3912,POSITIVE_LENGTH_MEASURE(0.1),#3913);
#3912 = DRAUGHTING_PRE_DEFINED_CURVE_FONT('continuous');
#3913 = COLOUR_RGB('',9.803921802644E-02,9.803921802644E-02,
  9.803921802644E-02);
ENDSEC;
END-ISO-10303-21;
