ISO-10303-21;
HEADER;
FILE_DESCRIPTION(('FreeCAD Model'),'2;1');
FILE_NAME('Open CASCADE Shape Model','2026-06-11T00:28:19',(''),(''),
  'Open CASCADE STEP processor 7.8','FreeCAD','Unknown');
FILE_SCHEMA(('AUTOMOTIVE_DESIGN { 1 0 10303 214 1 1 1 1 }'));
ENDSEC;
DATA;
#1 = APPLICATION_PROTOCOL_DEFINITION('international standard',
  'automotive_design',2000,#2);
#2 = APPLICATION_CONTEXT(
  'core data for automotive mechanical design processes');
#3 = SHAPE_DEFINITION_REPRESENTATION(#4,#10);
#4 = PRODUCT_DEFINITION_SHAPE('','',#5);
#5 = PRODUCT_DEFINITION('design','',#6,#9);
#6 = PRODUCT_DEFINITION_FORMATION('','',#7);
#7 = PRODUCT('Cuerpo','Cuerpo','',(#8));
#8 = PRODUCT_CONTEXT('',#2,'mechanical');
#9 = PRODUCT_DEFINITION_CONTEXT('part definition',#2,'design');
#10 = ADVANCED_BREP_SHAPE_REPRESENTATION('',(#11,#15),#8231);
#11 = AXIS2_PLACEMENT_3D('',#12,#13,#14);
#12 = CARTESIAN_POINT('',(0.,0.,0.));
#13 = DIRECTION('',(0.,0.,1.));
#14 = DIRECTION('',(1.,0.,-0.));
#15 = MANIFOLD_SOLID_BREP('',#16);
#16 = CLOSED_SHELL('',(#17,#57,#132,#739,#820,#901,#918,#943,#968,#993,
    #1018,#1449,#1489,#1513,#1546,#1586,#1610,#1643,#1683,#1707,#1740,
    #1780,#1804,#1837,#1877,#1901,#1934,#1974,#1998,#2031,#2071,#2095,
    #2128,#2168,#2192,#2225,#2265,#2289,#2322,#2362,#2386,#2419,#2459,
    #2483,#2516,#2556,#2580,#2613,#2653,#2677,#2710,#2750,#2774,#2807,
    #2847,#2871,#2904,#2944,#2968,#3001,#3041,#3065,#3098,#3138,#3162,
    #3195,#3249,#3305,#3352,#3364,#3957,#4388,#4400,#4449,#4501,#4518,
    #4535,#4552,#4569,#4586,#4603,#4620,#4637,#4654,#4671,#4688,#4705,
    #4722,#4739,#4756,#4773,#4790,#4807,#5009,#5112,#5136,#5160,#5177,
    #5256,#5303,#5320,#5348,#5365,#5377,#5417,#5441,#5474,#5514,#5538,
    #5571,#5611,#5635,#5668,#5708,#5732,#5765,#5805,#5829,#5862,#5902,
    #5926,#5959,#5999,#6023,#6056,#6096,#6120,#6153,#6193,#6217,#6250,
    #6290,#6314,#6347,#6387,#6411,#6444,#6484,#6508,#6541,#6581,#6605,
    #6638,#6678,#6702,#6735,#6775,#6799,#6832,#6872,#6896,#6929,#6969,
    #6993,#7026,#7066,#7090,#7123,#7140,#7157,#7174,#7191,#7208,#7225,
    #7242,#7259,#7276,#7293,#7310,#7327,#7344,#7361,#7378,#7395,#7412,
    #7429,#7494,#7525,#7549,#7573,#7590,#7607,#7655,#7708,#7887,#7976,
    #7993,#8011,#8042,#8067,#8091,#8109,#8140,#8165,#8189,#8207,#8219));
#17 = ADVANCED_FACE('',(#18),#52,.F.);
#18 = FACE_BOUND('',#19,.F.);
#19 = EDGE_LOOP('',(#20,#30,#38,#46));
#20 = ORIENTED_EDGE('',*,*,#21,.T.);
#21 = EDGE_CURVE('',#22,#24,#26,.T.);
#22 = VERTEX_POINT('',#23);
#23 = CARTESIAN_POINT('',(52.1,-21.1,47.));
#24 = VERTEX_POINT('',#25);
#25 = CARTESIAN_POINT('',(-52.1,-21.1,47.));
#26 = LINE('',#27,#28);
#27 = CARTESIAN_POINT('',(52.1,-21.1,47.));
#28 = VECTOR('',#29,1.);
#29 = DIRECTION('',(-1.,-0.,-0.));
#30 = ORIENTED_EDGE('',*,*,#31,.T.);
#31 = EDGE_CURVE('',#24,#32,#34,.T.);
#32 = VERTEX_POINT('',#33);
#33 = CARTESIAN_POINT('',(-52.1,-21.1,37.));
#34 = LINE('',#35,#36);
#35 = CARTESIAN_POINT('',(-52.1,-21.1,47.));
#36 = VECTOR('',#37,1.);
#37 = DIRECTION('',(0.,0.,-1.));
#38 = ORIENTED_EDGE('',*,*,#39,.F.);
#39 = EDGE_CURVE('',#40,#32,#42,.T.);
#40 = VERTEX_POINT('',#41);
#41 = CARTESIAN_POINT('',(52.1,-21.1,37.));
#42 = LINE('',#43,#44);
#43 = CARTESIAN_POINT('',(52.1,-21.1,37.));
#44 = VECTOR('',#45,1.);
#45 = DIRECTION('',(-1.,-0.,-0.));
#46 = ORIENTED_EDGE('',*,*,#47,.F.);
#47 = EDGE_CURVE('',#22,#40,#48,.T.);
#48 = LINE('',#49,#50);
#49 = CARTESIAN_POINT('',(52.1,-21.1,47.));
#50 = VECTOR('',#51,1.);
#51 = DIRECTION('',(0.,0.,-1.));
#52 = PLANE('',#53);
#53 = AXIS2_PLACEMENT_3D('',#54,#55,#56);
#54 = CARTESIAN_POINT('',(52.1,-21.1,47.));
#55 = DIRECTION('',(0.,-1.,0.));
#56 = DIRECTION('',(0.,0.,-1.));
#57 = ADVANCED_FACE('',(#58,#83,#94,#105,#116),#127,.F.);
#58 = FACE_BOUND('',#59,.F.);
#59 = EDGE_LOOP('',(#60,#70,#76,#77));
#60 = ORIENTED_EDGE('',*,*,#61,.T.);
#61 = EDGE_CURVE('',#62,#64,#66,.T.);
#62 = VERTEX_POINT('',#63);
#63 = CARTESIAN_POINT('',(52.1,21.1,47.));
#64 = VERTEX_POINT('',#65);
#65 = CARTESIAN_POINT('',(-52.1,21.1,47.));
#66 = LINE('',#67,#68);
#67 = CARTESIAN_POINT('',(52.1,21.1,47.));
#68 = VECTOR('',#69,1.);
#69 = DIRECTION('',(-1.,-0.,-0.));
#70 = ORIENTED_EDGE('',*,*,#71,.T.);
#71 = EDGE_CURVE('',#64,#24,#72,.T.);
#72 = LINE('',#73,#74);
#73 = CARTESIAN_POINT('',(-52.1,21.1,47.));
#74 = VECTOR('',#75,1.);
#75 = DIRECTION('',(0.,-1.,0.));
#76 = ORIENTED_EDGE('',*,*,#21,.F.);
#77 = ORIENTED_EDGE('',*,*,#78,.F.);
#78 = EDGE_CURVE('',#62,#22,#79,.T.);
#79 = LINE('',#80,#81);
#80 = CARTESIAN_POINT('',(52.1,21.1,47.));
#81 = VECTOR('',#82,1.);
#82 = DIRECTION('',(0.,-1.,0.));
#83 = FACE_BOUND('',#84,.F.);
#84 = EDGE_LOOP('',(#85));
#85 = ORIENTED_EDGE('',*,*,#86,.F.);
#86 = EDGE_CURVE('',#87,#87,#89,.T.);
#87 = VERTEX_POINT('',#88);
#88 = CARTESIAN_POINT('',(40.,10.5,47.));
#89 = CIRCLE('',#90,1.5);
#90 = AXIS2_PLACEMENT_3D('',#91,#92,#93);
#91 = CARTESIAN_POINT('',(38.5,10.5,47.));
#92 = DIRECTION('',(0.,0.,1.));
#93 = DIRECTION('',(1.,0.,0.));
#94 = FACE_BOUND('',#95,.F.);
#95 = EDGE_LOOP('',(#96));
#96 = ORIENTED_EDGE('',*,*,#97,.F.);
#97 = EDGE_CURVE('',#98,#98,#100,.T.);
#98 = VERTEX_POINT('',#99);
#99 = CARTESIAN_POINT('',(40.,-3.5,47.));
#100 = CIRCLE('',#101,1.5);
#101 = AXIS2_PLACEMENT_3D('',#102,#103,#104);
#102 = CARTESIAN_POINT('',(38.5,-3.5,47.));
#103 = DIRECTION('',(0.,0.,1.));
#104 = DIRECTION('',(1.,0.,0.));
#105 = FACE_BOUND('',#106,.F.);
#106 = EDGE_LOOP('',(#107));
#107 = ORIENTED_EDGE('',*,*,#108,.F.);
#108 = EDGE_CURVE('',#109,#109,#111,.T.);
#109 = VERTEX_POINT('',#110);
#110 = CARTESIAN_POINT('',(40.,-10.5,47.));
#111 = CIRCLE('',#112,1.5);
#112 = AXIS2_PLACEMENT_3D('',#113,#114,#115);
#113 = CARTESIAN_POINT('',(38.5,-10.5,47.));
#114 = DIRECTION('',(0.,0.,1.));
#115 = DIRECTION('',(1.,0.,0.));
#116 = FACE_BOUND('',#117,.F.);
#117 = EDGE_LOOP('',(#118));
#118 = ORIENTED_EDGE('',*,*,#119,.F.);
#119 = EDGE_CURVE('',#120,#120,#122,.T.);
#120 = VERTEX_POINT('',#121);
#121 = CARTESIAN_POINT('',(40.01,3.5,47.));
#122 = CIRCLE('',#123,1.5);
#123 = AXIS2_PLACEMENT_3D('',#124,#125,#126);
#124 = CARTESIAN_POINT('',(38.51,3.5,47.));
#125 = DIRECTION('',(0.,0.,1.));
#126 = DIRECTION('',(1.,0.,0.));
#127 = PLANE('',#128);
#128 = AXIS2_PLACEMENT_3D('',#129,#130,#131);
#129 = CARTESIAN_POINT('',(52.1,21.1,47.));
#130 = DIRECTION('',(0.,0.,1.));
#131 = DIRECTION('',(0.,-1.,0.));
#132 = ADVANCED_FACE('',(#133),#734,.T.);
#133 = FACE_BOUND('',#134,.T.);
#134 = EDGE_LOOP('',(#135,#143,#151,#159,#167,#175,#183,#191,#199,#207,
    #215,#223,#231,#239,#247,#255,#263,#271,#279,#287,#295,#303,#311,
    #319,#327,#335,#343,#351,#359,#367,#375,#383,#391,#399,#407,#415,
    #423,#431,#439,#447,#455,#463,#471,#479,#487,#495,#503,#511,#519,
    #527,#535,#543,#551,#559,#567,#575,#583,#591,#599,#607,#615,#623,
    #631,#639,#647,#655,#663,#671,#679,#687,#695,#703,#711,#719,#727,
    #733));
#135 = ORIENTED_EDGE('',*,*,#136,.F.);
#136 = EDGE_CURVE('',#137,#40,#139,.T.);
#137 = VERTEX_POINT('',#138);
#138 = CARTESIAN_POINT('',(52.1,-26.1,37.));
#139 = LINE('',#140,#141);
#140 = CARTESIAN_POINT('',(52.1,-26.1,37.));
#141 = VECTOR('',#142,1.);
#142 = DIRECTION('',(0.,1.,0.));
#143 = ORIENTED_EDGE('',*,*,#144,.T.);
#144 = EDGE_CURVE('',#137,#145,#147,.T.);
#145 = VERTEX_POINT('',#146);
#146 = CARTESIAN_POINT('',(50.,-26.1,37.));
#147 = LINE('',#148,#149);
#148 = CARTESIAN_POINT('',(52.1,-26.1,37.));
#149 = VECTOR('',#150,1.);
#150 = DIRECTION('',(-1.,-0.,-0.));
#151 = ORIENTED_EDGE('',*,*,#152,.F.);
#152 = EDGE_CURVE('',#153,#145,#155,.T.);
#153 = VERTEX_POINT('',#154);
#154 = CARTESIAN_POINT('',(50.,-25.,37.));
#155 = LINE('',#156,#157);
#156 = CARTESIAN_POINT('',(50.,-27.55,37.));
#157 = VECTOR('',#158,1.);
#158 = DIRECTION('',(0.,-1.,0.));
#159 = ORIENTED_EDGE('',*,*,#160,.F.);
#160 = EDGE_CURVE('',#161,#153,#163,.T.);
#161 = VERTEX_POINT('',#162);
#162 = CARTESIAN_POINT('',(47.,-25.,37.));
#163 = LINE('',#164,#165);
#164 = CARTESIAN_POINT('',(51.05,-25.,37.));
#165 = VECTOR('',#166,1.);
#166 = DIRECTION('',(1.,0.,0.));
#167 = ORIENTED_EDGE('',*,*,#168,.F.);
#168 = EDGE_CURVE('',#169,#161,#171,.T.);
#169 = VERTEX_POINT('',#170);
#170 = CARTESIAN_POINT('',(47.,-26.1,37.));
#171 = LINE('',#172,#173);
#172 = CARTESIAN_POINT('',(47.,-25.55,37.));
#173 = VECTOR('',#174,1.);
#174 = DIRECTION('',(0.,1.,0.));
#175 = ORIENTED_EDGE('',*,*,#176,.T.);
#176 = EDGE_CURVE('',#169,#177,#179,.T.);
#177 = VERTEX_POINT('',#178);
#178 = CARTESIAN_POINT('',(44.294117647059,-26.1,37.));
#179 = LINE('',#180,#181);
#180 = CARTESIAN_POINT('',(52.1,-26.1,37.));
#181 = VECTOR('',#182,1.);
#182 = DIRECTION('',(-1.,-0.,-0.));
#183 = ORIENTED_EDGE('',*,*,#184,.F.);
#184 = EDGE_CURVE('',#185,#177,#187,.T.);
#185 = VERTEX_POINT('',#186);
#186 = CARTESIAN_POINT('',(44.294117647059,-25.,37.));
#187 = LINE('',#188,#189);
#188 = CARTESIAN_POINT('',(44.294117647059,-27.55,37.));
#189 = VECTOR('',#190,1.);
#190 = DIRECTION('',(0.,-1.,0.));
#191 = ORIENTED_EDGE('',*,*,#192,.F.);
#192 = EDGE_CURVE('',#193,#185,#195,.T.);
#193 = VERTEX_POINT('',#194);
#194 = CARTESIAN_POINT('',(41.294117647059,-25.,37.));
#195 = LINE('',#196,#197);
#196 = CARTESIAN_POINT('',(48.197058823529,-25.,37.));
#197 = VECTOR('',#198,1.);
#198 = DIRECTION('',(1.,0.,0.));
#199 = ORIENTED_EDGE('',*,*,#200,.F.);
#200 = EDGE_CURVE('',#201,#193,#203,.T.);
#201 = VERTEX_POINT('',#202);
#202 = CARTESIAN_POINT('',(41.294117647059,-26.1,37.));
#203 = LINE('',#204,#205);
#204 = CARTESIAN_POINT('',(41.294117647059,-25.55,37.));
#205 = VECTOR('',#206,1.);
#206 = DIRECTION('',(0.,1.,0.));
#207 = ORIENTED_EDGE('',*,*,#208,.T.);
#208 = EDGE_CURVE('',#201,#209,#211,.T.);
#209 = VERTEX_POINT('',#210);
#210 = CARTESIAN_POINT('',(38.588235294118,-26.1,37.));
#211 = LINE('',#212,#213);
#212 = CARTESIAN_POINT('',(52.1,-26.1,37.));
#213 = VECTOR('',#214,1.);
#214 = DIRECTION('',(-1.,-0.,-0.));
#215 = ORIENTED_EDGE('',*,*,#216,.F.);
#216 = EDGE_CURVE('',#217,#209,#219,.T.);
#217 = VERTEX_POINT('',#218);
#218 = CARTESIAN_POINT('',(38.588235294118,-25.,37.));
#219 = LINE('',#220,#221);
#220 = CARTESIAN_POINT('',(38.588235294118,-27.55,37.));
#221 = VECTOR('',#222,1.);
#222 = DIRECTION('',(0.,-1.,0.));
#223 = ORIENTED_EDGE('',*,*,#224,.F.);
#224 = EDGE_CURVE('',#225,#217,#227,.T.);
#225 = VERTEX_POINT('',#226);
#226 = CARTESIAN_POINT('',(35.588235294118,-25.,37.));
#227 = LINE('',#228,#229);
#228 = CARTESIAN_POINT('',(45.344117647059,-25.,37.));
#229 = VECTOR('',#230,1.);
#230 = DIRECTION('',(1.,0.,0.));
#231 = ORIENTED_EDGE('',*,*,#232,.F.);
#232 = EDGE_CURVE('',#233,#225,#235,.T.);
#233 = VERTEX_POINT('',#234);
#234 = CARTESIAN_POINT('',(35.588235294118,-26.1,37.));
#235 = LINE('',#236,#237);
#236 = CARTESIAN_POINT('',(35.588235294118,-25.55,37.));
#237 = VECTOR('',#238,1.);
#238 = DIRECTION('',(0.,1.,0.));
#239 = ORIENTED_EDGE('',*,*,#240,.T.);
#240 = EDGE_CURVE('',#233,#241,#243,.T.);
#241 = VERTEX_POINT('',#242);
#242 = CARTESIAN_POINT('',(32.882352941176,-26.1,37.));
#243 = LINE('',#244,#245);
#244 = CARTESIAN_POINT('',(52.1,-26.1,37.));
#245 = VECTOR('',#246,1.);
#246 = DIRECTION('',(-1.,-0.,-0.));
#247 = ORIENTED_EDGE('',*,*,#248,.F.);
#248 = EDGE_CURVE('',#249,#241,#251,.T.);
#249 = VERTEX_POINT('',#250);
#250 = CARTESIAN_POINT('',(32.882352941176,-25.,37.));
#251 = LINE('',#252,#253);
#252 = CARTESIAN_POINT('',(32.882352941176,-27.55,37.));
#253 = VECTOR('',#254,1.);
#254 = DIRECTION('',(0.,-1.,0.));
#255 = ORIENTED_EDGE('',*,*,#256,.F.);
#256 = EDGE_CURVE('',#257,#249,#259,.T.);
#257 = VERTEX_POINT('',#258);
#258 = CARTESIAN_POINT('',(29.882352941176,-25.,37.));
#259 = LINE('',#260,#261);
#260 = CARTESIAN_POINT('',(42.491176470588,-25.,37.));
#261 = VECTOR('',#262,1.);
#262 = DIRECTION('',(1.,0.,0.));
#263 = ORIENTED_EDGE('',*,*,#264,.F.);
#264 = EDGE_CURVE('',#265,#257,#267,.T.);
#265 = VERTEX_POINT('',#266);
#266 = CARTESIAN_POINT('',(29.882352941176,-26.1,37.));
#267 = LINE('',#268,#269);
#268 = CARTESIAN_POINT('',(29.882352941176,-25.55,37.));
#269 = VECTOR('',#270,1.);
#270 = DIRECTION('',(0.,1.,0.));
#271 = ORIENTED_EDGE('',*,*,#272,.T.);
#272 = EDGE_CURVE('',#265,#273,#275,.T.);
#273 = VERTEX_POINT('',#274);
#274 = CARTESIAN_POINT('',(27.176470588235,-26.1,37.));
#275 = LINE('',#276,#277);
#276 = CARTESIAN_POINT('',(52.1,-26.1,37.));
#277 = VECTOR('',#278,1.);
#278 = DIRECTION('',(-1.,-0.,-0.));
#279 = ORIENTED_EDGE('',*,*,#280,.F.);
#280 = EDGE_CURVE('',#281,#273,#283,.T.);
#281 = VERTEX_POINT('',#282);
#282 = CARTESIAN_POINT('',(27.176470588235,-25.,37.));
#283 = LINE('',#284,#285);
#284 = CARTESIAN_POINT('',(27.176470588235,-27.55,37.));
#285 = VECTOR('',#286,1.);
#286 = DIRECTION('',(0.,-1.,0.));
#287 = ORIENTED_EDGE('',*,*,#288,.F.);
#288 = EDGE_CURVE('',#289,#281,#291,.T.);
#289 = VERTEX_POINT('',#290);
#290 = CARTESIAN_POINT('',(24.176470588235,-25.,37.));
#291 = LINE('',#292,#293);
#292 = CARTESIAN_POINT('',(39.638235294118,-25.,37.));
#293 = VECTOR('',#294,1.);
#294 = DIRECTION('',(1.,0.,0.));
#295 = ORIENTED_EDGE('',*,*,#296,.F.);
#296 = EDGE_CURVE('',#297,#289,#299,.T.);
#297 = VERTEX_POINT('',#298);
#298 = CARTESIAN_POINT('',(24.176470588235,-26.1,37.));
#299 = LINE('',#300,#301);
#300 = CARTESIAN_POINT('',(24.176470588235,-25.55,37.));
#301 = VECTOR('',#302,1.);
#302 = DIRECTION('',(0.,1.,0.));
#303 = ORIENTED_EDGE('',*,*,#304,.T.);
#304 = EDGE_CURVE('',#297,#305,#307,.T.);
#305 = VERTEX_POINT('',#306);
#306 = CARTESIAN_POINT('',(21.470588235294,-26.1,37.));
#307 = LINE('',#308,#309);
#308 = CARTESIAN_POINT('',(52.1,-26.1,37.));
#309 = VECTOR('',#310,1.);
#310 = DIRECTION('',(-1.,-0.,-0.));
#311 = ORIENTED_EDGE('',*,*,#312,.F.);
#312 = EDGE_CURVE('',#313,#305,#315,.T.);
#313 = VERTEX_POINT('',#314);
#314 = CARTESIAN_POINT('',(21.470588235294,-25.,37.));
#315 = LINE('',#316,#317);
#316 = CARTESIAN_POINT('',(21.470588235294,-27.55,37.));
#317 = VECTOR('',#318,1.);
#318 = DIRECTION('',(0.,-1.,0.));
#319 = ORIENTED_EDGE('',*,*,#320,.F.);
#320 = EDGE_CURVE('',#321,#313,#323,.T.);
#321 = VERTEX_POINT('',#322);
#322 = CARTESIAN_POINT('',(18.470588235294,-25.,37.));
#323 = LINE('',#324,#325);
#324 = CARTESIAN_POINT('',(36.785294117647,-25.,37.));
#325 = VECTOR('',#326,1.);
#326 = DIRECTION('',(1.,0.,0.));
#327 = ORIENTED_EDGE('',*,*,#328,.F.);
#328 = EDGE_CURVE('',#329,#321,#331,.T.);
#329 = VERTEX_POINT('',#330);
#330 = CARTESIAN_POINT('',(18.470588235294,-26.1,37.));
#331 = LINE('',#332,#333);
#332 = CARTESIAN_POINT('',(18.470588235294,-25.55,37.));
#333 = VECTOR('',#334,1.);
#334 = DIRECTION('',(0.,1.,0.));
#335 = ORIENTED_EDGE('',*,*,#336,.T.);
#336 = EDGE_CURVE('',#329,#337,#339,.T.);
#337 = VERTEX_POINT('',#338);
#338 = CARTESIAN_POINT('',(15.764705882353,-26.1,37.));
#339 = LINE('',#340,#341);
#340 = CARTESIAN_POINT('',(52.1,-26.1,37.));
#341 = VECTOR('',#342,1.);
#342 = DIRECTION('',(-1.,-0.,-0.));
#343 = ORIENTED_EDGE('',*,*,#344,.F.);
#344 = EDGE_CURVE('',#345,#337,#347,.T.);
#345 = VERTEX_POINT('',#346);
#346 = CARTESIAN_POINT('',(15.764705882353,-25.,37.));
#347 = LINE('',#348,#349);
#348 = CARTESIAN_POINT('',(15.764705882353,-27.55,37.));
#349 = VECTOR('',#350,1.);
#350 = DIRECTION('',(0.,-1.,0.));
#351 = ORIENTED_EDGE('',*,*,#352,.F.);
#352 = EDGE_CURVE('',#353,#345,#355,.T.);
#353 = VERTEX_POINT('',#354);
#354 = CARTESIAN_POINT('',(12.764705882353,-25.,37.));
#355 = LINE('',#356,#357);
#356 = CARTESIAN_POINT('',(33.932352941176,-25.,37.));
#357 = VECTOR('',#358,1.);
#358 = DIRECTION('',(1.,0.,0.));
#359 = ORIENTED_EDGE('',*,*,#360,.F.);
#360 = EDGE_CURVE('',#361,#353,#363,.T.);
#361 = VERTEX_POINT('',#362);
#362 = CARTESIAN_POINT('',(12.764705882353,-26.1,37.));
#363 = LINE('',#364,#365);
#364 = CARTESIAN_POINT('',(12.764705882353,-25.55,37.));
#365 = VECTOR('',#366,1.);
#366 = DIRECTION('',(0.,1.,0.));
#367 = ORIENTED_EDGE('',*,*,#368,.T.);
#368 = EDGE_CURVE('',#361,#369,#371,.T.);
#369 = VERTEX_POINT('',#370);
#370 = CARTESIAN_POINT('',(10.058823529412,-26.1,37.));
#371 = LINE('',#372,#373);
#372 = CARTESIAN_POINT('',(52.1,-26.1,37.));
#373 = VECTOR('',#374,1.);
#374 = DIRECTION('',(-1.,-0.,-0.));
#375 = ORIENTED_EDGE('',*,*,#376,.F.);
#376 = EDGE_CURVE('',#377,#369,#379,.T.);
#377 = VERTEX_POINT('',#378);
#378 = CARTESIAN_POINT('',(10.058823529412,-25.,37.));
#379 = LINE('',#380,#381);
#380 = CARTESIAN_POINT('',(10.058823529412,-27.55,37.));
#381 = VECTOR('',#382,1.);
#382 = DIRECTION('',(0.,-1.,0.));
#383 = ORIENTED_EDGE('',*,*,#384,.F.);
#384 = EDGE_CURVE('',#385,#377,#387,.T.);
#385 = VERTEX_POINT('',#386);
#386 = CARTESIAN_POINT('',(7.058823529412,-25.,37.));
#387 = LINE('',#388,#389);
#388 = CARTESIAN_POINT('',(31.079411764706,-25.,37.));
#389 = VECTOR('',#390,1.);
#390 = DIRECTION('',(1.,0.,0.));
#391 = ORIENTED_EDGE('',*,*,#392,.F.);
#392 = EDGE_CURVE('',#393,#385,#395,.T.);
#393 = VERTEX_POINT('',#394);
#394 = CARTESIAN_POINT('',(7.058823529412,-26.1,37.));
#395 = LINE('',#396,#397);
#396 = CARTESIAN_POINT('',(7.058823529412,-25.55,37.));
#397 = VECTOR('',#398,1.);
#398 = DIRECTION('',(0.,1.,0.));
#399 = ORIENTED_EDGE('',*,*,#400,.T.);
#400 = EDGE_CURVE('',#393,#401,#403,.T.);
#401 = VERTEX_POINT('',#402);
#402 = CARTESIAN_POINT('',(4.352941176471,-26.1,37.));
#403 = LINE('',#404,#405);
#404 = CARTESIAN_POINT('',(52.1,-26.1,37.));
#405 = VECTOR('',#406,1.);
#406 = DIRECTION('',(-1.,-0.,-0.));
#407 = ORIENTED_EDGE('',*,*,#408,.F.);
#408 = EDGE_CURVE('',#409,#401,#411,.T.);
#409 = VERTEX_POINT('',#410);
#410 = CARTESIAN_POINT('',(4.352941176471,-25.,37.));
#411 = LINE('',#412,#413);
#412 = CARTESIAN_POINT('',(4.352941176471,-27.55,37.));
#413 = VECTOR('',#414,1.);
#414 = DIRECTION('',(0.,-1.,0.));
#415 = ORIENTED_EDGE('',*,*,#416,.F.);
#416 = EDGE_CURVE('',#417,#409,#419,.T.);
#417 = VERTEX_POINT('',#418);
#418 = CARTESIAN_POINT('',(1.352941176471,-25.,37.));
#419 = LINE('',#420,#421);
#420 = CARTESIAN_POINT('',(28.226470588235,-25.,37.));
#421 = VECTOR('',#422,1.);
#422 = DIRECTION('',(1.,0.,0.));
#423 = ORIENTED_EDGE('',*,*,#424,.F.);
#424 = EDGE_CURVE('',#425,#417,#427,.T.);
#425 = VERTEX_POINT('',#426);
#426 = CARTESIAN_POINT('',(1.352941176471,-26.1,37.));
#427 = LINE('',#428,#429);
#428 = CARTESIAN_POINT('',(1.352941176471,-25.55,37.));
#429 = VECTOR('',#430,1.);
#430 = DIRECTION('',(0.,1.,0.));
#431 = ORIENTED_EDGE('',*,*,#432,.T.);
#432 = EDGE_CURVE('',#425,#433,#435,.T.);
#433 = VERTEX_POINT('',#434);
#434 = CARTESIAN_POINT('',(-1.352941176471,-26.1,37.));
#435 = LINE('',#436,#437);
#436 = CARTESIAN_POINT('',(52.1,-26.1,37.));
#437 = VECTOR('',#438,1.);
#438 = DIRECTION('',(-1.,-0.,-0.));
#439 = ORIENTED_EDGE('',*,*,#440,.F.);
#440 = EDGE_CURVE('',#441,#433,#443,.T.);
#441 = VERTEX_POINT('',#442);
#442 = CARTESIAN_POINT('',(-1.352941176471,-25.,37.));
#443 = LINE('',#444,#445);
#444 = CARTESIAN_POINT('',(-1.352941176471,-27.55,37.));
#445 = VECTOR('',#446,1.);
#446 = DIRECTION('',(0.,-1.,0.));
#447 = ORIENTED_EDGE('',*,*,#448,.F.);
#448 = EDGE_CURVE('',#449,#441,#451,.T.);
#449 = VERTEX_POINT('',#450);
#450 = CARTESIAN_POINT('',(-4.352941176471,-25.,37.));
#451 = LINE('',#452,#453);
#452 = CARTESIAN_POINT('',(25.373529411765,-25.,37.));
#453 = VECTOR('',#454,1.);
#454 = DIRECTION('',(1.,0.,0.));
#455 = ORIENTED_EDGE('',*,*,#456,.F.);
#456 = EDGE_CURVE('',#457,#449,#459,.T.);
#457 = VERTEX_POINT('',#458);
#458 = CARTESIAN_POINT('',(-4.352941176471,-26.1,37.));
#459 = LINE('',#460,#461);
#460 = CARTESIAN_POINT('',(-4.352941176471,-25.55,37.));
#461 = VECTOR('',#462,1.);
#462 = DIRECTION('',(0.,1.,0.));
#463 = ORIENTED_EDGE('',*,*,#464,.T.);
#464 = EDGE_CURVE('',#457,#465,#467,.T.);
#465 = VERTEX_POINT('',#466);
#466 = CARTESIAN_POINT('',(-7.058823529412,-26.1,37.));
#467 = LINE('',#468,#469);
#468 = CARTESIAN_POINT('',(52.1,-26.1,37.));
#469 = VECTOR('',#470,1.);
#470 = DIRECTION('',(-1.,-0.,-0.));
#471 = ORIENTED_EDGE('',*,*,#472,.F.);
#472 = EDGE_CURVE('',#473,#465,#475,.T.);
#473 = VERTEX_POINT('',#474);
#474 = CARTESIAN_POINT('',(-7.058823529412,-25.,37.));
#475 = LINE('',#476,#477);
#476 = CARTESIAN_POINT('',(-7.058823529412,-27.55,37.));
#477 = VECTOR('',#478,1.);
#478 = DIRECTION('',(0.,-1.,0.));
#479 = ORIENTED_EDGE('',*,*,#480,.F.);
#480 = EDGE_CURVE('',#481,#473,#483,.T.);
#481 = VERTEX_POINT('',#482);
#482 = CARTESIAN_POINT('',(-10.05882352941,-25.,37.));
#483 = LINE('',#484,#485);
#484 = CARTESIAN_POINT('',(22.520588235294,-25.,37.));
#485 = VECTOR('',#486,1.);
#486 = DIRECTION('',(1.,0.,0.));
#487 = ORIENTED_EDGE('',*,*,#488,.F.);
#488 = EDGE_CURVE('',#489,#481,#491,.T.);
#489 = VERTEX_POINT('',#490);
#490 = CARTESIAN_POINT('',(-10.05882352941,-26.1,37.));
#491 = LINE('',#492,#493);
#492 = CARTESIAN_POINT('',(-10.05882352941,-25.55,37.));
#493 = VECTOR('',#494,1.);
#494 = DIRECTION('',(0.,1.,0.));
#495 = ORIENTED_EDGE('',*,*,#496,.T.);
#496 = EDGE_CURVE('',#489,#497,#499,.T.);
#497 = VERTEX_POINT('',#498);
#498 = CARTESIAN_POINT('',(-12.76470588235,-26.1,37.));
#499 = LINE('',#500,#501);
#500 = CARTESIAN_POINT('',(52.1,-26.1,37.));
#501 = VECTOR('',#502,1.);
#502 = DIRECTION('',(-1.,-0.,-0.));
#503 = ORIENTED_EDGE('',*,*,#504,.F.);
#504 = EDGE_CURVE('',#505,#497,#507,.T.);
#505 = VERTEX_POINT('',#506);
#506 = CARTESIAN_POINT('',(-12.76470588235,-25.,37.));
#507 = LINE('',#508,#509);
#508 = CARTESIAN_POINT('',(-12.76470588235,-27.55,37.));
#509 = VECTOR('',#510,1.);
#510 = DIRECTION('',(0.,-1.,0.));
#511 = ORIENTED_EDGE('',*,*,#512,.F.);
#512 = EDGE_CURVE('',#513,#505,#515,.T.);
#513 = VERTEX_POINT('',#514);
#514 = CARTESIAN_POINT('',(-15.76470588235,-25.,37.));
#515 = LINE('',#516,#517);
#516 = CARTESIAN_POINT('',(19.667647058824,-25.,37.));
#517 = VECTOR('',#518,1.);
#518 = DIRECTION('',(1.,0.,0.));
#519 = ORIENTED_EDGE('',*,*,#520,.F.);
#520 = EDGE_CURVE('',#521,#513,#523,.T.);
#521 = VERTEX_POINT('',#522);
#522 = CARTESIAN_POINT('',(-15.76470588235,-26.1,37.));
#523 = LINE('',#524,#525);
#524 = CARTESIAN_POINT('',(-15.76470588235,-25.55,37.));
#525 = VECTOR('',#526,1.);
#526 = DIRECTION('',(0.,1.,0.));
#527 = ORIENTED_EDGE('',*,*,#528,.T.);
#528 = EDGE_CURVE('',#521,#529,#531,.T.);
#529 = VERTEX_POINT('',#530);
#530 = CARTESIAN_POINT('',(-18.47058823529,-26.1,37.));
#531 = LINE('',#532,#533);
#532 = CARTESIAN_POINT('',(52.1,-26.1,37.));
#533 = VECTOR('',#534,1.);
#534 = DIRECTION('',(-1.,-0.,-0.));
#535 = ORIENTED_EDGE('',*,*,#536,.F.);
#536 = EDGE_CURVE('',#537,#529,#539,.T.);
#537 = VERTEX_POINT('',#538);
#538 = CARTESIAN_POINT('',(-18.47058823529,-25.,37.));
#539 = LINE('',#540,#541);
#540 = CARTESIAN_POINT('',(-18.47058823529,-27.55,37.));
#541 = VECTOR('',#542,1.);
#542 = DIRECTION('',(0.,-1.,0.));
#543 = ORIENTED_EDGE('',*,*,#544,.F.);
#544 = EDGE_CURVE('',#545,#537,#547,.T.);
#545 = VERTEX_POINT('',#546);
#546 = CARTESIAN_POINT('',(-21.47058823529,-25.,37.));
#547 = LINE('',#548,#549);
#548 = CARTESIAN_POINT('',(16.814705882353,-25.,37.));
#549 = VECTOR('',#550,1.);
#550 = DIRECTION('',(1.,0.,0.));
#551 = ORIENTED_EDGE('',*,*,#552,.F.);
#552 = EDGE_CURVE('',#553,#545,#555,.T.);
#553 = VERTEX_POINT('',#554);
#554 = CARTESIAN_POINT('',(-21.47058823529,-26.1,37.));
#555 = LINE('',#556,#557);
#556 = CARTESIAN_POINT('',(-21.47058823529,-25.55,37.));
#557 = VECTOR('',#558,1.);
#558 = DIRECTION('',(0.,1.,0.));
#559 = ORIENTED_EDGE('',*,*,#560,.T.);
#560 = EDGE_CURVE('',#553,#561,#563,.T.);
#561 = VERTEX_POINT('',#562);
#562 = CARTESIAN_POINT('',(-24.17647058823,-26.1,37.));
#563 = LINE('',#564,#565);
#564 = CARTESIAN_POINT('',(52.1,-26.1,37.));
#565 = VECTOR('',#566,1.);
#566 = DIRECTION('',(-1.,-0.,-0.));
#567 = ORIENTED_EDGE('',*,*,#568,.F.);
#568 = EDGE_CURVE('',#569,#561,#571,.T.);
#569 = VERTEX_POINT('',#570);
#570 = CARTESIAN_POINT('',(-24.17647058823,-25.,37.));
#571 = LINE('',#572,#573);
#572 = CARTESIAN_POINT('',(-24.17647058823,-27.55,37.));
#573 = VECTOR('',#574,1.);
#574 = DIRECTION('',(0.,-1.,0.));
#575 = ORIENTED_EDGE('',*,*,#576,.F.);
#576 = EDGE_CURVE('',#577,#569,#579,.T.);
#577 = VERTEX_POINT('',#578);
#578 = CARTESIAN_POINT('',(-27.17647058823,-25.,37.));
#579 = LINE('',#580,#581);
#580 = CARTESIAN_POINT('',(13.961764705882,-25.,37.));
#581 = VECTOR('',#582,1.);
#582 = DIRECTION('',(1.,0.,0.));
#583 = ORIENTED_EDGE('',*,*,#584,.F.);
#584 = EDGE_CURVE('',#585,#577,#587,.T.);
#585 = VERTEX_POINT('',#586);
#586 = CARTESIAN_POINT('',(-27.17647058823,-26.1,37.));
#587 = LINE('',#588,#589);
#588 = CARTESIAN_POINT('',(-27.17647058823,-25.55,37.));
#589 = VECTOR('',#590,1.);
#590 = DIRECTION('',(0.,1.,0.));
#591 = ORIENTED_EDGE('',*,*,#592,.T.);
#592 = EDGE_CURVE('',#585,#593,#595,.T.);
#593 = VERTEX_POINT('',#594);
#594 = CARTESIAN_POINT('',(-29.88235294117,-26.1,37.));
#595 = LINE('',#596,#597);
#596 = CARTESIAN_POINT('',(52.1,-26.1,37.));
#597 = VECTOR('',#598,1.);
#598 = DIRECTION('',(-1.,-0.,-0.));
#599 = ORIENTED_EDGE('',*,*,#600,.F.);
#600 = EDGE_CURVE('',#601,#593,#603,.T.);
#601 = VERTEX_POINT('',#602);
#602 = CARTESIAN_POINT('',(-29.88235294117,-25.,37.));
#603 = LINE('',#604,#605);
#604 = CARTESIAN_POINT('',(-29.88235294117,-27.55,37.));
#605 = VECTOR('',#606,1.);
#606 = DIRECTION('',(0.,-1.,0.));
#607 = ORIENTED_EDGE('',*,*,#608,.F.);
#608 = EDGE_CURVE('',#609,#601,#611,.T.);
#609 = VERTEX_POINT('',#610);
#610 = CARTESIAN_POINT('',(-32.88235294117,-25.,37.));
#611 = LINE('',#612,#613);
#612 = CARTESIAN_POINT('',(11.108823529412,-25.,37.));
#613 = VECTOR('',#614,1.);
#614 = DIRECTION('',(1.,0.,0.));
#615 = ORIENTED_EDGE('',*,*,#616,.F.);
#616 = EDGE_CURVE('',#617,#609,#619,.T.);
#617 = VERTEX_POINT('',#618);
#618 = CARTESIAN_POINT('',(-32.88235294117,-26.1,37.));
#619 = LINE('',#620,#621);
#620 = CARTESIAN_POINT('',(-32.88235294117,-25.55,37.));
#621 = VECTOR('',#622,1.);
#622 = DIRECTION('',(0.,1.,0.));
#623 = ORIENTED_EDGE('',*,*,#624,.T.);
#624 = EDGE_CURVE('',#617,#625,#627,.T.);
#625 = VERTEX_POINT('',#626);
#626 = CARTESIAN_POINT('',(-35.58823529411,-26.1,37.));
#627 = LINE('',#628,#629);
#628 = CARTESIAN_POINT('',(52.1,-26.1,37.));
#629 = VECTOR('',#630,1.);
#630 = DIRECTION('',(-1.,-0.,-0.));
#631 = ORIENTED_EDGE('',*,*,#632,.F.);
#632 = EDGE_CURVE('',#633,#625,#635,.T.);
#633 = VERTEX_POINT('',#634);
#634 = CARTESIAN_POINT('',(-35.58823529411,-25.,37.));
#635 = LINE('',#636,#637);
#636 = CARTESIAN_POINT('',(-35.58823529411,-27.55,37.));
#637 = VECTOR('',#638,1.);
#638 = DIRECTION('',(0.,-1.,0.));
#639 = ORIENTED_EDGE('',*,*,#640,.F.);
#640 = EDGE_CURVE('',#641,#633,#643,.T.);
#641 = VERTEX_POINT('',#642);
#642 = CARTESIAN_POINT('',(-38.58823529411,-25.,37.));
#643 = LINE('',#644,#645);
#644 = CARTESIAN_POINT('',(8.255882352941,-25.,37.));
#645 = VECTOR('',#646,1.);
#646 = DIRECTION('',(1.,0.,0.));
#647 = ORIENTED_EDGE('',*,*,#648,.F.);
#648 = EDGE_CURVE('',#649,#641,#651,.T.);
#649 = VERTEX_POINT('',#650);
#650 = CARTESIAN_POINT('',(-38.58823529411,-26.1,37.));
#651 = LINE('',#652,#653);
#652 = CARTESIAN_POINT('',(-38.58823529411,-25.55,37.));
#653 = VECTOR('',#654,1.);
#654 = DIRECTION('',(0.,1.,0.));
#655 = ORIENTED_EDGE('',*,*,#656,.T.);
#656 = EDGE_CURVE('',#649,#657,#659,.T.);
#657 = VERTEX_POINT('',#658);
#658 = CARTESIAN_POINT('',(-41.29411764705,-26.1,37.));
#659 = LINE('',#660,#661);
#660 = CARTESIAN_POINT('',(52.1,-26.1,37.));
#661 = VECTOR('',#662,1.);
#662 = DIRECTION('',(-1.,-0.,-0.));
#663 = ORIENTED_EDGE('',*,*,#664,.F.);
#664 = EDGE_CURVE('',#665,#657,#667,.T.);
#665 = VERTEX_POINT('',#666);
#666 = CARTESIAN_POINT('',(-41.29411764705,-25.,37.));
#667 = LINE('',#668,#669);
#668 = CARTESIAN_POINT('',(-41.29411764705,-27.55,37.));
#669 = VECTOR('',#670,1.);
#670 = DIRECTION('',(0.,-1.,0.));
#671 = ORIENTED_EDGE('',*,*,#672,.F.);
#672 = EDGE_CURVE('',#673,#665,#675,.T.);
#673 = VERTEX_POINT('',#674);
#674 = CARTESIAN_POINT('',(-44.29411764705,-25.,37.));
#675 = LINE('',#676,#677);
#676 = CARTESIAN_POINT('',(5.402941176471,-25.,37.));
#677 = VECTOR('',#678,1.);
#678 = DIRECTION('',(1.,0.,0.));
#679 = ORIENTED_EDGE('',*,*,#680,.F.);
#680 = EDGE_CURVE('',#681,#673,#683,.T.);
#681 = VERTEX_POINT('',#682);
#682 = CARTESIAN_POINT('',(-44.29411764705,-26.1,37.));
#683 = LINE('',#684,#685);
#684 = CARTESIAN_POINT('',(-44.29411764705,-25.55,37.));
#685 = VECTOR('',#686,1.);
#686 = DIRECTION('',(0.,1.,0.));
#687 = ORIENTED_EDGE('',*,*,#688,.T.);
#688 = EDGE_CURVE('',#681,#689,#691,.T.);
#689 = VERTEX_POINT('',#690);
#690 = CARTESIAN_POINT('',(-47.,-26.1,37.));
#691 = LINE('',#692,#693);
#692 = CARTESIAN_POINT('',(52.1,-26.1,37.));
#693 = VECTOR('',#694,1.);
#694 = DIRECTION('',(-1.,-0.,-0.));
#695 = ORIENTED_EDGE('',*,*,#696,.F.);
#696 = EDGE_CURVE('',#697,#689,#699,.T.);
#697 = VERTEX_POINT('',#698);
#698 = CARTESIAN_POINT('',(-47.,-25.,37.));
#699 = LINE('',#700,#701);
#700 = CARTESIAN_POINT('',(-47.,-27.55,37.));
#701 = VECTOR('',#702,1.);
#702 = DIRECTION('',(0.,-1.,0.));
#703 = ORIENTED_EDGE('',*,*,#704,.F.);
#704 = EDGE_CURVE('',#705,#697,#707,.T.);
#705 = VERTEX_POINT('',#706);
#706 = CARTESIAN_POINT('',(-50.,-25.,37.));
#707 = LINE('',#708,#709);
#708 = CARTESIAN_POINT('',(2.55,-25.,37.));
#709 = VECTOR('',#710,1.);
#710 = DIRECTION('',(1.,0.,0.));
#711 = ORIENTED_EDGE('',*,*,#712,.F.);
#712 = EDGE_CURVE('',#713,#705,#715,.T.);
#713 = VERTEX_POINT('',#714);
#714 = CARTESIAN_POINT('',(-50.,-26.1,37.));
#715 = LINE('',#716,#717);
#716 = CARTESIAN_POINT('',(-50.,-25.55,37.));
#717 = VECTOR('',#718,1.);
#718 = DIRECTION('',(0.,1.,0.));
#719 = ORIENTED_EDGE('',*,*,#720,.T.);
#720 = EDGE_CURVE('',#713,#721,#723,.T.);
#721 = VERTEX_POINT('',#722);
#722 = CARTESIAN_POINT('',(-52.1,-26.1,37.));
#723 = LINE('',#724,#725);
#724 = CARTESIAN_POINT('',(52.1,-26.1,37.));
#725 = VECTOR('',#726,1.);
#726 = DIRECTION('',(-1.,-0.,-0.));
#727 = ORIENTED_EDGE('',*,*,#728,.T.);
#728 = EDGE_CURVE('',#721,#32,#729,.T.);
#729 = LINE('',#730,#731);
#730 = CARTESIAN_POINT('',(-52.1,-26.1,37.));
#731 = VECTOR('',#732,1.);
#732 = DIRECTION('',(0.,1.,0.));
#733 = ORIENTED_EDGE('',*,*,#39,.F.);
#734 = PLANE('',#735);
#735 = AXIS2_PLACEMENT_3D('',#736,#737,#738);
#736 = CARTESIAN_POINT('',(52.1,-26.1,37.));
#737 = DIRECTION('',(0.,0.,-1.));
#738 = DIRECTION('',(0.,1.,0.));
#739 = ADVANCED_FACE('',(#740),#815,.T.);
#740 = FACE_BOUND('',#741,.T.);
#741 = EDGE_LOOP('',(#742,#752,#760,#768,#776,#782,#783,#784,#785,#793,
    #801,#809));
#742 = ORIENTED_EDGE('',*,*,#743,.F.);
#743 = EDGE_CURVE('',#744,#746,#748,.T.);
#744 = VERTEX_POINT('',#745);
#745 = CARTESIAN_POINT('',(52.1,39.5,0.));
#746 = VERTEX_POINT('',#747);
#747 = CARTESIAN_POINT('',(52.1,39.5,18.));
#748 = LINE('',#749,#750);
#749 = CARTESIAN_POINT('',(52.1,39.5,0.));
#750 = VECTOR('',#751,1.);
#751 = DIRECTION('',(0.,0.,1.));
#752 = ORIENTED_EDGE('',*,*,#753,.T.);
#753 = EDGE_CURVE('',#744,#754,#756,.T.);
#754 = VERTEX_POINT('',#755);
#755 = CARTESIAN_POINT('',(52.1,-39.5,0.));
#756 = LINE('',#757,#758);
#757 = CARTESIAN_POINT('',(52.1,39.5,0.));
#758 = VECTOR('',#759,1.);
#759 = DIRECTION('',(0.,-1.,0.));
#760 = ORIENTED_EDGE('',*,*,#761,.T.);
#761 = EDGE_CURVE('',#754,#762,#764,.T.);
#762 = VERTEX_POINT('',#763);
#763 = CARTESIAN_POINT('',(52.1,-39.5,18.));
#764 = LINE('',#765,#766);
#765 = CARTESIAN_POINT('',(52.1,-39.5,0.));
#766 = VECTOR('',#767,1.);
#767 = DIRECTION('',(0.,0.,1.));
#768 = ORIENTED_EDGE('',*,*,#769,.F.);
#769 = EDGE_CURVE('',#770,#762,#772,.T.);
#770 = VERTEX_POINT('',#771);
#771 = CARTESIAN_POINT('',(52.1,-26.1,18.));
#772 = LINE('',#773,#774);
#773 = CARTESIAN_POINT('',(52.1,39.5,18.));
#774 = VECTOR('',#775,1.);
#775 = DIRECTION('',(0.,-1.,0.));
#776 = ORIENTED_EDGE('',*,*,#777,.F.);
#777 = EDGE_CURVE('',#137,#770,#778,.T.);
#778 = LINE('',#779,#780);
#779 = CARTESIAN_POINT('',(52.1,-26.1,37.));
#780 = VECTOR('',#781,1.);
#781 = DIRECTION('',(0.,0.,-1.));
#782 = ORIENTED_EDGE('',*,*,#136,.T.);
#783 = ORIENTED_EDGE('',*,*,#47,.F.);
#784 = ORIENTED_EDGE('',*,*,#78,.F.);
#785 = ORIENTED_EDGE('',*,*,#786,.F.);
#786 = EDGE_CURVE('',#787,#62,#789,.T.);
#787 = VERTEX_POINT('',#788);
#788 = CARTESIAN_POINT('',(52.1,21.1,37.));
#789 = LINE('',#790,#791);
#790 = CARTESIAN_POINT('',(52.1,21.1,37.));
#791 = VECTOR('',#792,1.);
#792 = DIRECTION('',(0.,0.,1.));
#793 = ORIENTED_EDGE('',*,*,#794,.F.);
#794 = EDGE_CURVE('',#795,#787,#797,.T.);
#795 = VERTEX_POINT('',#796);
#796 = CARTESIAN_POINT('',(52.1,26.1,37.));
#797 = LINE('',#798,#799);
#798 = CARTESIAN_POINT('',(52.1,26.1,37.));
#799 = VECTOR('',#800,1.);
#800 = DIRECTION('',(0.,-1.,0.));
#801 = ORIENTED_EDGE('',*,*,#802,.F.);
#802 = EDGE_CURVE('',#803,#795,#805,.T.);
#803 = VERTEX_POINT('',#804);
#804 = CARTESIAN_POINT('',(52.1,26.1,18.));
#805 = LINE('',#806,#807);
#806 = CARTESIAN_POINT('',(52.1,26.1,18.));
#807 = VECTOR('',#808,1.);
#808 = DIRECTION('',(0.,0.,1.));
#809 = ORIENTED_EDGE('',*,*,#810,.F.);
#810 = EDGE_CURVE('',#746,#803,#811,.T.);
#811 = LINE('',#812,#813);
#812 = CARTESIAN_POINT('',(52.1,39.5,18.));
#813 = VECTOR('',#814,1.);
#814 = DIRECTION('',(0.,-1.,0.));
#815 = PLANE('',#816);
#816 = AXIS2_PLACEMENT_3D('',#817,#818,#819);
#817 = CARTESIAN_POINT('',(52.1,-4.5E-16,20.019047619048));
#818 = DIRECTION('',(-1.,-0.,-0.));
#819 = DIRECTION('',(0.,0.,-1.));
#820 = ADVANCED_FACE('',(#821),#896,.T.);
#821 = FACE_BOUND('',#822,.T.);
#822 = EDGE_LOOP('',(#823,#833,#841,#849,#857,#865,#873,#879,#880,#881,
    #882,#890));
#823 = ORIENTED_EDGE('',*,*,#824,.F.);
#824 = EDGE_CURVE('',#825,#827,#829,.T.);
#825 = VERTEX_POINT('',#826);
#826 = CARTESIAN_POINT('',(-52.1,-39.5,0.));
#827 = VERTEX_POINT('',#828);
#828 = CARTESIAN_POINT('',(-52.1,-39.5,18.));
#829 = LINE('',#830,#831);
#830 = CARTESIAN_POINT('',(-52.1,-39.5,0.));
#831 = VECTOR('',#832,1.);
#832 = DIRECTION('',(0.,0.,1.));
#833 = ORIENTED_EDGE('',*,*,#834,.T.);
#834 = EDGE_CURVE('',#825,#835,#837,.T.);
#835 = VERTEX_POINT('',#836);
#836 = CARTESIAN_POINT('',(-52.1,39.5,0.));
#837 = LINE('',#838,#839);
#838 = CARTESIAN_POINT('',(-52.1,-39.5,0.));
#839 = VECTOR('',#840,1.);
#840 = DIRECTION('',(0.,1.,0.));
#841 = ORIENTED_EDGE('',*,*,#842,.T.);
#842 = EDGE_CURVE('',#835,#843,#845,.T.);
#843 = VERTEX_POINT('',#844);
#844 = CARTESIAN_POINT('',(-52.1,39.5,18.));
#845 = LINE('',#846,#847);
#846 = CARTESIAN_POINT('',(-52.1,39.5,0.));
#847 = VECTOR('',#848,1.);
#848 = DIRECTION('',(0.,0.,1.));
#849 = ORIENTED_EDGE('',*,*,#850,.F.);
#850 = EDGE_CURVE('',#851,#843,#853,.T.);
#851 = VERTEX_POINT('',#852);
#852 = CARTESIAN_POINT('',(-52.1,26.1,18.));
#853 = LINE('',#854,#855);
#854 = CARTESIAN_POINT('',(-52.1,-39.5,18.));
#855 = VECTOR('',#856,1.);
#856 = DIRECTION('',(0.,1.,0.));
#857 = ORIENTED_EDGE('',*,*,#858,.T.);
#858 = EDGE_CURVE('',#851,#859,#861,.T.);
#859 = VERTEX_POINT('',#860);
#860 = CARTESIAN_POINT('',(-52.1,26.1,37.));
#861 = LINE('',#862,#863);
#862 = CARTESIAN_POINT('',(-52.1,26.1,18.));
#863 = VECTOR('',#864,1.);
#864 = DIRECTION('',(0.,0.,1.));
#865 = ORIENTED_EDGE('',*,*,#866,.T.);
#866 = EDGE_CURVE('',#859,#867,#869,.T.);
#867 = VERTEX_POINT('',#868);
#868 = CARTESIAN_POINT('',(-52.1,21.1,37.));
#869 = LINE('',#870,#871);
#870 = CARTESIAN_POINT('',(-52.1,26.1,37.));
#871 = VECTOR('',#872,1.);
#872 = DIRECTION('',(0.,-1.,0.));
#873 = ORIENTED_EDGE('',*,*,#874,.T.);
#874 = EDGE_CURVE('',#867,#64,#875,.T.);
#875 = LINE('',#876,#877);
#876 = CARTESIAN_POINT('',(-52.1,21.1,37.));
#877 = VECTOR('',#878,1.);
#878 = DIRECTION('',(0.,0.,1.));
#879 = ORIENTED_EDGE('',*,*,#71,.T.);
#880 = ORIENTED_EDGE('',*,*,#31,.T.);
#881 = ORIENTED_EDGE('',*,*,#728,.F.);
#882 = ORIENTED_EDGE('',*,*,#883,.T.);
#883 = EDGE_CURVE('',#721,#884,#886,.T.);
#884 = VERTEX_POINT('',#885);
#885 = CARTESIAN_POINT('',(-52.1,-26.1,18.));
#886 = LINE('',#887,#888);
#887 = CARTESIAN_POINT('',(-52.1,-26.1,37.));
#888 = VECTOR('',#889,1.);
#889 = DIRECTION('',(0.,0.,-1.));
#890 = ORIENTED_EDGE('',*,*,#891,.F.);
#891 = EDGE_CURVE('',#827,#884,#892,.T.);
#892 = LINE('',#893,#894);
#893 = CARTESIAN_POINT('',(-52.1,-39.5,18.));
#894 = VECTOR('',#895,1.);
#895 = DIRECTION('',(0.,1.,0.));
#896 = PLANE('',#897);
#897 = AXIS2_PLACEMENT_3D('',#898,#899,#900);
#898 = CARTESIAN_POINT('',(-52.1,1.8E-15,20.019047619048));
#899 = DIRECTION('',(1.,0.,0.));
#900 = DIRECTION('',(0.,0.,1.));
#901 = ADVANCED_FACE('',(#902),#913,.F.);
#902 = FACE_BOUND('',#903,.F.);
#903 = EDGE_LOOP('',(#904,#910,#911,#912));
#904 = ORIENTED_EDGE('',*,*,#905,.T.);
#905 = EDGE_CURVE('',#787,#867,#906,.T.);
#906 = LINE('',#907,#908);
#907 = CARTESIAN_POINT('',(52.1,21.1,37.));
#908 = VECTOR('',#909,1.);
#909 = DIRECTION('',(-1.,-0.,-0.));
#910 = ORIENTED_EDGE('',*,*,#874,.T.);
#911 = ORIENTED_EDGE('',*,*,#61,.F.);
#912 = ORIENTED_EDGE('',*,*,#786,.F.);
#913 = PLANE('',#914);
#914 = AXIS2_PLACEMENT_3D('',#915,#916,#917);
#915 = CARTESIAN_POINT('',(52.1,21.1,37.));
#916 = DIRECTION('',(0.,1.,0.));
#917 = DIRECTION('',(0.,0.,1.));
#918 = ADVANCED_FACE('',(#919),#938,.F.);
#919 = FACE_BOUND('',#920,.F.);
#920 = EDGE_LOOP('',(#921,#930,#936,#937));
#921 = ORIENTED_EDGE('',*,*,#922,.F.);
#922 = EDGE_CURVE('',#923,#923,#925,.T.);
#923 = VERTEX_POINT('',#924);
#924 = CARTESIAN_POINT('',(40.,10.5,47.7));
#925 = CIRCLE('',#926,1.5);
#926 = AXIS2_PLACEMENT_3D('',#927,#928,#929);
#927 = CARTESIAN_POINT('',(38.5,10.5,47.7));
#928 = DIRECTION('',(0.,0.,1.));
#929 = DIRECTION('',(1.,0.,0.));
#930 = ORIENTED_EDGE('',*,*,#931,.T.);
#931 = EDGE_CURVE('',#923,#87,#932,.T.);
#932 = LINE('',#933,#934);
#933 = CARTESIAN_POINT('',(40.,10.5,48.4));
#934 = VECTOR('',#935,1.);
#935 = DIRECTION('',(-0.,-0.,-1.));
#936 = ORIENTED_EDGE('',*,*,#86,.T.);
#937 = ORIENTED_EDGE('',*,*,#931,.F.);
#938 = CYLINDRICAL_SURFACE('',#939,1.5);
#939 = AXIS2_PLACEMENT_3D('',#940,#941,#942);
#940 = CARTESIAN_POINT('',(38.5,10.5,48.4));
#941 = DIRECTION('',(0.,0.,1.));
#942 = DIRECTION('',(1.,0.,0.));
#943 = ADVANCED_FACE('',(#944),#963,.F.);
#944 = FACE_BOUND('',#945,.F.);
#945 = EDGE_LOOP('',(#946,#955,#961,#962));
#946 = ORIENTED_EDGE('',*,*,#947,.F.);
#947 = EDGE_CURVE('',#948,#948,#950,.T.);
#948 = VERTEX_POINT('',#949);
#949 = CARTESIAN_POINT('',(40.,-3.5,47.7));
#950 = CIRCLE('',#951,1.5);
#951 = AXIS2_PLACEMENT_3D('',#952,#953,#954);
#952 = CARTESIAN_POINT('',(38.5,-3.5,47.7));
#953 = DIRECTION('',(0.,0.,1.));
#954 = DIRECTION('',(1.,0.,0.));
#955 = ORIENTED_EDGE('',*,*,#956,.T.);
#956 = EDGE_CURVE('',#948,#98,#957,.T.);
#957 = LINE('',#958,#959);
#958 = CARTESIAN_POINT('',(40.,-3.5,48.4));
#959 = VECTOR('',#960,1.);
#960 = DIRECTION('',(-0.,-0.,-1.));
#961 = ORIENTED_EDGE('',*,*,#97,.T.);
#962 = ORIENTED_EDGE('',*,*,#956,.F.);
#963 = CYLINDRICAL_SURFACE('',#964,1.5);
#964 = AXIS2_PLACEMENT_3D('',#965,#966,#967);
#965 = CARTESIAN_POINT('',(38.5,-3.5,48.4));
#966 = DIRECTION('',(0.,0.,1.));
#967 = DIRECTION('',(1.,0.,0.));
#968 = ADVANCED_FACE('',(#969),#988,.F.);
#969 = FACE_BOUND('',#970,.F.);
#970 = EDGE_LOOP('',(#971,#980,#986,#987));
#971 = ORIENTED_EDGE('',*,*,#972,.F.);
#972 = EDGE_CURVE('',#973,#973,#975,.T.);
#973 = VERTEX_POINT('',#974);
#974 = CARTESIAN_POINT('',(40.,-10.5,47.7));
#975 = CIRCLE('',#976,1.5);
#976 = AXIS2_PLACEMENT_3D('',#977,#978,#979);
#977 = CARTESIAN_POINT('',(38.5,-10.5,47.7));
#978 = DIRECTION('',(0.,0.,1.));
#979 = DIRECTION('',(1.,0.,0.));
#980 = ORIENTED_EDGE('',*,*,#981,.T.);
#981 = EDGE_CURVE('',#973,#109,#982,.T.);
#982 = LINE('',#983,#984);
#983 = CARTESIAN_POINT('',(40.,-10.5,48.4));
#984 = VECTOR('',#985,1.);
#985 = DIRECTION('',(-0.,-0.,-1.));
#986 = ORIENTED_EDGE('',*,*,#108,.T.);
#987 = ORIENTED_EDGE('',*,*,#981,.F.);
#988 = CYLINDRICAL_SURFACE('',#989,1.5);
#989 = AXIS2_PLACEMENT_3D('',#990,#991,#992);
#990 = CARTESIAN_POINT('',(38.5,-10.5,48.4));
#991 = DIRECTION('',(0.,0.,1.));
#992 = DIRECTION('',(1.,0.,0.));
#993 = ADVANCED_FACE('',(#994),#1013,.F.);
#994 = FACE_BOUND('',#995,.F.);
#995 = EDGE_LOOP('',(#996,#1005,#1011,#1012));
#996 = ORIENTED_EDGE('',*,*,#997,.F.);
#997 = EDGE_CURVE('',#998,#998,#1000,.T.);
#998 = VERTEX_POINT('',#999);
#999 = CARTESIAN_POINT('',(40.01,3.5,47.7));
#1000 = CIRCLE('',#1001,1.5);
#1001 = AXIS2_PLACEMENT_3D('',#1002,#1003,#1004);
#1002 = CARTESIAN_POINT('',(38.51,3.5,47.7));
#1003 = DIRECTION('',(0.,0.,1.));
#1004 = DIRECTION('',(1.,0.,0.));
#1005 = ORIENTED_EDGE('',*,*,#1006,.T.);
#1006 = EDGE_CURVE('',#998,#120,#1007,.T.);
#1007 = LINE('',#1008,#1009);
#1008 = CARTESIAN_POINT('',(40.01,3.5,48.4));
#1009 = VECTOR('',#1010,1.);
#1010 = DIRECTION('',(-0.,-0.,-1.));
#1011 = ORIENTED_EDGE('',*,*,#119,.T.);
#1012 = ORIENTED_EDGE('',*,*,#1006,.F.);
#1013 = CYLINDRICAL_SURFACE('',#1014,1.5);
#1014 = AXIS2_PLACEMENT_3D('',#1015,#1016,#1017);
#1015 = CARTESIAN_POINT('',(38.51,3.5,48.4));
#1016 = DIRECTION('',(0.,0.,1.));
#1017 = DIRECTION('',(1.,0.,0.));
#1018 = ADVANCED_FACE('',(#1019),#1444,.F.);
#1019 = FACE_BOUND('',#1020,.F.);
#1020 = EDGE_LOOP('',(#1021,#1022,#1023,#1031,#1039,#1045,#1046,#1054,
    #1062,#1068,#1069,#1077,#1085,#1091,#1092,#1100,#1108,#1114,#1115,
    #1123,#1131,#1137,#1138,#1146,#1154,#1160,#1161,#1169,#1177,#1183,
    #1184,#1192,#1200,#1206,#1207,#1215,#1223,#1229,#1230,#1238,#1246,
    #1252,#1253,#1261,#1269,#1275,#1276,#1284,#1292,#1298,#1299,#1307,
    #1315,#1321,#1322,#1330,#1338,#1344,#1345,#1353,#1361,#1367,#1368,
    #1376,#1384,#1390,#1391,#1399,#1407,#1413,#1414,#1422,#1430,#1436,
    #1437,#1438));
#1021 = ORIENTED_EDGE('',*,*,#777,.F.);
#1022 = ORIENTED_EDGE('',*,*,#144,.T.);
#1023 = ORIENTED_EDGE('',*,*,#1024,.F.);
#1024 = EDGE_CURVE('',#1025,#145,#1027,.T.);
#1025 = VERTEX_POINT('',#1026);
#1026 = CARTESIAN_POINT('',(50.,-26.1,31.4));
#1027 = LINE('',#1028,#1029);
#1028 = CARTESIAN_POINT('',(50.,-26.1,37.7));
#1029 = VECTOR('',#1030,1.);
#1030 = DIRECTION('',(0.,0.,1.));
#1031 = ORIENTED_EDGE('',*,*,#1032,.T.);
#1032 = EDGE_CURVE('',#1025,#1033,#1035,.T.);
#1033 = VERTEX_POINT('',#1034);
#1034 = CARTESIAN_POINT('',(47.,-26.1,31.4));
#1035 = LINE('',#1036,#1037);
#1036 = CARTESIAN_POINT('',(50.3,-26.1,31.4));
#1037 = VECTOR('',#1038,1.);
#1038 = DIRECTION('',(-1.,0.,0.));
#1039 = ORIENTED_EDGE('',*,*,#1040,.F.);
#1040 = EDGE_CURVE('',#169,#1033,#1041,.T.);
#1041 = LINE('',#1042,#1043);
#1042 = CARTESIAN_POINT('',(47.,-26.1,37.7));
#1043 = VECTOR('',#1044,1.);
#1044 = DIRECTION('',(-0.,-0.,-1.));
#1045 = ORIENTED_EDGE('',*,*,#176,.T.);
#1046 = ORIENTED_EDGE('',*,*,#1047,.F.);
#1047 = EDGE_CURVE('',#1048,#177,#1050,.T.);
#1048 = VERTEX_POINT('',#1049);
#1049 = CARTESIAN_POINT('',(44.294117647059,-26.1,31.4));
#1050 = LINE('',#1051,#1052);
#1051 = CARTESIAN_POINT('',(44.294117647059,-26.1,37.7));
#1052 = VECTOR('',#1053,1.);
#1053 = DIRECTION('',(0.,0.,1.));
#1054 = ORIENTED_EDGE('',*,*,#1055,.T.);
#1055 = EDGE_CURVE('',#1048,#1056,#1058,.T.);
#1056 = VERTEX_POINT('',#1057);
#1057 = CARTESIAN_POINT('',(41.294117647059,-26.1,31.4));
#1058 = LINE('',#1059,#1060);
#1059 = CARTESIAN_POINT('',(47.447058823529,-26.1,31.4));
#1060 = VECTOR('',#1061,1.);
#1061 = DIRECTION('',(-1.,0.,0.));
#1062 = ORIENTED_EDGE('',*,*,#1063,.F.);
#1063 = EDGE_CURVE('',#201,#1056,#1064,.T.);
#1064 = LINE('',#1065,#1066);
#1065 = CARTESIAN_POINT('',(41.294117647059,-26.1,37.7));
#1066 = VECTOR('',#1067,1.);
#1067 = DIRECTION('',(-0.,-0.,-1.));
#1068 = ORIENTED_EDGE('',*,*,#208,.T.);
#1069 = ORIENTED_EDGE('',*,*,#1070,.F.);
#1070 = EDGE_CURVE('',#1071,#209,#1073,.T.);
#1071 = VERTEX_POINT('',#1072);
#1072 = CARTESIAN_POINT('',(38.588235294118,-26.1,31.4));
#1073 = LINE('',#1074,#1075);
#1074 = CARTESIAN_POINT('',(38.588235294118,-26.1,37.7));
#1075 = VECTOR('',#1076,1.);
#1076 = DIRECTION('',(0.,0.,1.));
#1077 = ORIENTED_EDGE('',*,*,#1078,.T.);
#1078 = EDGE_CURVE('',#1071,#1079,#1081,.T.);
#1079 = VERTEX_POINT('',#1080);
#1080 = CARTESIAN_POINT('',(35.588235294118,-26.1,31.4));
#1081 = LINE('',#1082,#1083);
#1082 = CARTESIAN_POINT('',(44.594117647059,-26.1,31.4));
#1083 = VECTOR('',#1084,1.);
#1084 = DIRECTION('',(-1.,0.,0.));
#1085 = ORIENTED_EDGE('',*,*,#1086,.F.);
#1086 = EDGE_CURVE('',#233,#1079,#1087,.T.);
#1087 = LINE('',#1088,#1089);
#1088 = CARTESIAN_POINT('',(35.588235294118,-26.1,37.7));
#1089 = VECTOR('',#1090,1.);
#1090 = DIRECTION('',(-0.,-0.,-1.));
#1091 = ORIENTED_EDGE('',*,*,#240,.T.);
#1092 = ORIENTED_EDGE('',*,*,#1093,.F.);
#1093 = EDGE_CURVE('',#1094,#241,#1096,.T.);
#1094 = VERTEX_POINT('',#1095);
#1095 = CARTESIAN_POINT('',(32.882352941176,-26.1,31.4));
#1096 = LINE('',#1097,#1098);
#1097 = CARTESIAN_POINT('',(32.882352941176,-26.1,37.7));
#1098 = VECTOR('',#1099,1.);
#1099 = DIRECTION('',(0.,0.,1.));
#1100 = ORIENTED_EDGE('',*,*,#1101,.T.);
#1101 = EDGE_CURVE('',#1094,#1102,#1104,.T.);
#1102 = VERTEX_POINT('',#1103);
#1103 = CARTESIAN_POINT('',(29.882352941176,-26.1,31.4));
#1104 = LINE('',#1105,#1106);
#1105 = CARTESIAN_POINT('',(41.741176470588,-26.1,31.4));
#1106 = VECTOR('',#1107,1.);
#1107 = DIRECTION('',(-1.,0.,0.));
#1108 = ORIENTED_EDGE('',*,*,#1109,.F.);
#1109 = EDGE_CURVE('',#265,#1102,#1110,.T.);
#1110 = LINE('',#1111,#1112);
#1111 = CARTESIAN_POINT('',(29.882352941176,-26.1,37.7));
#1112 = VECTOR('',#1113,1.);
#1113 = DIRECTION('',(-0.,-0.,-1.));
#1114 = ORIENTED_EDGE('',*,*,#272,.T.);
#1115 = ORIENTED_EDGE('',*,*,#1116,.F.);
#1116 = EDGE_CURVE('',#1117,#273,#1119,.T.);
#1117 = VERTEX_POINT('',#1118);
#1118 = CARTESIAN_POINT('',(27.176470588235,-26.1,31.4));
#1119 = LINE('',#1120,#1121);
#1120 = CARTESIAN_POINT('',(27.176470588235,-26.1,37.7));
#1121 = VECTOR('',#1122,1.);
#1122 = DIRECTION('',(0.,0.,1.));
#1123 = ORIENTED_EDGE('',*,*,#1124,.T.);
#1124 = EDGE_CURVE('',#1117,#1125,#1127,.T.);
#1125 = VERTEX_POINT('',#1126);
#1126 = CARTESIAN_POINT('',(24.176470588235,-26.1,31.4));
#1127 = LINE('',#1128,#1129);
#1128 = CARTESIAN_POINT('',(38.888235294118,-26.1,31.4));
#1129 = VECTOR('',#1130,1.);
#1130 = DIRECTION('',(-1.,0.,0.));
#1131 = ORIENTED_EDGE('',*,*,#1132,.F.);
#1132 = EDGE_CURVE('',#297,#1125,#1133,.T.);
#1133 = LINE('',#1134,#1135);
#1134 = CARTESIAN_POINT('',(24.176470588235,-26.1,37.7));
#1135 = VECTOR('',#1136,1.);
#1136 = DIRECTION('',(-0.,-0.,-1.));
#1137 = ORIENTED_EDGE('',*,*,#304,.T.);
#1138 = ORIENTED_EDGE('',*,*,#1139,.F.);
#1139 = EDGE_CURVE('',#1140,#305,#1142,.T.);
#1140 = VERTEX_POINT('',#1141);
#1141 = CARTESIAN_POINT('',(21.470588235294,-26.1,31.4));
#1142 = LINE('',#1143,#1144);
#1143 = CARTESIAN_POINT('',(21.470588235294,-26.1,37.7));
#1144 = VECTOR('',#1145,1.);
#1145 = DIRECTION('',(0.,0.,1.));
#1146 = ORIENTED_EDGE('',*,*,#1147,.T.);
#1147 = EDGE_CURVE('',#1140,#1148,#1150,.T.);
#1148 = VERTEX_POINT('',#1149);
#1149 = CARTESIAN_POINT('',(18.470588235294,-26.1,31.4));
#1150 = LINE('',#1151,#1152);
#1151 = CARTESIAN_POINT('',(36.035294117647,-26.1,31.4));
#1152 = VECTOR('',#1153,1.);
#1153 = DIRECTION('',(-1.,0.,0.));
#1154 = ORIENTED_EDGE('',*,*,#1155,.F.);
#1155 = EDGE_CURVE('',#329,#1148,#1156,.T.);
#1156 = LINE('',#1157,#1158);
#1157 = CARTESIAN_POINT('',(18.470588235294,-26.1,37.7));
#1158 = VECTOR('',#1159,1.);
#1159 = DIRECTION('',(-0.,-0.,-1.));
#1160 = ORIENTED_EDGE('',*,*,#336,.T.);
#1161 = ORIENTED_EDGE('',*,*,#1162,.F.);
#1162 = EDGE_CURVE('',#1163,#337,#1165,.T.);
#1163 = VERTEX_POINT('',#1164);
#1164 = CARTESIAN_POINT('',(15.764705882353,-26.1,31.4));
#1165 = LINE('',#1166,#1167);
#1166 = CARTESIAN_POINT('',(15.764705882353,-26.1,37.7));
#1167 = VECTOR('',#1168,1.);
#1168 = DIRECTION('',(0.,0.,1.));
#1169 = ORIENTED_EDGE('',*,*,#1170,.T.);
#1170 = EDGE_CURVE('',#1163,#1171,#1173,.T.);
#1171 = VERTEX_POINT('',#1172);
#1172 = CARTESIAN_POINT('',(12.764705882353,-26.1,31.4));
#1173 = LINE('',#1174,#1175);
#1174 = CARTESIAN_POINT('',(33.182352941176,-26.1,31.4));
#1175 = VECTOR('',#1176,1.);
#1176 = DIRECTION('',(-1.,0.,0.));
#1177 = ORIENTED_EDGE('',*,*,#1178,.F.);
#1178 = EDGE_CURVE('',#361,#1171,#1179,.T.);
#1179 = LINE('',#1180,#1181);
#1180 = CARTESIAN_POINT('',(12.764705882353,-26.1,37.7));
#1181 = VECTOR('',#1182,1.);
#1182 = DIRECTION('',(-0.,-0.,-1.));
#1183 = ORIENTED_EDGE('',*,*,#368,.T.);
#1184 = ORIENTED_EDGE('',*,*,#1185,.F.);
#1185 = EDGE_CURVE('',#1186,#369,#1188,.T.);
#1186 = VERTEX_POINT('',#1187);
#1187 = CARTESIAN_POINT('',(10.058823529412,-26.1,31.4));
#1188 = LINE('',#1189,#1190);
#1189 = CARTESIAN_POINT('',(10.058823529412,-26.1,37.7));
#1190 = VECTOR('',#1191,1.);
#1191 = DIRECTION('',(0.,0.,1.));
#1192 = ORIENTED_EDGE('',*,*,#1193,.T.);
#1193 = EDGE_CURVE('',#1186,#1194,#1196,.T.);
#1194 = VERTEX_POINT('',#1195);
#1195 = CARTESIAN_POINT('',(7.058823529412,-26.1,31.4));
#1196 = LINE('',#1197,#1198);
#1197 = CARTESIAN_POINT('',(30.329411764706,-26.1,31.4));
#1198 = VECTOR('',#1199,1.);
#1199 = DIRECTION('',(-1.,0.,0.));
#1200 = ORIENTED_EDGE('',*,*,#1201,.F.);
#1201 = EDGE_CURVE('',#393,#1194,#1202,.T.);
#1202 = LINE('',#1203,#1204);
#1203 = CARTESIAN_POINT('',(7.058823529412,-26.1,37.7));
#1204 = VECTOR('',#1205,1.);
#1205 = DIRECTION('',(-0.,-0.,-1.));
#1206 = ORIENTED_EDGE('',*,*,#400,.T.);
#1207 = ORIENTED_EDGE('',*,*,#1208,.F.);
#1208 = EDGE_CURVE('',#1209,#401,#1211,.T.);
#1209 = VERTEX_POINT('',#1210);
#1210 = CARTESIAN_POINT('',(4.352941176471,-26.1,31.4));
#1211 = LINE('',#1212,#1213);
#1212 = CARTESIAN_POINT('',(4.352941176471,-26.1,37.7));
#1213 = VECTOR('',#1214,1.);
#1214 = DIRECTION('',(0.,0.,1.));
#1215 = ORIENTED_EDGE('',*,*,#1216,.T.);
#1216 = EDGE_CURVE('',#1209,#1217,#1219,.T.);
#1217 = VERTEX_POINT('',#1218);
#1218 = CARTESIAN_POINT('',(1.352941176471,-26.1,31.4));
#1219 = LINE('',#1220,#1221);
#1220 = CARTESIAN_POINT('',(27.476470588235,-26.1,31.4));
#1221 = VECTOR('',#1222,1.);
#1222 = DIRECTION('',(-1.,0.,0.));
#1223 = ORIENTED_EDGE('',*,*,#1224,.F.);
#1224 = EDGE_CURVE('',#425,#1217,#1225,.T.);
#1225 = LINE('',#1226,#1227);
#1226 = CARTESIAN_POINT('',(1.352941176471,-26.1,37.7));
#1227 = VECTOR('',#1228,1.);
#1228 = DIRECTION('',(-0.,-0.,-1.));
#1229 = ORIENTED_EDGE('',*,*,#432,.T.);
#1230 = ORIENTED_EDGE('',*,*,#1231,.F.);
#1231 = EDGE_CURVE('',#1232,#433,#1234,.T.);
#1232 = VERTEX_POINT('',#1233);
#1233 = CARTESIAN_POINT('',(-1.352941176471,-26.1,31.4));
#1234 = LINE('',#1235,#1236);
#1235 = CARTESIAN_POINT('',(-1.352941176471,-26.1,37.7));
#1236 = VECTOR('',#1237,1.);
#1237 = DIRECTION('',(0.,0.,1.));
#1238 = ORIENTED_EDGE('',*,*,#1239,.T.);
#1239 = EDGE_CURVE('',#1232,#1240,#1242,.T.);
#1240 = VERTEX_POINT('',#1241);
#1241 = CARTESIAN_POINT('',(-4.352941176471,-26.1,31.4));
#1242 = LINE('',#1243,#1244);
#1243 = CARTESIAN_POINT('',(24.623529411765,-26.1,31.4));
#1244 = VECTOR('',#1245,1.);
#1245 = DIRECTION('',(-1.,0.,0.));
#1246 = ORIENTED_EDGE('',*,*,#1247,.F.);
#1247 = EDGE_CURVE('',#457,#1240,#1248,.T.);
#1248 = LINE('',#1249,#1250);
#1249 = CARTESIAN_POINT('',(-4.352941176471,-26.1,37.7));
#1250 = VECTOR('',#1251,1.);
#1251 = DIRECTION('',(-0.,-0.,-1.));
#1252 = ORIENTED_EDGE('',*,*,#464,.T.);
#1253 = ORIENTED_EDGE('',*,*,#1254,.F.);
#1254 = EDGE_CURVE('',#1255,#465,#1257,.T.);
#1255 = VERTEX_POINT('',#1256);
#1256 = CARTESIAN_POINT('',(-7.058823529412,-26.1,31.4));
#1257 = LINE('',#1258,#1259);
#1258 = CARTESIAN_POINT('',(-7.058823529412,-26.1,37.7));
#1259 = VECTOR('',#1260,1.);
#1260 = DIRECTION('',(0.,0.,1.));
#1261 = ORIENTED_EDGE('',*,*,#1262,.T.);
#1262 = EDGE_CURVE('',#1255,#1263,#1265,.T.);
#1263 = VERTEX_POINT('',#1264);
#1264 = CARTESIAN_POINT('',(-10.05882352941,-26.1,31.4));
#1265 = LINE('',#1266,#1267);
#1266 = CARTESIAN_POINT('',(21.770588235294,-26.1,31.4));
#1267 = VECTOR('',#1268,1.);
#1268 = DIRECTION('',(-1.,0.,0.));
#1269 = ORIENTED_EDGE('',*,*,#1270,.F.);
#1270 = EDGE_CURVE('',#489,#1263,#1271,.T.);
#1271 = LINE('',#1272,#1273);
#1272 = CARTESIAN_POINT('',(-10.05882352941,-26.1,37.7));
#1273 = VECTOR('',#1274,1.);
#1274 = DIRECTION('',(-0.,-0.,-1.));
#1275 = ORIENTED_EDGE('',*,*,#496,.T.);
#1276 = ORIENTED_EDGE('',*,*,#1277,.F.);
#1277 = EDGE_CURVE('',#1278,#497,#1280,.T.);
#1278 = VERTEX_POINT('',#1279);
#1279 = CARTESIAN_POINT('',(-12.76470588235,-26.1,31.4));
#1280 = LINE('',#1281,#1282);
#1281 = CARTESIAN_POINT('',(-12.76470588235,-26.1,37.7));
#1282 = VECTOR('',#1283,1.);
#1283 = DIRECTION('',(0.,0.,1.));
#1284 = ORIENTED_EDGE('',*,*,#1285,.T.);
#1285 = EDGE_CURVE('',#1278,#1286,#1288,.T.);
#1286 = VERTEX_POINT('',#1287);
#1287 = CARTESIAN_POINT('',(-15.76470588235,-26.1,31.4));
#1288 = LINE('',#1289,#1290);
#1289 = CARTESIAN_POINT('',(18.917647058824,-26.1,31.4));
#1290 = VECTOR('',#1291,1.);
#1291 = DIRECTION('',(-1.,0.,0.));
#1292 = ORIENTED_EDGE('',*,*,#1293,.F.);
#1293 = EDGE_CURVE('',#521,#1286,#1294,.T.);
#1294 = LINE('',#1295,#1296);
#1295 = CARTESIAN_POINT('',(-15.76470588235,-26.1,37.7));
#1296 = VECTOR('',#1297,1.);
#1297 = DIRECTION('',(-0.,-0.,-1.));
#1298 = ORIENTED_EDGE('',*,*,#528,.T.);
#1299 = ORIENTED_EDGE('',*,*,#1300,.F.);
#1300 = EDGE_CURVE('',#1301,#529,#1303,.T.);
#1301 = VERTEX_POINT('',#1302);
#1302 = CARTESIAN_POINT('',(-18.47058823529,-26.1,31.4));
#1303 = LINE('',#1304,#1305);
#1304 = CARTESIAN_POINT('',(-18.47058823529,-26.1,37.7));
#1305 = VECTOR('',#1306,1.);
#1306 = DIRECTION('',(0.,0.,1.));
#1307 = ORIENTED_EDGE('',*,*,#1308,.T.);
#1308 = EDGE_CURVE('',#1301,#1309,#1311,.T.);
#1309 = VERTEX_POINT('',#1310);
#1310 = CARTESIAN_POINT('',(-21.47058823529,-26.1,31.4));
#1311 = LINE('',#1312,#1313);
#1312 = CARTESIAN_POINT('',(16.064705882353,-26.1,31.4));
#1313 = VECTOR('',#1314,1.);
#1314 = DIRECTION('',(-1.,0.,0.));
#1315 = ORIENTED_EDGE('',*,*,#1316,.F.);
#1316 = EDGE_CURVE('',#553,#1309,#1317,.T.);
#1317 = LINE('',#1318,#1319);
#1318 = CARTESIAN_POINT('',(-21.47058823529,-26.1,37.7));
#1319 = VECTOR('',#1320,1.);
#1320 = DIRECTION('',(-0.,-0.,-1.));
#1321 = ORIENTED_EDGE('',*,*,#560,.T.);
#1322 = ORIENTED_EDGE('',*,*,#1323,.F.);
#1323 = EDGE_CURVE('',#1324,#561,#1326,.T.);
#1324 = VERTEX_POINT('',#1325);
#1325 = CARTESIAN_POINT('',(-24.17647058823,-26.1,31.4));
#1326 = LINE('',#1327,#1328);
#1327 = CARTESIAN_POINT('',(-24.17647058823,-26.1,37.7));
#1328 = VECTOR('',#1329,1.);
#1329 = DIRECTION('',(0.,0.,1.));
#1330 = ORIENTED_EDGE('',*,*,#1331,.T.);
#1331 = EDGE_CURVE('',#1324,#1332,#1334,.T.);
#1332 = VERTEX_POINT('',#1333);
#1333 = CARTESIAN_POINT('',(-27.17647058823,-26.1,31.4));
#1334 = LINE('',#1335,#1336);
#1335 = CARTESIAN_POINT('',(13.211764705882,-26.1,31.4));
#1336 = VECTOR('',#1337,1.);
#1337 = DIRECTION('',(-1.,0.,0.));
#1338 = ORIENTED_EDGE('',*,*,#1339,.F.);
#1339 = EDGE_CURVE('',#585,#1332,#1340,.T.);
#1340 = LINE('',#1341,#1342);
#1341 = CARTESIAN_POINT('',(-27.17647058823,-26.1,37.7));
#1342 = VECTOR('',#1343,1.);
#1343 = DIRECTION('',(-0.,-0.,-1.));
#1344 = ORIENTED_EDGE('',*,*,#592,.T.);
#1345 = ORIENTED_EDGE('',*,*,#1346,.F.);
#1346 = EDGE_CURVE('',#1347,#593,#1349,.T.);
#1347 = VERTEX_POINT('',#1348);
#1348 = CARTESIAN_POINT('',(-29.88235294117,-26.1,31.4));
#1349 = LINE('',#1350,#1351);
#1350 = CARTESIAN_POINT('',(-29.88235294117,-26.1,37.7));
#1351 = VECTOR('',#1352,1.);
#1352 = DIRECTION('',(0.,0.,1.));
#1353 = ORIENTED_EDGE('',*,*,#1354,.T.);
#1354 = EDGE_CURVE('',#1347,#1355,#1357,.T.);
#1355 = VERTEX_POINT('',#1356);
#1356 = CARTESIAN_POINT('',(-32.88235294117,-26.1,31.4));
#1357 = LINE('',#1358,#1359);
#1358 = CARTESIAN_POINT('',(10.358823529412,-26.1,31.4));
#1359 = VECTOR('',#1360,1.);
#1360 = DIRECTION('',(-1.,0.,0.));
#1361 = ORIENTED_EDGE('',*,*,#1362,.F.);
#1362 = EDGE_CURVE('',#617,#1355,#1363,.T.);
#1363 = LINE('',#1364,#1365);
#1364 = CARTESIAN_POINT('',(-32.88235294117,-26.1,37.7));
#1365 = VECTOR('',#1366,1.);
#1366 = DIRECTION('',(-0.,-0.,-1.));
#1367 = ORIENTED_EDGE('',*,*,#624,.T.);
#1368 = ORIENTED_EDGE('',*,*,#1369,.F.);
#1369 = EDGE_CURVE('',#1370,#625,#1372,.T.);
#1370 = VERTEX_POINT('',#1371);
#1371 = CARTESIAN_POINT('',(-35.58823529411,-26.1,31.4));
#1372 = LINE('',#1373,#1374);
#1373 = CARTESIAN_POINT('',(-35.58823529411,-26.1,37.7));
#1374 = VECTOR('',#1375,1.);
#1375 = DIRECTION('',(0.,0.,1.));
#1376 = ORIENTED_EDGE('',*,*,#1377,.T.);
#1377 = EDGE_CURVE('',#1370,#1378,#1380,.T.);
#1378 = VERTEX_POINT('',#1379);
#1379 = CARTESIAN_POINT('',(-38.58823529411,-26.1,31.4));
#1380 = LINE('',#1381,#1382);
#1381 = CARTESIAN_POINT('',(7.505882352941,-26.1,31.4));
#1382 = VECTOR('',#1383,1.);
#1383 = DIRECTION('',(-1.,0.,0.));
#1384 = ORIENTED_EDGE('',*,*,#1385,.F.);
#1385 = EDGE_CURVE('',#649,#1378,#1386,.T.);
#1386 = LINE('',#1387,#1388);
#1387 = CARTESIAN_POINT('',(-38.58823529411,-26.1,37.7));
#1388 = VECTOR('',#1389,1.);
#1389 = DIRECTION('',(-0.,-0.,-1.));
#1390 = ORIENTED_EDGE('',*,*,#656,.T.);
#1391 = ORIENTED_EDGE('',*,*,#1392,.F.);
#1392 = EDGE_CURVE('',#1393,#657,#1395,.T.);
#1393 = VERTEX_POINT('',#1394);
#1394 = CARTESIAN_POINT('',(-41.29411764705,-26.1,31.4));
#1395 = LINE('',#1396,#1397);
#1396 = CARTESIAN_POINT('',(-41.29411764705,-26.1,37.7));
#1397 = VECTOR('',#1398,1.);
#1398 = DIRECTION('',(0.,0.,1.));
#1399 = ORIENTED_EDGE('',*,*,#1400,.T.);
#1400 = EDGE_CURVE('',#1393,#1401,#1403,.T.);
#1401 = VERTEX_POINT('',#1402);
#1402 = CARTESIAN_POINT('',(-44.29411764705,-26.1,31.4));
#1403 = LINE('',#1404,#1405);
#1404 = CARTESIAN_POINT('',(4.652941176471,-26.1,31.4));
#1405 = VECTOR('',#1406,1.);
#1406 = DIRECTION('',(-1.,0.,0.));
#1407 = ORIENTED_EDGE('',*,*,#1408,.F.);
#1408 = EDGE_CURVE('',#681,#1401,#1409,.T.);
#1409 = LINE('',#1410,#1411);
#1410 = CARTESIAN_POINT('',(-44.29411764705,-26.1,37.7));
#1411 = VECTOR('',#1412,1.);
#1412 = DIRECTION('',(-0.,-0.,-1.));
#1413 = ORIENTED_EDGE('',*,*,#688,.T.);
#1414 = ORIENTED_EDGE('',*,*,#1415,.F.);
#1415 = EDGE_CURVE('',#1416,#689,#1418,.T.);
#1416 = VERTEX_POINT('',#1417);
#1417 = CARTESIAN_POINT('',(-47.,-26.1,31.4));
#1418 = LINE('',#1419,#1420);
#1419 = CARTESIAN_POINT('',(-47.,-26.1,37.7));
#1420 = VECTOR('',#1421,1.);
#1421 = DIRECTION('',(0.,0.,1.));
#1422 = ORIENTED_EDGE('',*,*,#1423,.T.);
#1423 = EDGE_CURVE('',#1416,#1424,#1426,.T.);
#1424 = VERTEX_POINT('',#1425);
#1425 = CARTESIAN_POINT('',(-50.,-26.1,31.4));
#1426 = LINE('',#1427,#1428);
#1427 = CARTESIAN_POINT('',(1.8,-26.1,31.4));
#1428 = VECTOR('',#1429,1.);
#1429 = DIRECTION('',(-1.,0.,0.));
#1430 = ORIENTED_EDGE('',*,*,#1431,.F.);
#1431 = EDGE_CURVE('',#713,#1424,#1432,.T.);
#1432 = LINE('',#1433,#1434);
#1433 = CARTESIAN_POINT('',(-50.,-26.1,37.7));
#1434 = VECTOR('',#1435,1.);
#1435 = DIRECTION('',(-0.,-0.,-1.));
#1436 = ORIENTED_EDGE('',*,*,#720,.T.);
#1437 = ORIENTED_EDGE('',*,*,#883,.T.);
#1438 = ORIENTED_EDGE('',*,*,#1439,.F.);
#1439 = EDGE_CURVE('',#770,#884,#1440,.T.);
#1440 = LINE('',#1441,#1442);
#1441 = CARTESIAN_POINT('',(52.1,-26.1,18.));
#1442 = VECTOR('',#1443,1.);
#1443 = DIRECTION('',(-1.,-0.,-0.));
#1444 = PLANE('',#1445);
#1445 = AXIS2_PLACEMENT_3D('',#1446,#1447,#1448);
#1446 = CARTESIAN_POINT('',(52.1,-26.1,37.));
#1447 = DIRECTION('',(0.,-1.,0.));
#1448 = DIRECTION('',(0.,0.,-1.));
#1449 = ADVANCED_FACE('',(#1450),#1484,.F.);
#1450 = FACE_BOUND('',#1451,.F.);
#1451 = EDGE_LOOP('',(#1452,#1462,#1468,#1469,#1470,#1478));
#1452 = ORIENTED_EDGE('',*,*,#1453,.F.);
#1453 = EDGE_CURVE('',#1454,#1456,#1458,.T.);
#1454 = VERTEX_POINT('',#1455);
#1455 = CARTESIAN_POINT('',(-50.,-25.,38.4));
#1456 = VERTEX_POINT('',#1457);
#1457 = CARTESIAN_POINT('',(-50.,-29.00000000001,38.4));
#1458 = LINE('',#1459,#1460);
#1459 = CARTESIAN_POINT('',(-50.,-25.,38.4));
#1460 = VECTOR('',#1461,1.);
#1461 = DIRECTION('',(0.,-1.,0.));
#1462 = ORIENTED_EDGE('',*,*,#1463,.T.);
#1463 = EDGE_CURVE('',#1454,#705,#1464,.T.);
#1464 = LINE('',#1465,#1466);
#1465 = CARTESIAN_POINT('',(-50.,-25.,38.4));
#1466 = VECTOR('',#1467,1.);
#1467 = DIRECTION('',(-0.,-0.,-1.));
#1468 = ORIENTED_EDGE('',*,*,#712,.F.);
#1469 = ORIENTED_EDGE('',*,*,#1431,.T.);
#1470 = ORIENTED_EDGE('',*,*,#1471,.T.);
#1471 = EDGE_CURVE('',#1424,#1472,#1474,.T.);
#1472 = VERTEX_POINT('',#1473);
#1473 = CARTESIAN_POINT('',(-50.,-29.00000000001,31.4));
#1474 = LINE('',#1475,#1476);
#1475 = CARTESIAN_POINT('',(-50.,-25.,31.4));
#1476 = VECTOR('',#1477,1.);
#1477 = DIRECTION('',(0.,-1.,0.));
#1478 = ORIENTED_EDGE('',*,*,#1479,.F.);
#1479 = EDGE_CURVE('',#1456,#1472,#1480,.T.);
#1480 = LINE('',#1481,#1482);
#1481 = CARTESIAN_POINT('',(-50.,-29.00000000001,38.4));
#1482 = VECTOR('',#1483,1.);
#1483 = DIRECTION('',(-0.,-0.,-1.));
#1484 = PLANE('',#1485);
#1485 = AXIS2_PLACEMENT_3D('',#1486,#1487,#1488);
#1486 = CARTESIAN_POINT('',(-50.,-25.,38.4));
#1487 = DIRECTION('',(-1.,0.,0.));
#1488 = DIRECTION('',(0.,-1.,0.));
#1489 = ADVANCED_FACE('',(#1490),#1508,.F.);
#1490 = FACE_BOUND('',#1491,.F.);
#1491 = EDGE_LOOP('',(#1492,#1500,#1506,#1507));
#1492 = ORIENTED_EDGE('',*,*,#1493,.F.);
#1493 = EDGE_CURVE('',#1494,#1454,#1496,.T.);
#1494 = VERTEX_POINT('',#1495);
#1495 = CARTESIAN_POINT('',(-47.,-25.,38.4));
#1496 = LINE('',#1497,#1498);
#1497 = CARTESIAN_POINT('',(-47.,-25.,38.4));
#1498 = VECTOR('',#1499,1.);
#1499 = DIRECTION('',(-1.,0.,0.));
#1500 = ORIENTED_EDGE('',*,*,#1501,.T.);
#1501 = EDGE_CURVE('',#1494,#697,#1502,.T.);
#1502 = LINE('',#1503,#1504);
#1503 = CARTESIAN_POINT('',(-47.,-25.,38.4));
#1504 = VECTOR('',#1505,1.);
#1505 = DIRECTION('',(-0.,-0.,-1.));
#1506 = ORIENTED_EDGE('',*,*,#704,.F.);
#1507 = ORIENTED_EDGE('',*,*,#1463,.F.);
#1508 = PLANE('',#1509);
#1509 = AXIS2_PLACEMENT_3D('',#1510,#1511,#1512);
#1510 = CARTESIAN_POINT('',(-47.,-25.,38.4));
#1511 = DIRECTION('',(0.,1.,0.));
#1512 = DIRECTION('',(-1.,0.,0.));
#1513 = ADVANCED_FACE('',(#1514),#1541,.F.);
#1514 = FACE_BOUND('',#1515,.F.);
#1515 = EDGE_LOOP('',(#1516,#1524,#1532,#1538,#1539,#1540));
#1516 = ORIENTED_EDGE('',*,*,#1517,.F.);
#1517 = EDGE_CURVE('',#1518,#1494,#1520,.T.);
#1518 = VERTEX_POINT('',#1519);
#1519 = CARTESIAN_POINT('',(-47.,-29.00000000001,38.4));
#1520 = LINE('',#1521,#1522);
#1521 = CARTESIAN_POINT('',(-47.,-29.00000000001,38.4));
#1522 = VECTOR('',#1523,1.);
#1523 = DIRECTION('',(0.,1.,0.));
#1524 = ORIENTED_EDGE('',*,*,#1525,.T.);
#1525 = EDGE_CURVE('',#1518,#1526,#1528,.T.);
#1526 = VERTEX_POINT('',#1527);
#1527 = CARTESIAN_POINT('',(-47.,-29.00000000001,31.4));
#1528 = LINE('',#1529,#1530);
#1529 = CARTESIAN_POINT('',(-47.,-29.00000000001,38.4));
#1530 = VECTOR('',#1531,1.);
#1531 = DIRECTION('',(-0.,-0.,-1.));
#1532 = ORIENTED_EDGE('',*,*,#1533,.T.);
#1533 = EDGE_CURVE('',#1526,#1416,#1534,.T.);
#1534 = LINE('',#1535,#1536);
#1535 = CARTESIAN_POINT('',(-47.,-29.00000000001,31.4));
#1536 = VECTOR('',#1537,1.);
#1537 = DIRECTION('',(0.,1.,0.));
#1538 = ORIENTED_EDGE('',*,*,#1415,.T.);
#1539 = ORIENTED_EDGE('',*,*,#696,.F.);
#1540 = ORIENTED_EDGE('',*,*,#1501,.F.);
#1541 = PLANE('',#1542);
#1542 = AXIS2_PLACEMENT_3D('',#1543,#1544,#1545);
#1543 = CARTESIAN_POINT('',(-47.,-29.00000000001,38.4));
#1544 = DIRECTION('',(1.,0.,0.));
#1545 = DIRECTION('',(0.,1.,0.));
#1546 = ADVANCED_FACE('',(#1547),#1581,.F.);
#1547 = FACE_BOUND('',#1548,.F.);
#1548 = EDGE_LOOP('',(#1549,#1559,#1565,#1566,#1567,#1575));
#1549 = ORIENTED_EDGE('',*,*,#1550,.F.);
#1550 = EDGE_CURVE('',#1551,#1553,#1555,.T.);
#1551 = VERTEX_POINT('',#1552);
#1552 = CARTESIAN_POINT('',(-44.29411764705,-25.,38.4));
#1553 = VERTEX_POINT('',#1554);
#1554 = CARTESIAN_POINT('',(-44.29411764705,-29.00000000001,38.4));
#1555 = LINE('',#1556,#1557);
#1556 = CARTESIAN_POINT('',(-44.29411764705,-25.,38.4));
#1557 = VECTOR('',#1558,1.);
#1558 = DIRECTION('',(0.,-1.,0.));
#1559 = ORIENTED_EDGE('',*,*,#1560,.T.);
#1560 = EDGE_CURVE('',#1551,#673,#1561,.T.);
#1561 = LINE('',#1562,#1563);
#1562 = CARTESIAN_POINT('',(-44.29411764705,-25.,38.4));
#1563 = VECTOR('',#1564,1.);
#1564 = DIRECTION('',(-0.,-0.,-1.));
#1565 = ORIENTED_EDGE('',*,*,#680,.F.);
#1566 = ORIENTED_EDGE('',*,*,#1408,.T.);
#1567 = ORIENTED_EDGE('',*,*,#1568,.T.);
#1568 = EDGE_CURVE('',#1401,#1569,#1571,.T.);
#1569 = VERTEX_POINT('',#1570);
#1570 = CARTESIAN_POINT('',(-44.29411764705,-29.00000000001,31.4));
#1571 = LINE('',#1572,#1573);
#1572 = CARTESIAN_POINT('',(-44.29411764705,-25.,31.4));
#1573 = VECTOR('',#1574,1.);
#1574 = DIRECTION('',(0.,-1.,0.));
#1575 = ORIENTED_EDGE('',*,*,#1576,.F.);
#1576 = EDGE_CURVE('',#1553,#1569,#1577,.T.);
#1577 = LINE('',#1578,#1579);
#1578 = CARTESIAN_POINT('',(-44.29411764705,-29.00000000001,38.4));
#1579 = VECTOR('',#1580,1.);
#1580 = DIRECTION('',(-0.,-0.,-1.));
#1581 = PLANE('',#1582);
#1582 = AXIS2_PLACEMENT_3D('',#1583,#1584,#1585);
#1583 = CARTESIAN_POINT('',(-44.29411764705,-25.,38.4));
#1584 = DIRECTION('',(-1.,0.,0.));
#1585 = DIRECTION('',(0.,-1.,0.));
#1586 = ADVANCED_FACE('',(#1587),#1605,.F.);
#1587 = FACE_BOUND('',#1588,.F.);
#1588 = EDGE_LOOP('',(#1589,#1597,#1603,#1604));
#1589 = ORIENTED_EDGE('',*,*,#1590,.F.);
#1590 = EDGE_CURVE('',#1591,#1551,#1593,.T.);
#1591 = VERTEX_POINT('',#1592);
#1592 = CARTESIAN_POINT('',(-41.29411764705,-25.,38.4));
#1593 = LINE('',#1594,#1595);
#1594 = CARTESIAN_POINT('',(-41.29411764705,-25.,38.4));
#1595 = VECTOR('',#1596,1.);
#1596 = DIRECTION('',(-1.,0.,0.));
#1597 = ORIENTED_EDGE('',*,*,#1598,.T.);
#1598 = EDGE_CURVE('',#1591,#665,#1599,.T.);
#1599 = LINE('',#1600,#1601);
#1600 = CARTESIAN_POINT('',(-41.29411764705,-25.,38.4));
#1601 = VECTOR('',#1602,1.);
#1602 = DIRECTION('',(-0.,-0.,-1.));
#1603 = ORIENTED_EDGE('',*,*,#672,.F.);
#1604 = ORIENTED_EDGE('',*,*,#1560,.F.);
#1605 = PLANE('',#1606);
#1606 = AXIS2_PLACEMENT_3D('',#1607,#1608,#1609);
#1607 = CARTESIAN_POINT('',(-41.29411764705,-25.,38.4));
#1608 = DIRECTION('',(0.,1.,0.));
#1609 = DIRECTION('',(-1.,0.,0.));
#1610 = ADVANCED_FACE('',(#1611),#1638,.F.);
#1611 = FACE_BOUND('',#1612,.F.);
#1612 = EDGE_LOOP('',(#1613,#1621,#1629,#1635,#1636,#1637));
#1613 = ORIENTED_EDGE('',*,*,#1614,.F.);
#1614 = EDGE_CURVE('',#1615,#1591,#1617,.T.);
#1615 = VERTEX_POINT('',#1616);
#1616 = CARTESIAN_POINT('',(-41.29411764705,-29.00000000001,38.4));
#1617 = LINE('',#1618,#1619);
#1618 = CARTESIAN_POINT('',(-41.29411764705,-29.00000000001,38.4));
#1619 = VECTOR('',#1620,1.);
#1620 = DIRECTION('',(0.,1.,0.));
#1621 = ORIENTED_EDGE('',*,*,#1622,.T.);
#1622 = EDGE_CURVE('',#1615,#1623,#1625,.T.);
#1623 = VERTEX_POINT('',#1624);
#1624 = CARTESIAN_POINT('',(-41.29411764705,-29.00000000001,31.4));
#1625 = LINE('',#1626,#1627);
#1626 = CARTESIAN_POINT('',(-41.29411764705,-29.00000000001,38.4));
#1627 = VECTOR('',#1628,1.);
#1628 = DIRECTION('',(-0.,-0.,-1.));
#1629 = ORIENTED_EDGE('',*,*,#1630,.T.);
#1630 = EDGE_CURVE('',#1623,#1393,#1631,.T.);
#1631 = LINE('',#1632,#1633);
#1632 = CARTESIAN_POINT('',(-41.29411764705,-29.00000000001,31.4));
#1633 = VECTOR('',#1634,1.);
#1634 = DIRECTION('',(0.,1.,0.));
#1635 = ORIENTED_EDGE('',*,*,#1392,.T.);
#1636 = ORIENTED_EDGE('',*,*,#664,.F.);
#1637 = ORIENTED_EDGE('',*,*,#1598,.F.);
#1638 = PLANE('',#1639);
#1639 = AXIS2_PLACEMENT_3D('',#1640,#1641,#1642);
#1640 = CARTESIAN_POINT('',(-41.29411764705,-29.00000000001,38.4));
#1641 = DIRECTION('',(1.,0.,0.));
#1642 = DIRECTION('',(0.,1.,0.));
#1643 = ADVANCED_FACE('',(#1644),#1678,.F.);
#1644 = FACE_BOUND('',#1645,.F.);
#1645 = EDGE_LOOP('',(#1646,#1656,#1662,#1663,#1664,#1672));
#1646 = ORIENTED_EDGE('',*,*,#1647,.F.);
#1647 = EDGE_CURVE('',#1648,#1650,#1652,.T.);
#1648 = VERTEX_POINT('',#1649);
#1649 = CARTESIAN_POINT('',(-38.58823529411,-25.,38.4));
#1650 = VERTEX_POINT('',#1651);
#1651 = CARTESIAN_POINT('',(-38.58823529411,-29.00000000001,38.4));
#1652 = LINE('',#1653,#1654);
#1653 = CARTESIAN_POINT('',(-38.58823529411,-25.,38.4));
#1654 = VECTOR('',#1655,1.);
#1655 = DIRECTION('',(0.,-1.,0.));
#1656 = ORIENTED_EDGE('',*,*,#1657,.T.);
#1657 = EDGE_CURVE('',#1648,#641,#1658,.T.);
#1658 = LINE('',#1659,#1660);
#1659 = CARTESIAN_POINT('',(-38.58823529411,-25.,38.4));
#1660 = VECTOR('',#1661,1.);
#1661 = DIRECTION('',(-0.,-0.,-1.));
#1662 = ORIENTED_EDGE('',*,*,#648,.F.);
#1663 = ORIENTED_EDGE('',*,*,#1385,.T.);
#1664 = ORIENTED_EDGE('',*,*,#1665,.T.);
#1665 = EDGE_CURVE('',#1378,#1666,#1668,.T.);
#1666 = VERTEX_POINT('',#1667);
#1667 = CARTESIAN_POINT('',(-38.58823529411,-29.00000000001,31.4));
#1668 = LINE('',#1669,#1670);
#1669 = CARTESIAN_POINT('',(-38.58823529411,-25.,31.4));
#1670 = VECTOR('',#1671,1.);
#1671 = DIRECTION('',(0.,-1.,0.));
#1672 = ORIENTED_EDGE('',*,*,#1673,.F.);
#1673 = EDGE_CURVE('',#1650,#1666,#1674,.T.);
#1674 = LINE('',#1675,#1676);
#1675 = CARTESIAN_POINT('',(-38.58823529411,-29.00000000001,38.4));
#1676 = VECTOR('',#1677,1.);
#1677 = DIRECTION('',(-0.,-0.,-1.));
#1678 = PLANE('',#1679);
#1679 = AXIS2_PLACEMENT_3D('',#1680,#1681,#1682);
#1680 = CARTESIAN_POINT('',(-38.58823529411,-25.,38.4));
#1681 = DIRECTION('',(-1.,0.,0.));
#1682 = DIRECTION('',(0.,-1.,0.));
#1683 = ADVANCED_FACE('',(#1684),#1702,.F.);
#1684 = FACE_BOUND('',#1685,.F.);
#1685 = EDGE_LOOP('',(#1686,#1694,#1700,#1701));
#1686 = ORIENTED_EDGE('',*,*,#1687,.F.);
#1687 = EDGE_CURVE('',#1688,#1648,#1690,.T.);
#1688 = VERTEX_POINT('',#1689);
#1689 = CARTESIAN_POINT('',(-35.58823529411,-25.,38.4));
#1690 = LINE('',#1691,#1692);
#1691 = CARTESIAN_POINT('',(-35.58823529411,-25.,38.4));
#1692 = VECTOR('',#1693,1.);
#1693 = DIRECTION('',(-1.,0.,0.));
#1694 = ORIENTED_EDGE('',*,*,#1695,.T.);
#1695 = EDGE_CURVE('',#1688,#633,#1696,.T.);
#1696 = LINE('',#1697,#1698);
#1697 = CARTESIAN_POINT('',(-35.58823529411,-25.,38.4));
#1698 = VECTOR('',#1699,1.);
#1699 = DIRECTION('',(-0.,-0.,-1.));
#1700 = ORIENTED_EDGE('',*,*,#640,.F.);
#1701 = ORIENTED_EDGE('',*,*,#1657,.F.);
#1702 = PLANE('',#1703);
#1703 = AXIS2_PLACEMENT_3D('',#1704,#1705,#1706);
#1704 = CARTESIAN_POINT('',(-35.58823529411,-25.,38.4));
#1705 = DIRECTION('',(0.,1.,0.));
#1706 = DIRECTION('',(-1.,0.,0.));
#1707 = ADVANCED_FACE('',(#1708),#1735,.F.);
#1708 = FACE_BOUND('',#1709,.F.);
#1709 = EDGE_LOOP('',(#1710,#1718,#1726,#1732,#1733,#1734));
#1710 = ORIENTED_EDGE('',*,*,#1711,.F.);
#1711 = EDGE_CURVE('',#1712,#1688,#1714,.T.);
#1712 = VERTEX_POINT('',#1713);
#1713 = CARTESIAN_POINT('',(-35.58823529411,-29.00000000001,38.4));
#1714 = LINE('',#1715,#1716);
#1715 = CARTESIAN_POINT('',(-35.58823529411,-29.00000000001,38.4));
#1716 = VECTOR('',#1717,1.);
#1717 = DIRECTION('',(0.,1.,0.));
#1718 = ORIENTED_EDGE('',*,*,#1719,.T.);
#1719 = EDGE_CURVE('',#1712,#1720,#1722,.T.);
#1720 = VERTEX_POINT('',#1721);
#1721 = CARTESIAN_POINT('',(-35.58823529411,-29.00000000001,31.4));
#1722 = LINE('',#1723,#1724);
#1723 = CARTESIAN_POINT('',(-35.58823529411,-29.00000000001,38.4));
#1724 = VECTOR('',#1725,1.);
#1725 = DIRECTION('',(-0.,-0.,-1.));
#1726 = ORIENTED_EDGE('',*,*,#1727,.T.);
#1727 = EDGE_CURVE('',#1720,#1370,#1728,.T.);
#1728 = LINE('',#1729,#1730);
#1729 = CARTESIAN_POINT('',(-35.58823529411,-29.00000000001,31.4));
#1730 = VECTOR('',#1731,1.);
#1731 = DIRECTION('',(0.,1.,0.));
#1732 = ORIENTED_EDGE('',*,*,#1369,.T.);
#1733 = ORIENTED_EDGE('',*,*,#632,.F.);
#1734 = ORIENTED_EDGE('',*,*,#1695,.F.);
#1735 = PLANE('',#1736);
#1736 = AXIS2_PLACEMENT_3D('',#1737,#1738,#1739);
#1737 = CARTESIAN_POINT('',(-35.58823529411,-29.00000000001,38.4));
#1738 = DIRECTION('',(1.,0.,0.));
#1739 = DIRECTION('',(0.,1.,0.));
#1740 = ADVANCED_FACE('',(#1741),#1775,.F.);
#1741 = FACE_BOUND('',#1742,.F.);
#1742 = EDGE_LOOP('',(#1743,#1753,#1759,#1760,#1761,#1769));
#1743 = ORIENTED_EDGE('',*,*,#1744,.F.);
#1744 = EDGE_CURVE('',#1745,#1747,#1749,.T.);
#1745 = VERTEX_POINT('',#1746);
#1746 = CARTESIAN_POINT('',(-32.88235294117,-25.,38.4));
#1747 = VERTEX_POINT('',#1748);
#1748 = CARTESIAN_POINT('',(-32.88235294117,-29.00000000001,38.4));
#1749 = LINE('',#1750,#1751);
#1750 = CARTESIAN_POINT('',(-32.88235294117,-25.,38.4));
#1751 = VECTOR('',#1752,1.);
#1752 = DIRECTION('',(0.,-1.,0.));
#1753 = ORIENTED_EDGE('',*,*,#1754,.T.);
#1754 = EDGE_CURVE('',#1745,#609,#1755,.T.);
#1755 = LINE('',#1756,#1757);
#1756 = CARTESIAN_POINT('',(-32.88235294117,-25.,38.4));
#1757 = VECTOR('',#1758,1.);
#1758 = DIRECTION('',(-0.,-0.,-1.));
#1759 = ORIENTED_EDGE('',*,*,#616,.F.);
#1760 = ORIENTED_EDGE('',*,*,#1362,.T.);
#1761 = ORIENTED_EDGE('',*,*,#1762,.T.);
#1762 = EDGE_CURVE('',#1355,#1763,#1765,.T.);
#1763 = VERTEX_POINT('',#1764);
#1764 = CARTESIAN_POINT('',(-32.88235294117,-29.00000000001,31.4));
#1765 = LINE('',#1766,#1767);
#1766 = CARTESIAN_POINT('',(-32.88235294117,-25.,31.4));
#1767 = VECTOR('',#1768,1.);
#1768 = DIRECTION('',(0.,-1.,0.));
#1769 = ORIENTED_EDGE('',*,*,#1770,.F.);
#1770 = EDGE_CURVE('',#1747,#1763,#1771,.T.);
#1771 = LINE('',#1772,#1773);
#1772 = CARTESIAN_POINT('',(-32.88235294117,-29.00000000001,38.4));
#1773 = VECTOR('',#1774,1.);
#1774 = DIRECTION('',(-0.,-0.,-1.));
#1775 = PLANE('',#1776);
#1776 = AXIS2_PLACEMENT_3D('',#1777,#1778,#1779);
#1777 = CARTESIAN_POINT('',(-32.88235294117,-25.,38.4));
#1778 = DIRECTION('',(-1.,0.,0.));
#1779 = DIRECTION('',(0.,-1.,0.));
#1780 = ADVANCED_FACE('',(#1781),#1799,.F.);
#1781 = FACE_BOUND('',#1782,.F.);
#1782 = EDGE_LOOP('',(#1783,#1791,#1797,#1798));
#1783 = ORIENTED_EDGE('',*,*,#1784,.F.);
#1784 = EDGE_CURVE('',#1785,#1745,#1787,.T.);
#1785 = VERTEX_POINT('',#1786);
#1786 = CARTESIAN_POINT('',(-29.88235294117,-25.,38.4));
#1787 = LINE('',#1788,#1789);
#1788 = CARTESIAN_POINT('',(-29.88235294117,-25.,38.4));
#1789 = VECTOR('',#1790,1.);
#1790 = DIRECTION('',(-1.,0.,0.));
#1791 = ORIENTED_EDGE('',*,*,#1792,.T.);
#1792 = EDGE_CURVE('',#1785,#601,#1793,.T.);
#1793 = LINE('',#1794,#1795);
#1794 = CARTESIAN_POINT('',(-29.88235294117,-25.,38.4));
#1795 = VECTOR('',#1796,1.);
#1796 = DIRECTION('',(-0.,-0.,-1.));
#1797 = ORIENTED_EDGE('',*,*,#608,.F.);
#1798 = ORIENTED_EDGE('',*,*,#1754,.F.);
#1799 = PLANE('',#1800);
#1800 = AXIS2_PLACEMENT_3D('',#1801,#1802,#1803);
#1801 = CARTESIAN_POINT('',(-29.88235294117,-25.,38.4));
#1802 = DIRECTION('',(0.,1.,0.));
#1803 = DIRECTION('',(-1.,0.,0.));
#1804 = ADVANCED_FACE('',(#1805),#1832,.F.);
#1805 = FACE_BOUND('',#1806,.F.);
#1806 = EDGE_LOOP('',(#1807,#1815,#1823,#1829,#1830,#1831));
#1807 = ORIENTED_EDGE('',*,*,#1808,.F.);
#1808 = EDGE_CURVE('',#1809,#1785,#1811,.T.);
#1809 = VERTEX_POINT('',#1810);
#1810 = CARTESIAN_POINT('',(-29.88235294117,-29.00000000001,38.4));
#1811 = LINE('',#1812,#1813);
#1812 = CARTESIAN_POINT('',(-29.88235294117,-29.00000000001,38.4));
#1813 = VECTOR('',#1814,1.);
#1814 = DIRECTION('',(0.,1.,0.));
#1815 = ORIENTED_EDGE('',*,*,#1816,.T.);
#1816 = EDGE_CURVE('',#1809,#1817,#1819,.T.);
#1817 = VERTEX_POINT('',#1818);
#1818 = CARTESIAN_POINT('',(-29.88235294117,-29.00000000001,31.4));
#1819 = LINE('',#1820,#1821);
#1820 = CARTESIAN_POINT('',(-29.88235294117,-29.00000000001,38.4));
#1821 = VECTOR('',#1822,1.);
#1822 = DIRECTION('',(-0.,-0.,-1.));
#1823 = ORIENTED_EDGE('',*,*,#1824,.T.);
#1824 = EDGE_CURVE('',#1817,#1347,#1825,.T.);
#1825 = LINE('',#1826,#1827);
#1826 = CARTESIAN_POINT('',(-29.88235294117,-29.00000000001,31.4));
#1827 = VECTOR('',#1828,1.);
#1828 = DIRECTION('',(0.,1.,0.));
#1829 = ORIENTED_EDGE('',*,*,#1346,.T.);
#1830 = ORIENTED_EDGE('',*,*,#600,.F.);
#1831 = ORIENTED_EDGE('',*,*,#1792,.F.);
#1832 = PLANE('',#1833);
#1833 = AXIS2_PLACEMENT_3D('',#1834,#1835,#1836);
#1834 = CARTESIAN_POINT('',(-29.88235294117,-29.00000000001,38.4));
#1835 = DIRECTION('',(1.,0.,0.));
#1836 = DIRECTION('',(0.,1.,0.));
#1837 = ADVANCED_FACE('',(#1838),#1872,.F.);
#1838 = FACE_BOUND('',#1839,.F.);
#1839 = EDGE_LOOP('',(#1840,#1850,#1856,#1857,#1858,#1866));
#1840 = ORIENTED_EDGE('',*,*,#1841,.F.);
#1841 = EDGE_CURVE('',#1842,#1844,#1846,.T.);
#1842 = VERTEX_POINT('',#1843);
#1843 = CARTESIAN_POINT('',(-27.17647058823,-25.,38.4));
#1844 = VERTEX_POINT('',#1845);
#1845 = CARTESIAN_POINT('',(-27.17647058823,-29.00000000001,38.4));
#1846 = LINE('',#1847,#1848);
#1847 = CARTESIAN_POINT('',(-27.17647058823,-25.,38.4));
#1848 = VECTOR('',#1849,1.);
#1849 = DIRECTION('',(0.,-1.,0.));
#1850 = ORIENTED_EDGE('',*,*,#1851,.T.);
#1851 = EDGE_CURVE('',#1842,#577,#1852,.T.);
#1852 = LINE('',#1853,#1854);
#1853 = CARTESIAN_POINT('',(-27.17647058823,-25.,38.4));
#1854 = VECTOR('',#1855,1.);
#1855 = DIRECTION('',(-0.,-0.,-1.));
#1856 = ORIENTED_EDGE('',*,*,#584,.F.);
#1857 = ORIENTED_EDGE('',*,*,#1339,.T.);
#1858 = ORIENTED_EDGE('',*,*,#1859,.T.);
#1859 = EDGE_CURVE('',#1332,#1860,#1862,.T.);
#1860 = VERTEX_POINT('',#1861);
#1861 = CARTESIAN_POINT('',(-27.17647058823,-29.00000000001,31.4));
#1862 = LINE('',#1863,#1864);
#1863 = CARTESIAN_POINT('',(-27.17647058823,-25.,31.4));
#1864 = VECTOR('',#1865,1.);
#1865 = DIRECTION('',(0.,-1.,0.));
#1866 = ORIENTED_EDGE('',*,*,#1867,.F.);
#1867 = EDGE_CURVE('',#1844,#1860,#1868,.T.);
#1868 = LINE('',#1869,#1870);
#1869 = CARTESIAN_POINT('',(-27.17647058823,-29.00000000001,38.4));
#1870 = VECTOR('',#1871,1.);
#1871 = DIRECTION('',(-0.,-0.,-1.));
#1872 = PLANE('',#1873);
#1873 = AXIS2_PLACEMENT_3D('',#1874,#1875,#1876);
#1874 = CARTESIAN_POINT('',(-27.17647058823,-25.,38.4));
#1875 = DIRECTION('',(-1.,0.,0.));
#1876 = DIRECTION('',(0.,-1.,0.));
#1877 = ADVANCED_FACE('',(#1878),#1896,.F.);
#1878 = FACE_BOUND('',#1879,.F.);
#1879 = EDGE_LOOP('',(#1880,#1888,#1894,#1895));
#1880 = ORIENTED_EDGE('',*,*,#1881,.F.);
#1881 = EDGE_CURVE('',#1882,#1842,#1884,.T.);
#1882 = VERTEX_POINT('',#1883);
#1883 = CARTESIAN_POINT('',(-24.17647058823,-25.,38.4));
#1884 = LINE('',#1885,#1886);
#1885 = CARTESIAN_POINT('',(-24.17647058823,-25.,38.4));
#1886 = VECTOR('',#1887,1.);
#1887 = DIRECTION('',(-1.,0.,0.));
#1888 = ORIENTED_EDGE('',*,*,#1889,.T.);
#1889 = EDGE_CURVE('',#1882,#569,#1890,.T.);
#1890 = LINE('',#1891,#1892);
#1891 = CARTESIAN_POINT('',(-24.17647058823,-25.,38.4));
#1892 = VECTOR('',#1893,1.);
#1893 = DIRECTION('',(-0.,-0.,-1.));
#1894 = ORIENTED_EDGE('',*,*,#576,.F.);
#1895 = ORIENTED_EDGE('',*,*,#1851,.F.);
#1896 = PLANE('',#1897);
#1897 = AXIS2_PLACEMENT_3D('',#1898,#1899,#1900);
#1898 = CARTESIAN_POINT('',(-24.17647058823,-25.,38.4));
#1899 = DIRECTION('',(0.,1.,0.));
#1900 = DIRECTION('',(-1.,0.,0.));
#1901 = ADVANCED_FACE('',(#1902),#1929,.F.);
#1902 = FACE_BOUND('',#1903,.F.);
#1903 = EDGE_LOOP('',(#1904,#1912,#1920,#1926,#1927,#1928));
#1904 = ORIENTED_EDGE('',*,*,#1905,.F.);
#1905 = EDGE_CURVE('',#1906,#1882,#1908,.T.);
#1906 = VERTEX_POINT('',#1907);
#1907 = CARTESIAN_POINT('',(-24.17647058823,-29.00000000001,38.4));
#1908 = LINE('',#1909,#1910);
#1909 = CARTESIAN_POINT('',(-24.17647058823,-29.00000000001,38.4));
#1910 = VECTOR('',#1911,1.);
#1911 = DIRECTION('',(0.,1.,0.));
#1912 = ORIENTED_EDGE('',*,*,#1913,.T.);
#1913 = EDGE_CURVE('',#1906,#1914,#1916,.T.);
#1914 = VERTEX_POINT('',#1915);
#1915 = CARTESIAN_POINT('',(-24.17647058823,-29.00000000001,31.4));
#1916 = LINE('',#1917,#1918);
#1917 = CARTESIAN_POINT('',(-24.17647058823,-29.00000000001,38.4));
#1918 = VECTOR('',#1919,1.);
#1919 = DIRECTION('',(-0.,-0.,-1.));
#1920 = ORIENTED_EDGE('',*,*,#1921,.T.);
#1921 = EDGE_CURVE('',#1914,#1324,#1922,.T.);
#1922 = LINE('',#1923,#1924);
#1923 = CARTESIAN_POINT('',(-24.17647058823,-29.00000000001,31.4));
#1924 = VECTOR('',#1925,1.);
#1925 = DIRECTION('',(0.,1.,0.));
#1926 = ORIENTED_EDGE('',*,*,#1323,.T.);
#1927 = ORIENTED_EDGE('',*,*,#568,.F.);
#1928 = ORIENTED_EDGE('',*,*,#1889,.F.);
#1929 = PLANE('',#1930);
#1930 = AXIS2_PLACEMENT_3D('',#1931,#1932,#1933);
#1931 = CARTESIAN_POINT('',(-24.17647058823,-29.00000000001,38.4));
#1932 = DIRECTION('',(1.,0.,0.));
#1933 = DIRECTION('',(0.,1.,0.));
#1934 = ADVANCED_FACE('',(#1935),#1969,.F.);
#1935 = FACE_BOUND('',#1936,.F.);
#1936 = EDGE_LOOP('',(#1937,#1947,#1953,#1954,#1955,#1963));
#1937 = ORIENTED_EDGE('',*,*,#1938,.F.);
#1938 = EDGE_CURVE('',#1939,#1941,#1943,.T.);
#1939 = VERTEX_POINT('',#1940);
#1940 = CARTESIAN_POINT('',(-21.47058823529,-25.,38.4));
#1941 = VERTEX_POINT('',#1942);
#1942 = CARTESIAN_POINT('',(-21.47058823529,-29.00000000001,38.4));
#1943 = LINE('',#1944,#1945);
#1944 = CARTESIAN_POINT('',(-21.47058823529,-25.,38.4));
#1945 = VECTOR('',#1946,1.);
#1946 = DIRECTION('',(0.,-1.,0.));
#1947 = ORIENTED_EDGE('',*,*,#1948,.T.);
#1948 = EDGE_CURVE('',#1939,#545,#1949,.T.);
#1949 = LINE('',#1950,#1951);
#1950 = CARTESIAN_POINT('',(-21.47058823529,-25.,38.4));
#1951 = VECTOR('',#1952,1.);
#1952 = DIRECTION('',(-0.,-0.,-1.));
#1953 = ORIENTED_EDGE('',*,*,#552,.F.);
#1954 = ORIENTED_EDGE('',*,*,#1316,.T.);
#1955 = ORIENTED_EDGE('',*,*,#1956,.T.);
#1956 = EDGE_CURVE('',#1309,#1957,#1959,.T.);
#1957 = VERTEX_POINT('',#1958);
#1958 = CARTESIAN_POINT('',(-21.47058823529,-29.00000000001,31.4));
#1959 = LINE('',#1960,#1961);
#1960 = CARTESIAN_POINT('',(-21.47058823529,-25.,31.4));
#1961 = VECTOR('',#1962,1.);
#1962 = DIRECTION('',(0.,-1.,0.));
#1963 = ORIENTED_EDGE('',*,*,#1964,.F.);
#1964 = EDGE_CURVE('',#1941,#1957,#1965,.T.);
#1965 = LINE('',#1966,#1967);
#1966 = CARTESIAN_POINT('',(-21.47058823529,-29.00000000001,38.4));
#1967 = VECTOR('',#1968,1.);
#1968 = DIRECTION('',(-0.,-0.,-1.));
#1969 = PLANE('',#1970);
#1970 = AXIS2_PLACEMENT_3D('',#1971,#1972,#1973);
#1971 = CARTESIAN_POINT('',(-21.47058823529,-25.,38.4));
#1972 = DIRECTION('',(-1.,0.,0.));
#1973 = DIRECTION('',(0.,-1.,0.));
#1974 = ADVANCED_FACE('',(#1975),#1993,.F.);
#1975 = FACE_BOUND('',#1976,.F.);
#1976 = EDGE_LOOP('',(#1977,#1985,#1991,#1992));
#1977 = ORIENTED_EDGE('',*,*,#1978,.F.);
#1978 = EDGE_CURVE('',#1979,#1939,#1981,.T.);
#1979 = VERTEX_POINT('',#1980);
#1980 = CARTESIAN_POINT('',(-18.47058823529,-25.,38.4));
#1981 = LINE('',#1982,#1983);
#1982 = CARTESIAN_POINT('',(-18.47058823529,-25.,38.4));
#1983 = VECTOR('',#1984,1.);
#1984 = DIRECTION('',(-1.,0.,0.));
#1985 = ORIENTED_EDGE('',*,*,#1986,.T.);
#1986 = EDGE_CURVE('',#1979,#537,#1987,.T.);
#1987 = LINE('',#1988,#1989);
#1988 = CARTESIAN_POINT('',(-18.47058823529,-25.,38.4));
#1989 = VECTOR('',#1990,1.);
#1990 = DIRECTION('',(-0.,-0.,-1.));
#1991 = ORIENTED_EDGE('',*,*,#544,.F.);
#1992 = ORIENTED_EDGE('',*,*,#1948,.F.);
#1993 = PLANE('',#1994);
#1994 = AXIS2_PLACEMENT_3D('',#1995,#1996,#1997);
#1995 = CARTESIAN_POINT('',(-18.47058823529,-25.,38.4));
#1996 = DIRECTION('',(0.,1.,0.));
#1997 = DIRECTION('',(-1.,0.,0.));
#1998 = ADVANCED_FACE('',(#1999),#2026,.F.);
#1999 = FACE_BOUND('',#2000,.F.);
#2000 = EDGE_LOOP('',(#2001,#2009,#2017,#2023,#2024,#2025));
#2001 = ORIENTED_EDGE('',*,*,#2002,.F.);
#2002 = EDGE_CURVE('',#2003,#1979,#2005,.T.);
#2003 = VERTEX_POINT('',#2004);
#2004 = CARTESIAN_POINT('',(-18.47058823529,-29.00000000001,38.4));
#2005 = LINE('',#2006,#2007);
#2006 = CARTESIAN_POINT('',(-18.47058823529,-29.00000000001,38.4));
#2007 = VECTOR('',#2008,1.);
#2008 = DIRECTION('',(0.,1.,0.));
#2009 = ORIENTED_EDGE('',*,*,#2010,.T.);
#2010 = EDGE_CURVE('',#2003,#2011,#2013,.T.);
#2011 = VERTEX_POINT('',#2012);
#2012 = CARTESIAN_POINT('',(-18.47058823529,-29.00000000001,31.4));
#2013 = LINE('',#2014,#2015);
#2014 = CARTESIAN_POINT('',(-18.47058823529,-29.00000000001,38.4));
#2015 = VECTOR('',#2016,1.);
#2016 = DIRECTION('',(-0.,-0.,-1.));
#2017 = ORIENTED_EDGE('',*,*,#2018,.T.);
#2018 = EDGE_CURVE('',#2011,#1301,#2019,.T.);
#2019 = LINE('',#2020,#2021);
#2020 = CARTESIAN_POINT('',(-18.47058823529,-29.00000000001,31.4));
#2021 = VECTOR('',#2022,1.);
#2022 = DIRECTION('',(0.,1.,0.));
#2023 = ORIENTED_EDGE('',*,*,#1300,.T.);
#2024 = ORIENTED_EDGE('',*,*,#536,.F.);
#2025 = ORIENTED_EDGE('',*,*,#1986,.F.);
#2026 = PLANE('',#2027);
#2027 = AXIS2_PLACEMENT_3D('',#2028,#2029,#2030);
#2028 = CARTESIAN_POINT('',(-18.47058823529,-29.00000000001,38.4));
#2029 = DIRECTION('',(1.,0.,0.));
#2030 = DIRECTION('',(0.,1.,0.));
#2031 = ADVANCED_FACE('',(#2032),#2066,.F.);
#2032 = FACE_BOUND('',#2033,.F.);
#2033 = EDGE_LOOP('',(#2034,#2044,#2050,#2051,#2052,#2060));
#2034 = ORIENTED_EDGE('',*,*,#2035,.F.);
#2035 = EDGE_CURVE('',#2036,#2038,#2040,.T.);
#2036 = VERTEX_POINT('',#2037);
#2037 = CARTESIAN_POINT('',(-15.76470588235,-25.,38.4));
#2038 = VERTEX_POINT('',#2039);
#2039 = CARTESIAN_POINT('',(-15.76470588235,-29.00000000001,38.4));
#2040 = LINE('',#2041,#2042);
#2041 = CARTESIAN_POINT('',(-15.76470588235,-25.,38.4));
#2042 = VECTOR('',#2043,1.);
#2043 = DIRECTION('',(0.,-1.,0.));
#2044 = ORIENTED_EDGE('',*,*,#2045,.T.);
#2045 = EDGE_CURVE('',#2036,#513,#2046,.T.);
#2046 = LINE('',#2047,#2048);
#2047 = CARTESIAN_POINT('',(-15.76470588235,-25.,38.4));
#2048 = VECTOR('',#2049,1.);
#2049 = DIRECTION('',(-0.,-0.,-1.));
#2050 = ORIENTED_EDGE('',*,*,#520,.F.);
#2051 = ORIENTED_EDGE('',*,*,#1293,.T.);
#2052 = ORIENTED_EDGE('',*,*,#2053,.T.);
#2053 = EDGE_CURVE('',#1286,#2054,#2056,.T.);
#2054 = VERTEX_POINT('',#2055);
#2055 = CARTESIAN_POINT('',(-15.76470588235,-29.00000000001,31.4));
#2056 = LINE('',#2057,#2058);
#2057 = CARTESIAN_POINT('',(-15.76470588235,-25.,31.4));
#2058 = VECTOR('',#2059,1.);
#2059 = DIRECTION('',(0.,-1.,0.));
#2060 = ORIENTED_EDGE('',*,*,#2061,.F.);
#2061 = EDGE_CURVE('',#2038,#2054,#2062,.T.);
#2062 = LINE('',#2063,#2064);
#2063 = CARTESIAN_POINT('',(-15.76470588235,-29.00000000001,38.4));
#2064 = VECTOR('',#2065,1.);
#2065 = DIRECTION('',(-0.,-0.,-1.));
#2066 = PLANE('',#2067);
#2067 = AXIS2_PLACEMENT_3D('',#2068,#2069,#2070);
#2068 = CARTESIAN_POINT('',(-15.76470588235,-25.,38.4));
#2069 = DIRECTION('',(-1.,0.,0.));
#2070 = DIRECTION('',(0.,-1.,0.));
#2071 = ADVANCED_FACE('',(#2072),#2090,.F.);
#2072 = FACE_BOUND('',#2073,.F.);
#2073 = EDGE_LOOP('',(#2074,#2082,#2088,#2089));
#2074 = ORIENTED_EDGE('',*,*,#2075,.F.);
#2075 = EDGE_CURVE('',#2076,#2036,#2078,.T.);
#2076 = VERTEX_POINT('',#2077);
#2077 = CARTESIAN_POINT('',(-12.76470588235,-25.,38.4));
#2078 = LINE('',#2079,#2080);
#2079 = CARTESIAN_POINT('',(-12.76470588235,-25.,38.4));
#2080 = VECTOR('',#2081,1.);
#2081 = DIRECTION('',(-1.,0.,0.));
#2082 = ORIENTED_EDGE('',*,*,#2083,.T.);
#2083 = EDGE_CURVE('',#2076,#505,#2084,.T.);
#2084 = LINE('',#2085,#2086);
#2085 = CARTESIAN_POINT('',(-12.76470588235,-25.,38.4));
#2086 = VECTOR('',#2087,1.);
#2087 = DIRECTION('',(-0.,-0.,-1.));
#2088 = ORIENTED_EDGE('',*,*,#512,.F.);
#2089 = ORIENTED_EDGE('',*,*,#2045,.F.);
#2090 = PLANE('',#2091);
#2091 = AXIS2_PLACEMENT_3D('',#2092,#2093,#2094);
#2092 = CARTESIAN_POINT('',(-12.76470588235,-25.,38.4));
#2093 = DIRECTION('',(0.,1.,0.));
#2094 = DIRECTION('',(-1.,0.,0.));
#2095 = ADVANCED_FACE('',(#2096),#2123,.F.);
#2096 = FACE_BOUND('',#2097,.F.);
#2097 = EDGE_LOOP('',(#2098,#2106,#2114,#2120,#2121,#2122));
#2098 = ORIENTED_EDGE('',*,*,#2099,.F.);
#2099 = EDGE_CURVE('',#2100,#2076,#2102,.T.);
#2100 = VERTEX_POINT('',#2101);
#2101 = CARTESIAN_POINT('',(-12.76470588235,-29.00000000001,38.4));
#2102 = LINE('',#2103,#2104);
#2103 = CARTESIAN_POINT('',(-12.76470588235,-29.00000000001,38.4));
#2104 = VECTOR('',#2105,1.);
#2105 = DIRECTION('',(0.,1.,0.));
#2106 = ORIENTED_EDGE('',*,*,#2107,.T.);
#2107 = EDGE_CURVE('',#2100,#2108,#2110,.T.);
#2108 = VERTEX_POINT('',#2109);
#2109 = CARTESIAN_POINT('',(-12.76470588235,-29.00000000001,31.4));
#2110 = LINE('',#2111,#2112);
#2111 = CARTESIAN_POINT('',(-12.76470588235,-29.00000000001,38.4));
#2112 = VECTOR('',#2113,1.);
#2113 = DIRECTION('',(-0.,-0.,-1.));
#2114 = ORIENTED_EDGE('',*,*,#2115,.T.);
#2115 = EDGE_CURVE('',#2108,#1278,#2116,.T.);
#2116 = LINE('',#2117,#2118);
#2117 = CARTESIAN_POINT('',(-12.76470588235,-29.00000000001,31.4));
#2118 = VECTOR('',#2119,1.);
#2119 = DIRECTION('',(0.,1.,0.));
#2120 = ORIENTED_EDGE('',*,*,#1277,.T.);
#2121 = ORIENTED_EDGE('',*,*,#504,.F.);
#2122 = ORIENTED_EDGE('',*,*,#2083,.F.);
#2123 = PLANE('',#2124);
#2124 = AXIS2_PLACEMENT_3D('',#2125,#2126,#2127);
#2125 = CARTESIAN_POINT('',(-12.76470588235,-29.00000000001,38.4));
#2126 = DIRECTION('',(1.,0.,0.));
#2127 = DIRECTION('',(0.,1.,0.));
#2128 = ADVANCED_FACE('',(#2129),#2163,.F.);
#2129 = FACE_BOUND('',#2130,.F.);
#2130 = EDGE_LOOP('',(#2131,#2141,#2147,#2148,#2149,#2157));
#2131 = ORIENTED_EDGE('',*,*,#2132,.F.);
#2132 = EDGE_CURVE('',#2133,#2135,#2137,.T.);
#2133 = VERTEX_POINT('',#2134);
#2134 = CARTESIAN_POINT('',(-10.05882352941,-25.,38.4));
#2135 = VERTEX_POINT('',#2136);
#2136 = CARTESIAN_POINT('',(-10.05882352941,-29.00000000001,38.4));
#2137 = LINE('',#2138,#2139);
#2138 = CARTESIAN_POINT('',(-10.05882352941,-25.,38.4));
#2139 = VECTOR('',#2140,1.);
#2140 = DIRECTION('',(0.,-1.,0.));
#2141 = ORIENTED_EDGE('',*,*,#2142,.T.);
#2142 = EDGE_CURVE('',#2133,#481,#2143,.T.);
#2143 = LINE('',#2144,#2145);
#2144 = CARTESIAN_POINT('',(-10.05882352941,-25.,38.4));
#2145 = VECTOR('',#2146,1.);
#2146 = DIRECTION('',(-0.,-0.,-1.));
#2147 = ORIENTED_EDGE('',*,*,#488,.F.);
#2148 = ORIENTED_EDGE('',*,*,#1270,.T.);
#2149 = ORIENTED_EDGE('',*,*,#2150,.T.);
#2150 = EDGE_CURVE('',#1263,#2151,#2153,.T.);
#2151 = VERTEX_POINT('',#2152);
#2152 = CARTESIAN_POINT('',(-10.05882352941,-29.00000000001,31.4));
#2153 = LINE('',#2154,#2155);
#2154 = CARTESIAN_POINT('',(-10.05882352941,-25.,31.4));
#2155 = VECTOR('',#2156,1.);
#2156 = DIRECTION('',(0.,-1.,0.));
#2157 = ORIENTED_EDGE('',*,*,#2158,.F.);
#2158 = EDGE_CURVE('',#2135,#2151,#2159,.T.);
#2159 = LINE('',#2160,#2161);
#2160 = CARTESIAN_POINT('',(-10.05882352941,-29.00000000001,38.4));
#2161 = VECTOR('',#2162,1.);
#2162 = DIRECTION('',(-0.,-0.,-1.));
#2163 = PLANE('',#2164);
#2164 = AXIS2_PLACEMENT_3D('',#2165,#2166,#2167);
#2165 = CARTESIAN_POINT('',(-10.05882352941,-25.,38.4));
#2166 = DIRECTION('',(-1.,0.,0.));
#2167 = DIRECTION('',(0.,-1.,0.));
#2168 = ADVANCED_FACE('',(#2169),#2187,.F.);
#2169 = FACE_BOUND('',#2170,.F.);
#2170 = EDGE_LOOP('',(#2171,#2179,#2185,#2186));
#2171 = ORIENTED_EDGE('',*,*,#2172,.F.);
#2172 = EDGE_CURVE('',#2173,#2133,#2175,.T.);
#2173 = VERTEX_POINT('',#2174);
#2174 = CARTESIAN_POINT('',(-7.058823529412,-25.,38.4));
#2175 = LINE('',#2176,#2177);
#2176 = CARTESIAN_POINT('',(-7.058823529412,-25.,38.4));
#2177 = VECTOR('',#2178,1.);
#2178 = DIRECTION('',(-1.,0.,0.));
#2179 = ORIENTED_EDGE('',*,*,#2180,.T.);
#2180 = EDGE_CURVE('',#2173,#473,#2181,.T.);
#2181 = LINE('',#2182,#2183);
#2182 = CARTESIAN_POINT('',(-7.058823529412,-25.,38.4));
#2183 = VECTOR('',#2184,1.);
#2184 = DIRECTION('',(-0.,-0.,-1.));
#2185 = ORIENTED_EDGE('',*,*,#480,.F.);
#2186 = ORIENTED_EDGE('',*,*,#2142,.F.);
#2187 = PLANE('',#2188);
#2188 = AXIS2_PLACEMENT_3D('',#2189,#2190,#2191);
#2189 = CARTESIAN_POINT('',(-7.058823529412,-25.,38.4));
#2190 = DIRECTION('',(0.,1.,0.));
#2191 = DIRECTION('',(-1.,0.,0.));
#2192 = ADVANCED_FACE('',(#2193),#2220,.F.);
#2193 = FACE_BOUND('',#2194,.F.);
#2194 = EDGE_LOOP('',(#2195,#2203,#2211,#2217,#2218,#2219));
#2195 = ORIENTED_EDGE('',*,*,#2196,.F.);
#2196 = EDGE_CURVE('',#2197,#2173,#2199,.T.);
#2197 = VERTEX_POINT('',#2198);
#2198 = CARTESIAN_POINT('',(-7.058823529412,-29.00000000001,38.4));
#2199 = LINE('',#2200,#2201);
#2200 = CARTESIAN_POINT('',(-7.058823529412,-29.00000000001,38.4));
#2201 = VECTOR('',#2202,1.);
#2202 = DIRECTION('',(0.,1.,0.));
#2203 = ORIENTED_EDGE('',*,*,#2204,.T.);
#2204 = EDGE_CURVE('',#2197,#2205,#2207,.T.);
#2205 = VERTEX_POINT('',#2206);
#2206 = CARTESIAN_POINT('',(-7.058823529412,-29.00000000001,31.4));
#2207 = LINE('',#2208,#2209);
#2208 = CARTESIAN_POINT('',(-7.058823529412,-29.00000000001,38.4));
#2209 = VECTOR('',#2210,1.);
#2210 = DIRECTION('',(-0.,-0.,-1.));
#2211 = ORIENTED_EDGE('',*,*,#2212,.T.);
#2212 = EDGE_CURVE('',#2205,#1255,#2213,.T.);
#2213 = LINE('',#2214,#2215);
#2214 = CARTESIAN_POINT('',(-7.058823529412,-29.00000000001,31.4));
#2215 = VECTOR('',#2216,1.);
#2216 = DIRECTION('',(0.,1.,0.));
#2217 = ORIENTED_EDGE('',*,*,#1254,.T.);
#2218 = ORIENTED_EDGE('',*,*,#472,.F.);
#2219 = ORIENTED_EDGE('',*,*,#2180,.F.);
#2220 = PLANE('',#2221);
#2221 = AXIS2_PLACEMENT_3D('',#2222,#2223,#2224);
#2222 = CARTESIAN_POINT('',(-7.058823529412,-29.00000000001,38.4));
#2223 = DIRECTION('',(1.,0.,0.));
#2224 = DIRECTION('',(0.,1.,0.));
#2225 = ADVANCED_FACE('',(#2226),#2260,.F.);
#2226 = FACE_BOUND('',#2227,.F.);
#2227 = EDGE_LOOP('',(#2228,#2238,#2244,#2245,#2246,#2254));
#2228 = ORIENTED_EDGE('',*,*,#2229,.F.);
#2229 = EDGE_CURVE('',#2230,#2232,#2234,.T.);
#2230 = VERTEX_POINT('',#2231);
#2231 = CARTESIAN_POINT('',(-4.352941176471,-25.,38.4));
#2232 = VERTEX_POINT('',#2233);
#2233 = CARTESIAN_POINT('',(-4.352941176471,-29.00000000001,38.4));
#2234 = LINE('',#2235,#2236);
#2235 = CARTESIAN_POINT('',(-4.352941176471,-25.,38.4));
#2236 = VECTOR('',#2237,1.);
#2237 = DIRECTION('',(0.,-1.,0.));
#2238 = ORIENTED_EDGE('',*,*,#2239,.T.);
#2239 = EDGE_CURVE('',#2230,#449,#2240,.T.);
#2240 = LINE('',#2241,#2242);
#2241 = CARTESIAN_POINT('',(-4.352941176471,-25.,38.4));
#2242 = VECTOR('',#2243,1.);
#2243 = DIRECTION('',(-0.,-0.,-1.));
#2244 = ORIENTED_EDGE('',*,*,#456,.F.);
#2245 = ORIENTED_EDGE('',*,*,#1247,.T.);
#2246 = ORIENTED_EDGE('',*,*,#2247,.T.);
#2247 = EDGE_CURVE('',#1240,#2248,#2250,.T.);
#2248 = VERTEX_POINT('',#2249);
#2249 = CARTESIAN_POINT('',(-4.352941176471,-29.00000000001,31.4));
#2250 = LINE('',#2251,#2252);
#2251 = CARTESIAN_POINT('',(-4.352941176471,-25.,31.4));
#2252 = VECTOR('',#2253,1.);
#2253 = DIRECTION('',(0.,-1.,0.));
#2254 = ORIENTED_EDGE('',*,*,#2255,.F.);
#2255 = EDGE_CURVE('',#2232,#2248,#2256,.T.);
#2256 = LINE('',#2257,#2258);
#2257 = CARTESIAN_POINT('',(-4.352941176471,-29.00000000001,38.4));
#2258 = VECTOR('',#2259,1.);
#2259 = DIRECTION('',(-0.,-0.,-1.));
#2260 = PLANE('',#2261);
#2261 = AXIS2_PLACEMENT_3D('',#2262,#2263,#2264);
#2262 = CARTESIAN_POINT('',(-4.352941176471,-25.,38.4));
#2263 = DIRECTION('',(-1.,0.,0.));
#2264 = DIRECTION('',(0.,-1.,0.));
#2265 = ADVANCED_FACE('',(#2266),#2284,.F.);
#2266 = FACE_BOUND('',#2267,.F.);
#2267 = EDGE_LOOP('',(#2268,#2276,#2282,#2283));
#2268 = ORIENTED_EDGE('',*,*,#2269,.F.);
#2269 = EDGE_CURVE('',#2270,#2230,#2272,.T.);
#2270 = VERTEX_POINT('',#2271);
#2271 = CARTESIAN_POINT('',(-1.352941176471,-25.,38.4));
#2272 = LINE('',#2273,#2274);
#2273 = CARTESIAN_POINT('',(-1.352941176471,-25.,38.4));
#2274 = VECTOR('',#2275,1.);
#2275 = DIRECTION('',(-1.,0.,0.));
#2276 = ORIENTED_EDGE('',*,*,#2277,.T.);
#2277 = EDGE_CURVE('',#2270,#441,#2278,.T.);
#2278 = LINE('',#2279,#2280);
#2279 = CARTESIAN_POINT('',(-1.352941176471,-25.,38.4));
#2280 = VECTOR('',#2281,1.);
#2281 = DIRECTION('',(-0.,-0.,-1.));
#2282 = ORIENTED_EDGE('',*,*,#448,.F.);
#2283 = ORIENTED_EDGE('',*,*,#2239,.F.);
#2284 = PLANE('',#2285);
#2285 = AXIS2_PLACEMENT_3D('',#2286,#2287,#2288);
#2286 = CARTESIAN_POINT('',(-1.352941176471,-25.,38.4));
#2287 = DIRECTION('',(0.,1.,0.));
#2288 = DIRECTION('',(-1.,0.,0.));
#2289 = ADVANCED_FACE('',(#2290),#2317,.F.);
#2290 = FACE_BOUND('',#2291,.F.);
#2291 = EDGE_LOOP('',(#2292,#2300,#2308,#2314,#2315,#2316));
#2292 = ORIENTED_EDGE('',*,*,#2293,.F.);
#2293 = EDGE_CURVE('',#2294,#2270,#2296,.T.);
#2294 = VERTEX_POINT('',#2295);
#2295 = CARTESIAN_POINT('',(-1.352941176471,-29.00000000001,38.4));
#2296 = LINE('',#2297,#2298);
#2297 = CARTESIAN_POINT('',(-1.352941176471,-29.00000000001,38.4));
#2298 = VECTOR('',#2299,1.);
#2299 = DIRECTION('',(0.,1.,0.));
#2300 = ORIENTED_EDGE('',*,*,#2301,.T.);
#2301 = EDGE_CURVE('',#2294,#2302,#2304,.T.);
#2302 = VERTEX_POINT('',#2303);
#2303 = CARTESIAN_POINT('',(-1.352941176471,-29.00000000001,31.4));
#2304 = LINE('',#2305,#2306);
#2305 = CARTESIAN_POINT('',(-1.352941176471,-29.00000000001,38.4));
#2306 = VECTOR('',#2307,1.);
#2307 = DIRECTION('',(-0.,-0.,-1.));
#2308 = ORIENTED_EDGE('',*,*,#2309,.T.);
#2309 = EDGE_CURVE('',#2302,#1232,#2310,.T.);
#2310 = LINE('',#2311,#2312);
#2311 = CARTESIAN_POINT('',(-1.352941176471,-29.00000000001,31.4));
#2312 = VECTOR('',#2313,1.);
#2313 = DIRECTION('',(0.,1.,0.));
#2314 = ORIENTED_EDGE('',*,*,#1231,.T.);
#2315 = ORIENTED_EDGE('',*,*,#440,.F.);
#2316 = ORIENTED_EDGE('',*,*,#2277,.F.);
#2317 = PLANE('',#2318);
#2318 = AXIS2_PLACEMENT_3D('',#2319,#2320,#2321);
#2319 = CARTESIAN_POINT('',(-1.352941176471,-29.00000000001,38.4));
#2320 = DIRECTION('',(1.,0.,0.));
#2321 = DIRECTION('',(0.,1.,0.));
#2322 = ADVANCED_FACE('',(#2323),#2357,.F.);
#2323 = FACE_BOUND('',#2324,.F.);
#2324 = EDGE_LOOP('',(#2325,#2335,#2341,#2342,#2343,#2351));
#2325 = ORIENTED_EDGE('',*,*,#2326,.F.);
#2326 = EDGE_CURVE('',#2327,#2329,#2331,.T.);
#2327 = VERTEX_POINT('',#2328);
#2328 = CARTESIAN_POINT('',(1.352941176471,-25.,38.4));
#2329 = VERTEX_POINT('',#2330);
#2330 = CARTESIAN_POINT('',(1.352941176471,-29.00000000001,38.4));
#2331 = LINE('',#2332,#2333);
#2332 = CARTESIAN_POINT('',(1.352941176471,-25.,38.4));
#2333 = VECTOR('',#2334,1.);
#2334 = DIRECTION('',(0.,-1.,0.));
#2335 = ORIENTED_EDGE('',*,*,#2336,.T.);
#2336 = EDGE_CURVE('',#2327,#417,#2337,.T.);
#2337 = LINE('',#2338,#2339);
#2338 = CARTESIAN_POINT('',(1.352941176471,-25.,38.4));
#2339 = VECTOR('',#2340,1.);
#2340 = DIRECTION('',(-0.,-0.,-1.));
#2341 = ORIENTED_EDGE('',*,*,#424,.F.);
#2342 = ORIENTED_EDGE('',*,*,#1224,.T.);
#2343 = ORIENTED_EDGE('',*,*,#2344,.T.);
#2344 = EDGE_CURVE('',#1217,#2345,#2347,.T.);
#2345 = VERTEX_POINT('',#2346);
#2346 = CARTESIAN_POINT('',(1.352941176471,-29.00000000001,31.4));
#2347 = LINE('',#2348,#2349);
#2348 = CARTESIAN_POINT('',(1.352941176471,-25.,31.4));
#2349 = VECTOR('',#2350,1.);
#2350 = DIRECTION('',(0.,-1.,0.));
#2351 = ORIENTED_EDGE('',*,*,#2352,.F.);
#2352 = EDGE_CURVE('',#2329,#2345,#2353,.T.);
#2353 = LINE('',#2354,#2355);
#2354 = CARTESIAN_POINT('',(1.352941176471,-29.00000000001,38.4));
#2355 = VECTOR('',#2356,1.);
#2356 = DIRECTION('',(-0.,-0.,-1.));
#2357 = PLANE('',#2358);
#2358 = AXIS2_PLACEMENT_3D('',#2359,#2360,#2361);
#2359 = CARTESIAN_POINT('',(1.352941176471,-25.,38.4));
#2360 = DIRECTION('',(-1.,0.,0.));
#2361 = DIRECTION('',(0.,-1.,0.));
#2362 = ADVANCED_FACE('',(#2363),#2381,.F.);
#2363 = FACE_BOUND('',#2364,.F.);
#2364 = EDGE_LOOP('',(#2365,#2373,#2379,#2380));
#2365 = ORIENTED_EDGE('',*,*,#2366,.F.);
#2366 = EDGE_CURVE('',#2367,#2327,#2369,.T.);
#2367 = VERTEX_POINT('',#2368);
#2368 = CARTESIAN_POINT('',(4.352941176471,-25.,38.4));
#2369 = LINE('',#2370,#2371);
#2370 = CARTESIAN_POINT('',(4.352941176471,-25.,38.4));
#2371 = VECTOR('',#2372,1.);
#2372 = DIRECTION('',(-1.,0.,0.));
#2373 = ORIENTED_EDGE('',*,*,#2374,.T.);
#2374 = EDGE_CURVE('',#2367,#409,#2375,.T.);
#2375 = LINE('',#2376,#2377);
#2376 = CARTESIAN_POINT('',(4.352941176471,-25.,38.4));
#2377 = VECTOR('',#2378,1.);
#2378 = DIRECTION('',(-0.,-0.,-1.));
#2379 = ORIENTED_EDGE('',*,*,#416,.F.);
#2380 = ORIENTED_EDGE('',*,*,#2336,.F.);
#2381 = PLANE('',#2382);
#2382 = AXIS2_PLACEMENT_3D('',#2383,#2384,#2385);
#2383 = CARTESIAN_POINT('',(4.352941176471,-25.,38.4));
#2384 = DIRECTION('',(0.,1.,0.));
#2385 = DIRECTION('',(-1.,0.,0.));
#2386 = ADVANCED_FACE('',(#2387),#2414,.F.);
#2387 = FACE_BOUND('',#2388,.F.);
#2388 = EDGE_LOOP('',(#2389,#2397,#2405,#2411,#2412,#2413));
#2389 = ORIENTED_EDGE('',*,*,#2390,.F.);
#2390 = EDGE_CURVE('',#2391,#2367,#2393,.T.);
#2391 = VERTEX_POINT('',#2392);
#2392 = CARTESIAN_POINT('',(4.352941176471,-29.00000000001,38.4));
#2393 = LINE('',#2394,#2395);
#2394 = CARTESIAN_POINT('',(4.352941176471,-29.00000000001,38.4));
#2395 = VECTOR('',#2396,1.);
#2396 = DIRECTION('',(0.,1.,0.));
#2397 = ORIENTED_EDGE('',*,*,#2398,.T.);
#2398 = EDGE_CURVE('',#2391,#2399,#2401,.T.);
#2399 = VERTEX_POINT('',#2400);
#2400 = CARTESIAN_POINT('',(4.352941176471,-29.00000000001,31.4));
#2401 = LINE('',#2402,#2403);
#2402 = CARTESIAN_POINT('',(4.352941176471,-29.00000000001,38.4));
#2403 = VECTOR('',#2404,1.);
#2404 = DIRECTION('',(-0.,-0.,-1.));
#2405 = ORIENTED_EDGE('',*,*,#2406,.T.);
#2406 = EDGE_CURVE('',#2399,#1209,#2407,.T.);
#2407 = LINE('',#2408,#2409);
#2408 = CARTESIAN_POINT('',(4.352941176471,-29.00000000001,31.4));
#2409 = VECTOR('',#2410,1.);
#2410 = DIRECTION('',(0.,1.,0.));
#2411 = ORIENTED_EDGE('',*,*,#1208,.T.);
#2412 = ORIENTED_EDGE('',*,*,#408,.F.);
#2413 = ORIENTED_EDGE('',*,*,#2374,.F.);
#2414 = PLANE('',#2415);
#2415 = AXIS2_PLACEMENT_3D('',#2416,#2417,#2418);
#2416 = CARTESIAN_POINT('',(4.352941176471,-29.00000000001,38.4));
#2417 = DIRECTION('',(1.,0.,0.));
#2418 = DIRECTION('',(0.,1.,0.));
#2419 = ADVANCED_FACE('',(#2420),#2454,.F.);
#2420 = FACE_BOUND('',#2421,.F.);
#2421 = EDGE_LOOP('',(#2422,#2432,#2438,#2439,#2440,#2448));
#2422 = ORIENTED_EDGE('',*,*,#2423,.F.);
#2423 = EDGE_CURVE('',#2424,#2426,#2428,.T.);
#2424 = VERTEX_POINT('',#2425);
#2425 = CARTESIAN_POINT('',(7.058823529412,-25.,38.4));
#2426 = VERTEX_POINT('',#2427);
#2427 = CARTESIAN_POINT('',(7.058823529412,-29.00000000001,38.4));
#2428 = LINE('',#2429,#2430);
#2429 = CARTESIAN_POINT('',(7.058823529412,-25.,38.4));
#2430 = VECTOR('',#2431,1.);
#2431 = DIRECTION('',(0.,-1.,0.));
#2432 = ORIENTED_EDGE('',*,*,#2433,.T.);
#2433 = EDGE_CURVE('',#2424,#385,#2434,.T.);
#2434 = LINE('',#2435,#2436);
#2435 = CARTESIAN_POINT('',(7.058823529412,-25.,38.4));
#2436 = VECTOR('',#2437,1.);
#2437 = DIRECTION('',(-0.,-0.,-1.));
#2438 = ORIENTED_EDGE('',*,*,#392,.F.);
#2439 = ORIENTED_EDGE('',*,*,#1201,.T.);
#2440 = ORIENTED_EDGE('',*,*,#2441,.T.);
#2441 = EDGE_CURVE('',#1194,#2442,#2444,.T.);
#2442 = VERTEX_POINT('',#2443);
#2443 = CARTESIAN_POINT('',(7.058823529412,-29.00000000001,31.4));
#2444 = LINE('',#2445,#2446);
#2445 = CARTESIAN_POINT('',(7.058823529412,-25.,31.4));
#2446 = VECTOR('',#2447,1.);
#2447 = DIRECTION('',(0.,-1.,0.));
#2448 = ORIENTED_EDGE('',*,*,#2449,.F.);
#2449 = EDGE_CURVE('',#2426,#2442,#2450,.T.);
#2450 = LINE('',#2451,#2452);
#2451 = CARTESIAN_POINT('',(7.058823529412,-29.00000000001,38.4));
#2452 = VECTOR('',#2453,1.);
#2453 = DIRECTION('',(-0.,-0.,-1.));
#2454 = PLANE('',#2455);
#2455 = AXIS2_PLACEMENT_3D('',#2456,#2457,#2458);
#2456 = CARTESIAN_POINT('',(7.058823529412,-25.,38.4));
#2457 = DIRECTION('',(-1.,0.,0.));
#2458 = DIRECTION('',(0.,-1.,0.));
#2459 = ADVANCED_FACE('',(#2460),#2478,.F.);
#2460 = FACE_BOUND('',#2461,.F.);
#2461 = EDGE_LOOP('',(#2462,#2470,#2476,#2477));
#2462 = ORIENTED_EDGE('',*,*,#2463,.F.);
#2463 = EDGE_CURVE('',#2464,#2424,#2466,.T.);
#2464 = VERTEX_POINT('',#2465);
#2465 = CARTESIAN_POINT('',(10.058823529412,-25.,38.4));
#2466 = LINE('',#2467,#2468);
#2467 = CARTESIAN_POINT('',(10.058823529412,-25.,38.4));
#2468 = VECTOR('',#2469,1.);
#2469 = DIRECTION('',(-1.,0.,0.));
#2470 = ORIENTED_EDGE('',*,*,#2471,.T.);
#2471 = EDGE_CURVE('',#2464,#377,#2472,.T.);
#2472 = LINE('',#2473,#2474);
#2473 = CARTESIAN_POINT('',(10.058823529412,-25.,38.4));
#2474 = VECTOR('',#2475,1.);
#2475 = DIRECTION('',(-0.,-0.,-1.));
#2476 = ORIENTED_EDGE('',*,*,#384,.F.);
#2477 = ORIENTED_EDGE('',*,*,#2433,.F.);
#2478 = PLANE('',#2479);
#2479 = AXIS2_PLACEMENT_3D('',#2480,#2481,#2482);
#2480 = CARTESIAN_POINT('',(10.058823529412,-25.,38.4));
#2481 = DIRECTION('',(0.,1.,0.));
#2482 = DIRECTION('',(-1.,0.,0.));
#2483 = ADVANCED_FACE('',(#2484),#2511,.F.);
#2484 = FACE_BOUND('',#2485,.F.);
#2485 = EDGE_LOOP('',(#2486,#2494,#2502,#2508,#2509,#2510));
#2486 = ORIENTED_EDGE('',*,*,#2487,.F.);
#2487 = EDGE_CURVE('',#2488,#2464,#2490,.T.);
#2488 = VERTEX_POINT('',#2489);
#2489 = CARTESIAN_POINT('',(10.058823529412,-29.00000000001,38.4));
#2490 = LINE('',#2491,#2492);
#2491 = CARTESIAN_POINT('',(10.058823529412,-29.00000000001,38.4));
#2492 = VECTOR('',#2493,1.);
#2493 = DIRECTION('',(0.,1.,0.));
#2494 = ORIENTED_EDGE('',*,*,#2495,.T.);
#2495 = EDGE_CURVE('',#2488,#2496,#2498,.T.);
#2496 = VERTEX_POINT('',#2497);
#2497 = CARTESIAN_POINT('',(10.058823529412,-29.00000000001,31.4));
#2498 = LINE('',#2499,#2500);
#2499 = CARTESIAN_POINT('',(10.058823529412,-29.00000000001,38.4));
#2500 = VECTOR('',#2501,1.);
#2501 = DIRECTION('',(-0.,-0.,-1.));
#2502 = ORIENTED_EDGE('',*,*,#2503,.T.);
#2503 = EDGE_CURVE('',#2496,#1186,#2504,.T.);
#2504 = LINE('',#2505,#2506);
#2505 = CARTESIAN_POINT('',(10.058823529412,-29.00000000001,31.4));
#2506 = VECTOR('',#2507,1.);
#2507 = DIRECTION('',(0.,1.,0.));
#2508 = ORIENTED_EDGE('',*,*,#1185,.T.);
#2509 = ORIENTED_EDGE('',*,*,#376,.F.);
#2510 = ORIENTED_EDGE('',*,*,#2471,.F.);
#2511 = PLANE('',#2512);
#2512 = AXIS2_PLACEMENT_3D('',#2513,#2514,#2515);
#2513 = CARTESIAN_POINT('',(10.058823529412,-29.00000000001,38.4));
#2514 = DIRECTION('',(1.,0.,0.));
#2515 = DIRECTION('',(0.,1.,0.));
#2516 = ADVANCED_FACE('',(#2517),#2551,.F.);
#2517 = FACE_BOUND('',#2518,.F.);
#2518 = EDGE_LOOP('',(#2519,#2529,#2535,#2536,#2537,#2545));
#2519 = ORIENTED_EDGE('',*,*,#2520,.F.);
#2520 = EDGE_CURVE('',#2521,#2523,#2525,.T.);
#2521 = VERTEX_POINT('',#2522);
#2522 = CARTESIAN_POINT('',(12.764705882353,-25.,38.4));
#2523 = VERTEX_POINT('',#2524);
#2524 = CARTESIAN_POINT('',(12.764705882353,-29.00000000001,38.4));
#2525 = LINE('',#2526,#2527);
#2526 = CARTESIAN_POINT('',(12.764705882353,-25.,38.4));
#2527 = VECTOR('',#2528,1.);
#2528 = DIRECTION('',(0.,-1.,0.));
#2529 = ORIENTED_EDGE('',*,*,#2530,.T.);
#2530 = EDGE_CURVE('',#2521,#353,#2531,.T.);
#2531 = LINE('',#2532,#2533);
#2532 = CARTESIAN_POINT('',(12.764705882353,-25.,38.4));
#2533 = VECTOR('',#2534,1.);
#2534 = DIRECTION('',(-0.,-0.,-1.));
#2535 = ORIENTED_EDGE('',*,*,#360,.F.);
#2536 = ORIENTED_EDGE('',*,*,#1178,.T.);
#2537 = ORIENTED_EDGE('',*,*,#2538,.T.);
#2538 = EDGE_CURVE('',#1171,#2539,#2541,.T.);
#2539 = VERTEX_POINT('',#2540);
#2540 = CARTESIAN_POINT('',(12.764705882353,-29.00000000001,31.4));
#2541 = LINE('',#2542,#2543);
#2542 = CARTESIAN_POINT('',(12.764705882353,-25.,31.4));
#2543 = VECTOR('',#2544,1.);
#2544 = DIRECTION('',(0.,-1.,0.));
#2545 = ORIENTED_EDGE('',*,*,#2546,.F.);
#2546 = EDGE_CURVE('',#2523,#2539,#2547,.T.);
#2547 = LINE('',#2548,#2549);
#2548 = CARTESIAN_POINT('',(12.764705882353,-29.00000000001,38.4));
#2549 = VECTOR('',#2550,1.);
#2550 = DIRECTION('',(-0.,-0.,-1.));
#2551 = PLANE('',#2552);
#2552 = AXIS2_PLACEMENT_3D('',#2553,#2554,#2555);
#2553 = CARTESIAN_POINT('',(12.764705882353,-25.,38.4));
#2554 = DIRECTION('',(-1.,0.,0.));
#2555 = DIRECTION('',(0.,-1.,0.));
#2556 = ADVANCED_FACE('',(#2557),#2575,.F.);
#2557 = FACE_BOUND('',#2558,.F.);
#2558 = EDGE_LOOP('',(#2559,#2567,#2573,#2574));
#2559 = ORIENTED_EDGE('',*,*,#2560,.F.);
#2560 = EDGE_CURVE('',#2561,#2521,#2563,.T.);
#2561 = VERTEX_POINT('',#2562);
#2562 = CARTESIAN_POINT('',(15.764705882353,-25.,38.4));
#2563 = LINE('',#2564,#2565);
#2564 = CARTESIAN_POINT('',(15.764705882353,-25.,38.4));
#2565 = VECTOR('',#2566,1.);
#2566 = DIRECTION('',(-1.,0.,0.));
#2567 = ORIENTED_EDGE('',*,*,#2568,.T.);
#2568 = EDGE_CURVE('',#2561,#345,#2569,.T.);
#2569 = LINE('',#2570,#2571);
#2570 = CARTESIAN_POINT('',(15.764705882353,-25.,38.4));
#2571 = VECTOR('',#2572,1.);
#2572 = DIRECTION('',(-0.,-0.,-1.));
#2573 = ORIENTED_EDGE('',*,*,#352,.F.);
#2574 = ORIENTED_EDGE('',*,*,#2530,.F.);
#2575 = PLANE('',#2576);
#2576 = AXIS2_PLACEMENT_3D('',#2577,#2578,#2579);
#2577 = CARTESIAN_POINT('',(15.764705882353,-25.,38.4));
#2578 = DIRECTION('',(0.,1.,0.));
#2579 = DIRECTION('',(-1.,0.,0.));
#2580 = ADVANCED_FACE('',(#2581),#2608,.F.);
#2581 = FACE_BOUND('',#2582,.F.);
#2582 = EDGE_LOOP('',(#2583,#2591,#2599,#2605,#2606,#2607));
#2583 = ORIENTED_EDGE('',*,*,#2584,.F.);
#2584 = EDGE_CURVE('',#2585,#2561,#2587,.T.);
#2585 = VERTEX_POINT('',#2586);
#2586 = CARTESIAN_POINT('',(15.764705882353,-29.00000000001,38.4));
#2587 = LINE('',#2588,#2589);
#2588 = CARTESIAN_POINT('',(15.764705882353,-29.00000000001,38.4));
#2589 = VECTOR('',#2590,1.);
#2590 = DIRECTION('',(0.,1.,0.));
#2591 = ORIENTED_EDGE('',*,*,#2592,.T.);
#2592 = EDGE_CURVE('',#2585,#2593,#2595,.T.);
#2593 = VERTEX_POINT('',#2594);
#2594 = CARTESIAN_POINT('',(15.764705882353,-29.00000000001,31.4));
#2595 = LINE('',#2596,#2597);
#2596 = CARTESIAN_POINT('',(15.764705882353,-29.00000000001,38.4));
#2597 = VECTOR('',#2598,1.);
#2598 = DIRECTION('',(-0.,-0.,-1.));
#2599 = ORIENTED_EDGE('',*,*,#2600,.T.);
#2600 = EDGE_CURVE('',#2593,#1163,#2601,.T.);
#2601 = LINE('',#2602,#2603);
#2602 = CARTESIAN_POINT('',(15.764705882353,-29.00000000001,31.4));
#2603 = VECTOR('',#2604,1.);
#2604 = DIRECTION('',(0.,1.,0.));
#2605 = ORIENTED_EDGE('',*,*,#1162,.T.);
#2606 = ORIENTED_EDGE('',*,*,#344,.F.);
#2607 = ORIENTED_EDGE('',*,*,#2568,.F.);
#2608 = PLANE('',#2609);
#2609 = AXIS2_PLACEMENT_3D('',#2610,#2611,#2612);
#2610 = CARTESIAN_POINT('',(15.764705882353,-29.00000000001,38.4));
#2611 = DIRECTION('',(1.,0.,0.));
#2612 = DIRECTION('',(0.,1.,0.));
#2613 = ADVANCED_FACE('',(#2614),#2648,.F.);
#2614 = FACE_BOUND('',#2615,.F.);
#2615 = EDGE_LOOP('',(#2616,#2626,#2632,#2633,#2634,#2642));
#2616 = ORIENTED_EDGE('',*,*,#2617,.F.);
#2617 = EDGE_CURVE('',#2618,#2620,#2622,.T.);
#2618 = VERTEX_POINT('',#2619);
#2619 = CARTESIAN_POINT('',(18.470588235294,-25.,38.4));
#2620 = VERTEX_POINT('',#2621);
#2621 = CARTESIAN_POINT('',(18.470588235294,-29.00000000001,38.4));
#2622 = LINE('',#2623,#2624);
#2623 = CARTESIAN_POINT('',(18.470588235294,-25.,38.4));
#2624 = VECTOR('',#2625,1.);
#2625 = DIRECTION('',(0.,-1.,0.));
#2626 = ORIENTED_EDGE('',*,*,#2627,.T.);
#2627 = EDGE_CURVE('',#2618,#321,#2628,.T.);
#2628 = LINE('',#2629,#2630);
#2629 = CARTESIAN_POINT('',(18.470588235294,-25.,38.4));
#2630 = VECTOR('',#2631,1.);
#2631 = DIRECTION('',(-0.,-0.,-1.));
#2632 = ORIENTED_EDGE('',*,*,#328,.F.);
#2633 = ORIENTED_EDGE('',*,*,#1155,.T.);
#2634 = ORIENTED_EDGE('',*,*,#2635,.T.);
#2635 = EDGE_CURVE('',#1148,#2636,#2638,.T.);
#2636 = VERTEX_POINT('',#2637);
#2637 = CARTESIAN_POINT('',(18.470588235294,-29.00000000001,31.4));
#2638 = LINE('',#2639,#2640);
#2639 = CARTESIAN_POINT('',(18.470588235294,-25.,31.4));
#2640 = VECTOR('',#2641,1.);
#2641 = DIRECTION('',(0.,-1.,0.));
#2642 = ORIENTED_EDGE('',*,*,#2643,.F.);
#2643 = EDGE_CURVE('',#2620,#2636,#2644,.T.);
#2644 = LINE('',#2645,#2646);
#2645 = CARTESIAN_POINT('',(18.470588235294,-29.00000000001,38.4));
#2646 = VECTOR('',#2647,1.);
#2647 = DIRECTION('',(-0.,-0.,-1.));
#2648 = PLANE('',#2649);
#2649 = AXIS2_PLACEMENT_3D('',#2650,#2651,#2652);
#2650 = CARTESIAN_POINT('',(18.470588235294,-25.,38.4));
#2651 = DIRECTION('',(-1.,0.,0.));
#2652 = DIRECTION('',(0.,-1.,0.));
#2653 = ADVANCED_FACE('',(#2654),#2672,.F.);
#2654 = FACE_BOUND('',#2655,.F.);
#2655 = EDGE_LOOP('',(#2656,#2664,#2670,#2671));
#2656 = ORIENTED_EDGE('',*,*,#2657,.F.);
#2657 = EDGE_CURVE('',#2658,#2618,#2660,.T.);
#2658 = VERTEX_POINT('',#2659);
#2659 = CARTESIAN_POINT('',(21.470588235294,-25.,38.4));
#2660 = LINE('',#2661,#2662);
#2661 = CARTESIAN_POINT('',(21.470588235294,-25.,38.4));
#2662 = VECTOR('',#2663,1.);
#2663 = DIRECTION('',(-1.,0.,0.));
#2664 = ORIENTED_EDGE('',*,*,#2665,.T.);
#2665 = EDGE_CURVE('',#2658,#313,#2666,.T.);
#2666 = LINE('',#2667,#2668);
#2667 = CARTESIAN_POINT('',(21.470588235294,-25.,38.4));
#2668 = VECTOR('',#2669,1.);
#2669 = DIRECTION('',(-0.,-0.,-1.));
#2670 = ORIENTED_EDGE('',*,*,#320,.F.);
#2671 = ORIENTED_EDGE('',*,*,#2627,.F.);
#2672 = PLANE('',#2673);
#2673 = AXIS2_PLACEMENT_3D('',#2674,#2675,#2676);
#2674 = CARTESIAN_POINT('',(21.470588235294,-25.,38.4));
#2675 = DIRECTION('',(0.,1.,0.));
#2676 = DIRECTION('',(-1.,0.,0.));
#2677 = ADVANCED_FACE('',(#2678),#2705,.F.);
#2678 = FACE_BOUND('',#2679,.F.);
#2679 = EDGE_LOOP('',(#2680,#2688,#2696,#2702,#2703,#2704));
#2680 = ORIENTED_EDGE('',*,*,#2681,.F.);
#2681 = EDGE_CURVE('',#2682,#2658,#2684,.T.);
#2682 = VERTEX_POINT('',#2683);
#2683 = CARTESIAN_POINT('',(21.470588235294,-29.00000000001,38.4));
#2684 = LINE('',#2685,#2686);
#2685 = CARTESIAN_POINT('',(21.470588235294,-29.00000000001,38.4));
#2686 = VECTOR('',#2687,1.);
#2687 = DIRECTION('',(0.,1.,0.));
#2688 = ORIENTED_EDGE('',*,*,#2689,.T.);
#2689 = EDGE_CURVE('',#2682,#2690,#2692,.T.);
#2690 = VERTEX_POINT('',#2691);
#2691 = CARTESIAN_POINT('',(21.470588235294,-29.00000000001,31.4));
#2692 = LINE('',#2693,#2694);
#2693 = CARTESIAN_POINT('',(21.470588235294,-29.00000000001,38.4));
#2694 = VECTOR('',#2695,1.);
#2695 = DIRECTION('',(-0.,-0.,-1.));
#2696 = ORIENTED_EDGE('',*,*,#2697,.T.);
#2697 = EDGE_CURVE('',#2690,#1140,#2698,.T.);
#2698 = LINE('',#2699,#2700);
#2699 = CARTESIAN_POINT('',(21.470588235294,-29.00000000001,31.4));
#2700 = VECTOR('',#2701,1.);
#2701 = DIRECTION('',(0.,1.,0.));
#2702 = ORIENTED_EDGE('',*,*,#1139,.T.);
#2703 = ORIENTED_EDGE('',*,*,#312,.F.);
#2704 = ORIENTED_EDGE('',*,*,#2665,.F.);
#2705 = PLANE('',#2706);
#2706 = AXIS2_PLACEMENT_3D('',#2707,#2708,#2709);
#2707 = CARTESIAN_POINT('',(21.470588235294,-29.00000000001,38.4));
#2708 = DIRECTION('',(1.,0.,0.));
#2709 = DIRECTION('',(0.,1.,0.));
#2710 = ADVANCED_FACE('',(#2711),#2745,.F.);
#2711 = FACE_BOUND('',#2712,.F.);
#2712 = EDGE_LOOP('',(#2713,#2723,#2729,#2730,#2731,#2739));
#2713 = ORIENTED_EDGE('',*,*,#2714,.F.);
#2714 = EDGE_CURVE('',#2715,#2717,#2719,.T.);
#2715 = VERTEX_POINT('',#2716);
#2716 = CARTESIAN_POINT('',(24.176470588235,-25.,38.4));
#2717 = VERTEX_POINT('',#2718);
#2718 = CARTESIAN_POINT('',(24.176470588235,-29.00000000001,38.4));
#2719 = LINE('',#2720,#2721);
#2720 = CARTESIAN_POINT('',(24.176470588235,-25.,38.4));
#2721 = VECTOR('',#2722,1.);
#2722 = DIRECTION('',(0.,-1.,0.));
#2723 = ORIENTED_EDGE('',*,*,#2724,.T.);
#2724 = EDGE_CURVE('',#2715,#289,#2725,.T.);
#2725 = LINE('',#2726,#2727);
#2726 = CARTESIAN_POINT('',(24.176470588235,-25.,38.4));
#2727 = VECTOR('',#2728,1.);
#2728 = DIRECTION('',(-0.,-0.,-1.));
#2729 = ORIENTED_EDGE('',*,*,#296,.F.);
#2730 = ORIENTED_EDGE('',*,*,#1132,.T.);
#2731 = ORIENTED_EDGE('',*,*,#2732,.T.);
#2732 = EDGE_CURVE('',#1125,#2733,#2735,.T.);
#2733 = VERTEX_POINT('',#2734);
#2734 = CARTESIAN_POINT('',(24.176470588235,-29.00000000001,31.4));
#2735 = LINE('',#2736,#2737);
#2736 = CARTESIAN_POINT('',(24.176470588235,-25.,31.4));
#2737 = VECTOR('',#2738,1.);
#2738 = DIRECTION('',(0.,-1.,0.));
#2739 = ORIENTED_EDGE('',*,*,#2740,.F.);
#2740 = EDGE_CURVE('',#2717,#2733,#2741,.T.);
#2741 = LINE('',#2742,#2743);
#2742 = CARTESIAN_POINT('',(24.176470588235,-29.00000000001,38.4));
#2743 = VECTOR('',#2744,1.);
#2744 = DIRECTION('',(-0.,-0.,-1.));
#2745 = PLANE('',#2746);
#2746 = AXIS2_PLACEMENT_3D('',#2747,#2748,#2749);
#2747 = CARTESIAN_POINT('',(24.176470588235,-25.,38.4));
#2748 = DIRECTION('',(-1.,0.,0.));
#2749 = DIRECTION('',(0.,-1.,0.));
#2750 = ADVANCED_FACE('',(#2751),#2769,.F.);
#2751 = FACE_BOUND('',#2752,.F.);
#2752 = EDGE_LOOP('',(#2753,#2761,#2767,#2768));
#2753 = ORIENTED_EDGE('',*,*,#2754,.F.);
#2754 = EDGE_CURVE('',#2755,#2715,#2757,.T.);
#2755 = VERTEX_POINT('',#2756);
#2756 = CARTESIAN_POINT('',(27.176470588235,-25.,38.4));
#2757 = LINE('',#2758,#2759);
#2758 = CARTESIAN_POINT('',(27.176470588235,-25.,38.4));
#2759 = VECTOR('',#2760,1.);
#2760 = DIRECTION('',(-1.,0.,0.));
#2761 = ORIENTED_EDGE('',*,*,#2762,.T.);
#2762 = EDGE_CURVE('',#2755,#281,#2763,.T.);
#2763 = LINE('',#2764,#2765);
#2764 = CARTESIAN_POINT('',(27.176470588235,-25.,38.4));
#2765 = VECTOR('',#2766,1.);
#2766 = DIRECTION('',(-0.,-0.,-1.));
#2767 = ORIENTED_EDGE('',*,*,#288,.F.);
#2768 = ORIENTED_EDGE('',*,*,#2724,.F.);
#2769 = PLANE('',#2770);
#2770 = AXIS2_PLACEMENT_3D('',#2771,#2772,#2773);
#2771 = CARTESIAN_POINT('',(27.176470588235,-25.,38.4));
#2772 = DIRECTION('',(0.,1.,0.));
#2773 = DIRECTION('',(-1.,0.,0.));
#2774 = ADVANCED_FACE('',(#2775),#2802,.F.);
#2775 = FACE_BOUND('',#2776,.F.);
#2776 = EDGE_LOOP('',(#2777,#2785,#2793,#2799,#2800,#2801));
#2777 = ORIENTED_EDGE('',*,*,#2778,.F.);
#2778 = EDGE_CURVE('',#2779,#2755,#2781,.T.);
#2779 = VERTEX_POINT('',#2780);
#2780 = CARTESIAN_POINT('',(27.176470588235,-29.00000000001,38.4));
#2781 = LINE('',#2782,#2783);
#2782 = CARTESIAN_POINT('',(27.176470588235,-29.00000000001,38.4));
#2783 = VECTOR('',#2784,1.);
#2784 = DIRECTION('',(0.,1.,0.));
#2785 = ORIENTED_EDGE('',*,*,#2786,.T.);
#2786 = EDGE_CURVE('',#2779,#2787,#2789,.T.);
#2787 = VERTEX_POINT('',#2788);
#2788 = CARTESIAN_POINT('',(27.176470588235,-29.00000000001,31.4));
#2789 = LINE('',#2790,#2791);
#2790 = CARTESIAN_POINT('',(27.176470588235,-29.00000000001,38.4));
#2791 = VECTOR('',#2792,1.);
#2792 = DIRECTION('',(-0.,-0.,-1.));
#2793 = ORIENTED_EDGE('',*,*,#2794,.T.);
#2794 = EDGE_CURVE('',#2787,#1117,#2795,.T.);
#2795 = LINE('',#2796,#2797);
#2796 = CARTESIAN_POINT('',(27.176470588235,-29.00000000001,31.4));
#2797 = VECTOR('',#2798,1.);
#2798 = DIRECTION('',(0.,1.,0.));
#2799 = ORIENTED_EDGE('',*,*,#1116,.T.);
#2800 = ORIENTED_EDGE('',*,*,#280,.F.);
#2801 = ORIENTED_EDGE('',*,*,#2762,.F.);
#2802 = PLANE('',#2803);
#2803 = AXIS2_PLACEMENT_3D('',#2804,#2805,#2806);
#2804 = CARTESIAN_POINT('',(27.176470588235,-29.00000000001,38.4));
#2805 = DIRECTION('',(1.,0.,0.));
#2806 = DIRECTION('',(0.,1.,0.));
#2807 = ADVANCED_FACE('',(#2808),#2842,.F.);
#2808 = FACE_BOUND('',#2809,.F.);
#2809 = EDGE_LOOP('',(#2810,#2820,#2826,#2827,#2828,#2836));
#2810 = ORIENTED_EDGE('',*,*,#2811,.F.);
#2811 = EDGE_CURVE('',#2812,#2814,#2816,.T.);
#2812 = VERTEX_POINT('',#2813);
#2813 = CARTESIAN_POINT('',(29.882352941176,-25.,38.4));
#2814 = VERTEX_POINT('',#2815);
#2815 = CARTESIAN_POINT('',(29.882352941176,-29.00000000001,38.4));
#2816 = LINE('',#2817,#2818);
#2817 = CARTESIAN_POINT('',(29.882352941176,-25.,38.4));
#2818 = VECTOR('',#2819,1.);
#2819 = DIRECTION('',(0.,-1.,0.));
#2820 = ORIENTED_EDGE('',*,*,#2821,.T.);
#2821 = EDGE_CURVE('',#2812,#257,#2822,.T.);
#2822 = LINE('',#2823,#2824);
#2823 = CARTESIAN_POINT('',(29.882352941176,-25.,38.4));
#2824 = VECTOR('',#2825,1.);
#2825 = DIRECTION('',(-0.,-0.,-1.));
#2826 = ORIENTED_EDGE('',*,*,#264,.F.);
#2827 = ORIENTED_EDGE('',*,*,#1109,.T.);
#2828 = ORIENTED_EDGE('',*,*,#2829,.T.);
#2829 = EDGE_CURVE('',#1102,#2830,#2832,.T.);
#2830 = VERTEX_POINT('',#2831);
#2831 = CARTESIAN_POINT('',(29.882352941176,-29.00000000001,31.4));
#2832 = LINE('',#2833,#2834);
#2833 = CARTESIAN_POINT('',(29.882352941176,-25.,31.4));
#2834 = VECTOR('',#2835,1.);
#2835 = DIRECTION('',(0.,-1.,0.));
#2836 = ORIENTED_EDGE('',*,*,#2837,.F.);
#2837 = EDGE_CURVE('',#2814,#2830,#2838,.T.);
#2838 = LINE('',#2839,#2840);
#2839 = CARTESIAN_POINT('',(29.882352941176,-29.00000000001,38.4));
#2840 = VECTOR('',#2841,1.);
#2841 = DIRECTION('',(-0.,-0.,-1.));
#2842 = PLANE('',#2843);
#2843 = AXIS2_PLACEMENT_3D('',#2844,#2845,#2846);
#2844 = CARTESIAN_POINT('',(29.882352941176,-25.,38.4));
#2845 = DIRECTION('',(-1.,0.,0.));
#2846 = DIRECTION('',(0.,-1.,0.));
#2847 = ADVANCED_FACE('',(#2848),#2866,.F.);
#2848 = FACE_BOUND('',#2849,.F.);
#2849 = EDGE_LOOP('',(#2850,#2858,#2864,#2865));
#2850 = ORIENTED_EDGE('',*,*,#2851,.F.);
#2851 = EDGE_CURVE('',#2852,#2812,#2854,.T.);
#2852 = VERTEX_POINT('',#2853);
#2853 = CARTESIAN_POINT('',(32.882352941176,-25.,38.4));
#2854 = LINE('',#2855,#2856);
#2855 = CARTESIAN_POINT('',(32.882352941176,-25.,38.4));
#2856 = VECTOR('',#2857,1.);
#2857 = DIRECTION('',(-1.,0.,0.));
#2858 = ORIENTED_EDGE('',*,*,#2859,.T.);
#2859 = EDGE_CURVE('',#2852,#249,#2860,.T.);
#2860 = LINE('',#2861,#2862);
#2861 = CARTESIAN_POINT('',(32.882352941176,-25.,38.4));
#2862 = VECTOR('',#2863,1.);
#2863 = DIRECTION('',(-0.,-0.,-1.));
#2864 = ORIENTED_EDGE('',*,*,#256,.F.);
#2865 = ORIENTED_EDGE('',*,*,#2821,.F.);
#2866 = PLANE('',#2867);
#2867 = AXIS2_PLACEMENT_3D('',#2868,#2869,#2870);
#2868 = CARTESIAN_POINT('',(32.882352941176,-25.,38.4));
#2869 = DIRECTION('',(0.,1.,0.));
#2870 = DIRECTION('',(-1.,0.,0.));
#2871 = ADVANCED_FACE('',(#2872),#2899,.F.);
#2872 = FACE_BOUND('',#2873,.F.);
#2873 = EDGE_LOOP('',(#2874,#2882,#2890,#2896,#2897,#2898));
#2874 = ORIENTED_EDGE('',*,*,#2875,.F.);
#2875 = EDGE_CURVE('',#2876,#2852,#2878,.T.);
#2876 = VERTEX_POINT('',#2877);
#2877 = CARTESIAN_POINT('',(32.882352941176,-29.00000000001,38.4));
#2878 = LINE('',#2879,#2880);
#2879 = CARTESIAN_POINT('',(32.882352941176,-29.00000000001,38.4));
#2880 = VECTOR('',#2881,1.);
#2881 = DIRECTION('',(0.,1.,0.));
#2882 = ORIENTED_EDGE('',*,*,#2883,.T.);
#2883 = EDGE_CURVE('',#2876,#2884,#2886,.T.);
#2884 = VERTEX_POINT('',#2885);
#2885 = CARTESIAN_POINT('',(32.882352941176,-29.00000000001,31.4));
#2886 = LINE('',#2887,#2888);
#2887 = CARTESIAN_POINT('',(32.882352941176,-29.00000000001,38.4));
#2888 = VECTOR('',#2889,1.);
#2889 = DIRECTION('',(-0.,-0.,-1.));
#2890 = ORIENTED_EDGE('',*,*,#2891,.T.);
#2891 = EDGE_CURVE('',#2884,#1094,#2892,.T.);
#2892 = LINE('',#2893,#2894);
#2893 = CARTESIAN_POINT('',(32.882352941176,-29.00000000001,31.4));
#2894 = VECTOR('',#2895,1.);
#2895 = DIRECTION('',(0.,1.,0.));
#2896 = ORIENTED_EDGE('',*,*,#1093,.T.);
#2897 = ORIENTED_EDGE('',*,*,#248,.F.);
#2898 = ORIENTED_EDGE('',*,*,#2859,.F.);
#2899 = PLANE('',#2900);
#2900 = AXIS2_PLACEMENT_3D('',#2901,#2902,#2903);
#2901 = CARTESIAN_POINT('',(32.882352941176,-29.00000000001,38.4));
#2902 = DIRECTION('',(1.,0.,0.));
#2903 = DIRECTION('',(0.,1.,0.));
#2904 = ADVANCED_FACE('',(#2905),#2939,.F.);
#2905 = FACE_BOUND('',#2906,.F.);
#2906 = EDGE_LOOP('',(#2907,#2917,#2923,#2924,#2925,#2933));
#2907 = ORIENTED_EDGE('',*,*,#2908,.F.);
#2908 = EDGE_CURVE('',#2909,#2911,#2913,.T.);
#2909 = VERTEX_POINT('',#2910);
#2910 = CARTESIAN_POINT('',(35.588235294118,-25.,38.4));
#2911 = VERTEX_POINT('',#2912);
#2912 = CARTESIAN_POINT('',(35.588235294118,-29.00000000001,38.4));
#2913 = LINE('',#2914,#2915);
#2914 = CARTESIAN_POINT('',(35.588235294118,-25.,38.4));
#2915 = VECTOR('',#2916,1.);
#2916 = DIRECTION('',(0.,-1.,0.));
#2917 = ORIENTED_EDGE('',*,*,#2918,.T.);
#2918 = EDGE_CURVE('',#2909,#225,#2919,.T.);
#2919 = LINE('',#2920,#2921);
#2920 = CARTESIAN_POINT('',(35.588235294118,-25.,38.4));
#2921 = VECTOR('',#2922,1.);
#2922 = DIRECTION('',(-0.,-0.,-1.));
#2923 = ORIENTED_EDGE('',*,*,#232,.F.);
#2924 = ORIENTED_EDGE('',*,*,#1086,.T.);
#2925 = ORIENTED_EDGE('',*,*,#2926,.T.);
#2926 = EDGE_CURVE('',#1079,#2927,#2929,.T.);
#2927 = VERTEX_POINT('',#2928);
#2928 = CARTESIAN_POINT('',(35.588235294118,-29.00000000001,31.4));
#2929 = LINE('',#2930,#2931);
#2930 = CARTESIAN_POINT('',(35.588235294118,-25.,31.4));
#2931 = VECTOR('',#2932,1.);
#2932 = DIRECTION('',(0.,-1.,0.));
#2933 = ORIENTED_EDGE('',*,*,#2934,.F.);
#2934 = EDGE_CURVE('',#2911,#2927,#2935,.T.);
#2935 = LINE('',#2936,#2937);
#2936 = CARTESIAN_POINT('',(35.588235294118,-29.00000000001,38.4));
#2937 = VECTOR('',#2938,1.);
#2938 = DIRECTION('',(-0.,-0.,-1.));
#2939 = PLANE('',#2940);
#2940 = AXIS2_PLACEMENT_3D('',#2941,#2942,#2943);
#2941 = CARTESIAN_POINT('',(35.588235294118,-25.,38.4));
#2942 = DIRECTION('',(-1.,0.,0.));
#2943 = DIRECTION('',(0.,-1.,0.));
#2944 = ADVANCED_FACE('',(#2945),#2963,.F.);
#2945 = FACE_BOUND('',#2946,.F.);
#2946 = EDGE_LOOP('',(#2947,#2955,#2961,#2962));
#2947 = ORIENTED_EDGE('',*,*,#2948,.F.);
#2948 = EDGE_CURVE('',#2949,#2909,#2951,.T.);
#2949 = VERTEX_POINT('',#2950);
#2950 = CARTESIAN_POINT('',(38.588235294118,-25.,38.4));
#2951 = LINE('',#2952,#2953);
#2952 = CARTESIAN_POINT('',(38.588235294118,-25.,38.4));
#2953 = VECTOR('',#2954,1.);
#2954 = DIRECTION('',(-1.,0.,0.));
#2955 = ORIENTED_EDGE('',*,*,#2956,.T.);
#2956 = EDGE_CURVE('',#2949,#217,#2957,.T.);
#2957 = LINE('',#2958,#2959);
#2958 = CARTESIAN_POINT('',(38.588235294118,-25.,38.4));
#2959 = VECTOR('',#2960,1.);
#2960 = DIRECTION('',(-0.,-0.,-1.));
#2961 = ORIENTED_EDGE('',*,*,#224,.F.);
#2962 = ORIENTED_EDGE('',*,*,#2918,.F.);
#2963 = PLANE('',#2964);
#2964 = AXIS2_PLACEMENT_3D('',#2965,#2966,#2967);
#2965 = CARTESIAN_POINT('',(38.588235294118,-25.,38.4));
#2966 = DIRECTION('',(0.,1.,0.));
#2967 = DIRECTION('',(-1.,0.,0.));
#2968 = ADVANCED_FACE('',(#2969),#2996,.F.);
#2969 = FACE_BOUND('',#2970,.F.);
#2970 = EDGE_LOOP('',(#2971,#2979,#2987,#2993,#2994,#2995));
#2971 = ORIENTED_EDGE('',*,*,#2972,.F.);
#2972 = EDGE_CURVE('',#2973,#2949,#2975,.T.);
#2973 = VERTEX_POINT('',#2974);
#2974 = CARTESIAN_POINT('',(38.588235294118,-29.00000000001,38.4));
#2975 = LINE('',#2976,#2977);
#2976 = CARTESIAN_POINT('',(38.588235294118,-29.00000000001,38.4));
#2977 = VECTOR('',#2978,1.);
#2978 = DIRECTION('',(0.,1.,0.));
#2979 = ORIENTED_EDGE('',*,*,#2980,.T.);
#2980 = EDGE_CURVE('',#2973,#2981,#2983,.T.);
#2981 = VERTEX_POINT('',#2982);
#2982 = CARTESIAN_POINT('',(38.588235294118,-29.00000000001,31.4));
#2983 = LINE('',#2984,#2985);
#2984 = CARTESIAN_POINT('',(38.588235294118,-29.00000000001,38.4));
#2985 = VECTOR('',#2986,1.);
#2986 = DIRECTION('',(-0.,-0.,-1.));
#2987 = ORIENTED_EDGE('',*,*,#2988,.T.);
#2988 = EDGE_CURVE('',#2981,#1071,#2989,.T.);
#2989 = LINE('',#2990,#2991);
#2990 = CARTESIAN_POINT('',(38.588235294118,-29.00000000001,31.4));
#2991 = VECTOR('',#2992,1.);
#2992 = DIRECTION('',(0.,1.,0.));
#2993 = ORIENTED_EDGE('',*,*,#1070,.T.);
#2994 = ORIENTED_EDGE('',*,*,#216,.F.);
#2995 = ORIENTED_EDGE('',*,*,#2956,.F.);
#2996 = PLANE('',#2997);
#2997 = AXIS2_PLACEMENT_3D('',#2998,#2999,#3000);
#2998 = CARTESIAN_POINT('',(38.588235294118,-29.00000000001,38.4));
#2999 = DIRECTION('',(1.,0.,0.));
#3000 = DIRECTION('',(0.,1.,0.));
#3001 = ADVANCED_FACE('',(#3002),#3036,.F.);
#3002 = FACE_BOUND('',#3003,.F.);
#3003 = EDGE_LOOP('',(#3004,#3014,#3020,#3021,#3022,#3030));
#3004 = ORIENTED_EDGE('',*,*,#3005,.F.);
#3005 = EDGE_CURVE('',#3006,#3008,#3010,.T.);
#3006 = VERTEX_POINT('',#3007);
#3007 = CARTESIAN_POINT('',(41.294117647059,-25.,38.4));
#3008 = VERTEX_POINT('',#3009);
#3009 = CARTESIAN_POINT('',(41.294117647059,-29.00000000001,38.4));
#3010 = LINE('',#3011,#3012);
#3011 = CARTESIAN_POINT('',(41.294117647059,-25.,38.4));
#3012 = VECTOR('',#3013,1.);
#3013 = DIRECTION('',(0.,-1.,0.));
#3014 = ORIENTED_EDGE('',*,*,#3015,.T.);
#3015 = EDGE_CURVE('',#3006,#193,#3016,.T.);
#3016 = LINE('',#3017,#3018);
#3017 = CARTESIAN_POINT('',(41.294117647059,-25.,38.4));
#3018 = VECTOR('',#3019,1.);
#3019 = DIRECTION('',(-0.,-0.,-1.));
#3020 = ORIENTED_EDGE('',*,*,#200,.F.);
#3021 = ORIENTED_EDGE('',*,*,#1063,.T.);
#3022 = ORIENTED_EDGE('',*,*,#3023,.T.);
#3023 = EDGE_CURVE('',#1056,#3024,#3026,.T.);
#3024 = VERTEX_POINT('',#3025);
#3025 = CARTESIAN_POINT('',(41.294117647059,-29.00000000001,31.4));
#3026 = LINE('',#3027,#3028);
#3027 = CARTESIAN_POINT('',(41.294117647059,-25.,31.4));
#3028 = VECTOR('',#3029,1.);
#3029 = DIRECTION('',(0.,-1.,0.));
#3030 = ORIENTED_EDGE('',*,*,#3031,.F.);
#3031 = EDGE_CURVE('',#3008,#3024,#3032,.T.);
#3032 = LINE('',#3033,#3034);
#3033 = CARTESIAN_POINT('',(41.294117647059,-29.00000000001,38.4));
#3034 = VECTOR('',#3035,1.);
#3035 = DIRECTION('',(-0.,-0.,-1.));
#3036 = PLANE('',#3037);
#3037 = AXIS2_PLACEMENT_3D('',#3038,#3039,#3040);
#3038 = CARTESIAN_POINT('',(41.294117647059,-25.,38.4));
#3039 = DIRECTION('',(-1.,0.,0.));
#3040 = DIRECTION('',(0.,-1.,0.));
#3041 = ADVANCED_FACE('',(#3042),#3060,.F.);
#3042 = FACE_BOUND('',#3043,.F.);
#3043 = EDGE_LOOP('',(#3044,#3052,#3058,#3059));
#3044 = ORIENTED_EDGE('',*,*,#3045,.F.);
#3045 = EDGE_CURVE('',#3046,#3006,#3048,.T.);
#3046 = VERTEX_POINT('',#3047);
#3047 = CARTESIAN_POINT('',(44.294117647059,-25.,38.4));
#3048 = LINE('',#3049,#3050);
#3049 = CARTESIAN_POINT('',(44.294117647059,-25.,38.4));
#3050 = VECTOR('',#3051,1.);
#3051 = DIRECTION('',(-1.,0.,0.));
#3052 = ORIENTED_EDGE('',*,*,#3053,.T.);
#3053 = EDGE_CURVE('',#3046,#185,#3054,.T.);
#3054 = LINE('',#3055,#3056);
#3055 = CARTESIAN_POINT('',(44.294117647059,-25.,38.4));
#3056 = VECTOR('',#3057,1.);
#3057 = DIRECTION('',(-0.,-0.,-1.));
#3058 = ORIENTED_EDGE('',*,*,#192,.F.);
#3059 = ORIENTED_EDGE('',*,*,#3015,.F.);
#3060 = PLANE('',#3061);
#3061 = AXIS2_PLACEMENT_3D('',#3062,#3063,#3064);
#3062 = CARTESIAN_POINT('',(44.294117647059,-25.,38.4));
#3063 = DIRECTION('',(0.,1.,0.));
#3064 = DIRECTION('',(-1.,0.,0.));
#3065 = ADVANCED_FACE('',(#3066),#3093,.F.);
#3066 = FACE_BOUND('',#3067,.F.);
#3067 = EDGE_LOOP('',(#3068,#3076,#3084,#3090,#3091,#3092));
#3068 = ORIENTED_EDGE('',*,*,#3069,.F.);
#3069 = EDGE_CURVE('',#3070,#3046,#3072,.T.);
#3070 = VERTEX_POINT('',#3071);
#3071 = CARTESIAN_POINT('',(44.294117647059,-29.00000000001,38.4));
#3072 = LINE('',#3073,#3074);
#3073 = CARTESIAN_POINT('',(44.294117647059,-29.00000000001,38.4));
#3074 = VECTOR('',#3075,1.);
#3075 = DIRECTION('',(0.,1.,0.));
#3076 = ORIENTED_EDGE('',*,*,#3077,.T.);
#3077 = EDGE_CURVE('',#3070,#3078,#3080,.T.);
#3078 = VERTEX_POINT('',#3079);
#3079 = CARTESIAN_POINT('',(44.294117647059,-29.00000000001,31.4));
#3080 = LINE('',#3081,#3082);
#3081 = CARTESIAN_POINT('',(44.294117647059,-29.00000000001,38.4));
#3082 = VECTOR('',#3083,1.);
#3083 = DIRECTION('',(-0.,-0.,-1.));
#3084 = ORIENTED_EDGE('',*,*,#3085,.T.);
#3085 = EDGE_CURVE('',#3078,#1048,#3086,.T.);
#3086 = LINE('',#3087,#3088);
#3087 = CARTESIAN_POINT('',(44.294117647059,-29.00000000001,31.4));
#3088 = VECTOR('',#3089,1.);
#3089 = DIRECTION('',(0.,1.,0.));
#3090 = ORIENTED_EDGE('',*,*,#1047,.T.);
#3091 = ORIENTED_EDGE('',*,*,#184,.F.);
#3092 = ORIENTED_EDGE('',*,*,#3053,.F.);
#3093 = PLANE('',#3094);
#3094 = AXIS2_PLACEMENT_3D('',#3095,#3096,#3097);
#3095 = CARTESIAN_POINT('',(44.294117647059,-29.00000000001,38.4));
#3096 = DIRECTION('',(1.,0.,0.));
#3097 = DIRECTION('',(0.,1.,0.));
#3098 = ADVANCED_FACE('',(#3099),#3133,.F.);
#3099 = FACE_BOUND('',#3100,.F.);
#3100 = EDGE_LOOP('',(#3101,#3111,#3117,#3118,#3119,#3127));
#3101 = ORIENTED_EDGE('',*,*,#3102,.F.);
#3102 = EDGE_CURVE('',#3103,#3105,#3107,.T.);
#3103 = VERTEX_POINT('',#3104);
#3104 = CARTESIAN_POINT('',(47.,-25.,38.4));
#3105 = VERTEX_POINT('',#3106);
#3106 = CARTESIAN_POINT('',(47.,-29.00000000001,38.4));
#3107 = LINE('',#3108,#3109);
#3108 = CARTESIAN_POINT('',(47.,-25.,38.4));
#3109 = VECTOR('',#3110,1.);
#3110 = DIRECTION('',(0.,-1.,0.));
#3111 = ORIENTED_EDGE('',*,*,#3112,.T.);
#3112 = EDGE_CURVE('',#3103,#161,#3113,.T.);
#3113 = LINE('',#3114,#3115);
#3114 = CARTESIAN_POINT('',(47.,-25.,38.4));
#3115 = VECTOR('',#3116,1.);
#3116 = DIRECTION('',(-0.,-0.,-1.));
#3117 = ORIENTED_EDGE('',*,*,#168,.F.);
#3118 = ORIENTED_EDGE('',*,*,#1040,.T.);
#3119 = ORIENTED_EDGE('',*,*,#3120,.T.);
#3120 = EDGE_CURVE('',#1033,#3121,#3123,.T.);
#3121 = VERTEX_POINT('',#3122);
#3122 = CARTESIAN_POINT('',(47.,-29.00000000001,31.4));
#3123 = LINE('',#3124,#3125);
#3124 = CARTESIAN_POINT('',(47.,-25.,31.4));
#3125 = VECTOR('',#3126,1.);
#3126 = DIRECTION('',(0.,-1.,0.));
#3127 = ORIENTED_EDGE('',*,*,#3128,.F.);
#3128 = EDGE_CURVE('',#3105,#3121,#3129,.T.);
#3129 = LINE('',#3130,#3131);
#3130 = CARTESIAN_POINT('',(47.,-29.00000000001,38.4));
#3131 = VECTOR('',#3132,1.);
#3132 = DIRECTION('',(-0.,-0.,-1.));
#3133 = PLANE('',#3134);
#3134 = AXIS2_PLACEMENT_3D('',#3135,#3136,#3137);
#3135 = CARTESIAN_POINT('',(47.,-25.,38.4));
#3136 = DIRECTION('',(-1.,0.,0.));
#3137 = DIRECTION('',(0.,-1.,0.));
#3138 = ADVANCED_FACE('',(#3139),#3157,.F.);
#3139 = FACE_BOUND('',#3140,.F.);
#3140 = EDGE_LOOP('',(#3141,#3149,#3155,#3156));
#3141 = ORIENTED_EDGE('',*,*,#3142,.F.);
#3142 = EDGE_CURVE('',#3143,#3103,#3145,.T.);
#3143 = VERTEX_POINT('',#3144);
#3144 = CARTESIAN_POINT('',(50.,-25.,38.4));
#3145 = LINE('',#3146,#3147);
#3146 = CARTESIAN_POINT('',(50.,-25.,38.4));
#3147 = VECTOR('',#3148,1.);
#3148 = DIRECTION('',(-1.,0.,0.));
#3149 = ORIENTED_EDGE('',*,*,#3150,.T.);
#3150 = EDGE_CURVE('',#3143,#153,#3151,.T.);
#3151 = LINE('',#3152,#3153);
#3152 = CARTESIAN_POINT('',(50.,-25.,38.4));
#3153 = VECTOR('',#3154,1.);
#3154 = DIRECTION('',(-0.,-0.,-1.));
#3155 = ORIENTED_EDGE('',*,*,#160,.F.);
#3156 = ORIENTED_EDGE('',*,*,#3112,.F.);
#3157 = PLANE('',#3158);
#3158 = AXIS2_PLACEMENT_3D('',#3159,#3160,#3161);
#3159 = CARTESIAN_POINT('',(50.,-25.,38.4));
#3160 = DIRECTION('',(0.,1.,0.));
#3161 = DIRECTION('',(-1.,0.,0.));
#3162 = ADVANCED_FACE('',(#3163),#3190,.F.);
#3163 = FACE_BOUND('',#3164,.F.);
#3164 = EDGE_LOOP('',(#3165,#3173,#3181,#3187,#3188,#3189));
#3165 = ORIENTED_EDGE('',*,*,#3166,.F.);
#3166 = EDGE_CURVE('',#3167,#3143,#3169,.T.);
#3167 = VERTEX_POINT('',#3168);
#3168 = CARTESIAN_POINT('',(50.,-29.00000000001,38.4));
#3169 = LINE('',#3170,#3171);
#3170 = CARTESIAN_POINT('',(50.,-29.00000000001,38.4));
#3171 = VECTOR('',#3172,1.);
#3172 = DIRECTION('',(0.,1.,0.));
#3173 = ORIENTED_EDGE('',*,*,#3174,.T.);
#3174 = EDGE_CURVE('',#3167,#3175,#3177,.T.);
#3175 = VERTEX_POINT('',#3176);
#3176 = CARTESIAN_POINT('',(50.,-29.00000000001,31.4));
#3177 = LINE('',#3178,#3179);
#3178 = CARTESIAN_POINT('',(50.,-29.00000000001,38.4));
#3179 = VECTOR('',#3180,1.);
#3180 = DIRECTION('',(-0.,-0.,-1.));
#3181 = ORIENTED_EDGE('',*,*,#3182,.T.);
#3182 = EDGE_CURVE('',#3175,#1025,#3183,.T.);
#3183 = LINE('',#3184,#3185);
#3184 = CARTESIAN_POINT('',(50.,-29.00000000001,31.4));
#3185 = VECTOR('',#3186,1.);
#3186 = DIRECTION('',(0.,1.,0.));
#3187 = ORIENTED_EDGE('',*,*,#1024,.T.);
#3188 = ORIENTED_EDGE('',*,*,#152,.F.);
#3189 = ORIENTED_EDGE('',*,*,#3150,.F.);
#3190 = PLANE('',#3191);
#3191 = AXIS2_PLACEMENT_3D('',#3192,#3193,#3194);
#3192 = CARTESIAN_POINT('',(50.,-29.00000000001,38.4));
#3193 = DIRECTION('',(1.,0.,0.));
#3194 = DIRECTION('',(0.,1.,0.));
#3195 = ADVANCED_FACE('',(#3196),#3244,.F.);
#3196 = FACE_BOUND('',#3197,.F.);
#3197 = EDGE_LOOP('',(#3198,#3206,#3207,#3213,#3214,#3222,#3230,#3238));
#3198 = ORIENTED_EDGE('',*,*,#3199,.F.);
#3199 = EDGE_CURVE('',#835,#3200,#3202,.T.);
#3200 = VERTEX_POINT('',#3201);
#3201 = CARTESIAN_POINT('',(-45.75,39.5,-9.E-15));
#3202 = LINE('',#3203,#3204);
#3203 = CARTESIAN_POINT('',(-52.1,39.5,0.));
#3204 = VECTOR('',#3205,1.);
#3205 = DIRECTION('',(1.,0.,0.));
#3206 = ORIENTED_EDGE('',*,*,#842,.T.);
#3207 = ORIENTED_EDGE('',*,*,#3208,.T.);
#3208 = EDGE_CURVE('',#843,#746,#3209,.T.);
#3209 = LINE('',#3210,#3211);
#3210 = CARTESIAN_POINT('',(-52.1,39.5,18.));
#3211 = VECTOR('',#3212,1.);
#3212 = DIRECTION('',(1.,0.,0.));
#3213 = ORIENTED_EDGE('',*,*,#743,.F.);
#3214 = ORIENTED_EDGE('',*,*,#3215,.F.);
#3215 = EDGE_CURVE('',#3216,#744,#3218,.T.);
#3216 = VERTEX_POINT('',#3217);
#3217 = CARTESIAN_POINT('',(45.75,39.5,-9.E-15));
#3218 = LINE('',#3219,#3220);
#3219 = CARTESIAN_POINT('',(-52.1,39.5,0.));
#3220 = VECTOR('',#3221,1.);
#3221 = DIRECTION('',(1.,0.,0.));
#3222 = ORIENTED_EDGE('',*,*,#3223,.F.);
#3223 = EDGE_CURVE('',#3224,#3216,#3226,.T.);
#3224 = VERTEX_POINT('',#3225);
#3225 = CARTESIAN_POINT('',(45.75,39.5,11.6));
#3226 = LINE('',#3227,#3228);
#3227 = CARTESIAN_POINT('',(45.75,39.5,0.));
#3228 = VECTOR('',#3229,1.);
#3229 = DIRECTION('',(0.,0.,-1.));
#3230 = ORIENTED_EDGE('',*,*,#3231,.F.);
#3231 = EDGE_CURVE('',#3232,#3224,#3234,.T.);
#3232 = VERTEX_POINT('',#3233);
#3233 = CARTESIAN_POINT('',(-45.75,39.5,11.6));
#3234 = LINE('',#3235,#3236);
#3235 = CARTESIAN_POINT('',(-3.175,39.5,11.6));
#3236 = VECTOR('',#3237,1.);
#3237 = DIRECTION('',(1.,0.,0.));
#3238 = ORIENTED_EDGE('',*,*,#3239,.F.);
#3239 = EDGE_CURVE('',#3200,#3232,#3240,.T.);
#3240 = LINE('',#3241,#3242);
#3241 = CARTESIAN_POINT('',(-45.75,39.5,5.8));
#3242 = VECTOR('',#3243,1.);
#3243 = DIRECTION('',(0.,0.,1.));
#3244 = PLANE('',#3245);
#3245 = AXIS2_PLACEMENT_3D('',#3246,#3247,#3248);
#3246 = CARTESIAN_POINT('',(-52.1,39.5,0.));
#3247 = DIRECTION('',(0.,1.,0.));
#3248 = DIRECTION('',(1.,0.,0.));
#3249 = ADVANCED_FACE('',(#3250),#3300,.F.);
#3250 = FACE_BOUND('',#3251,.F.);
#3251 = EDGE_LOOP('',(#3252,#3262,#3270,#3276,#3277,#3278,#3286,#3294));
#3252 = ORIENTED_EDGE('',*,*,#3253,.T.);
#3253 = EDGE_CURVE('',#3254,#3256,#3258,.T.);
#3254 = VERTEX_POINT('',#3255);
#3255 = CARTESIAN_POINT('',(53.5,-40.9,0.));
#3256 = VERTEX_POINT('',#3257);
#3257 = CARTESIAN_POINT('',(53.5,40.9,0.));
#3258 = LINE('',#3259,#3260);
#3259 = CARTESIAN_POINT('',(53.5,-40.9,0.));
#3260 = VECTOR('',#3261,1.);
#3261 = DIRECTION('',(0.,1.,0.));
#3262 = ORIENTED_EDGE('',*,*,#3263,.T.);
#3263 = EDGE_CURVE('',#3256,#3264,#3266,.T.);
#3264 = VERTEX_POINT('',#3265);
#3265 = CARTESIAN_POINT('',(45.75,40.9,-9.E-15));
#3266 = LINE('',#3267,#3268);
#3267 = CARTESIAN_POINT('',(53.5,40.9,0.));
#3268 = VECTOR('',#3269,1.);
#3269 = DIRECTION('',(-1.,0.,0.));
#3270 = ORIENTED_EDGE('',*,*,#3271,.F.);
#3271 = EDGE_CURVE('',#3216,#3264,#3272,.T.);
#3272 = LINE('',#3273,#3274);
#3273 = CARTESIAN_POINT('',(45.75,-40.9,0.));
#3274 = VECTOR('',#3275,1.);
#3275 = DIRECTION('',(0.,1.,-2.2E-16));
#3276 = ORIENTED_EDGE('',*,*,#3215,.T.);
#3277 = ORIENTED_EDGE('',*,*,#753,.T.);
#3278 = ORIENTED_EDGE('',*,*,#3279,.T.);
#3279 = EDGE_CURVE('',#754,#3280,#3282,.T.);
#3280 = VERTEX_POINT('',#3281);
#3281 = CARTESIAN_POINT('',(45.75,-39.5,0.));
#3282 = LINE('',#3283,#3284);
#3283 = CARTESIAN_POINT('',(52.1,-39.5,0.));
#3284 = VECTOR('',#3285,1.);
#3285 = DIRECTION('',(-1.,0.,0.));
#3286 = ORIENTED_EDGE('',*,*,#3287,.F.);
#3287 = EDGE_CURVE('',#3288,#3280,#3290,.T.);
#3288 = VERTEX_POINT('',#3289);
#3289 = CARTESIAN_POINT('',(45.75,-40.9,0.));
#3290 = LINE('',#3291,#3292);
#3291 = CARTESIAN_POINT('',(45.75,-40.9,0.));
#3292 = VECTOR('',#3293,1.);
#3293 = DIRECTION('',(0.,1.,-2.2E-16));
#3294 = ORIENTED_EDGE('',*,*,#3295,.T.);
#3295 = EDGE_CURVE('',#3288,#3254,#3296,.T.);
#3296 = LINE('',#3297,#3298);
#3297 = CARTESIAN_POINT('',(-53.5,-40.9,0.));
#3298 = VECTOR('',#3299,1.);
#3299 = DIRECTION('',(1.,0.,0.));
#3300 = PLANE('',#3301);
#3301 = AXIS2_PLACEMENT_3D('',#3302,#3303,#3304);
#3302 = CARTESIAN_POINT('',(0.,2.41E-15,0.));
#3303 = DIRECTION('',(0.,0.,1.));
#3304 = DIRECTION('',(1.,0.,0.));
#3305 = ADVANCED_FACE('',(#3306),#3347,.F.);
#3306 = FACE_BOUND('',#3307,.F.);
#3307 = EDGE_LOOP('',(#3308,#3309,#3310,#3316,#3317,#3325,#3333,#3341));
#3308 = ORIENTED_EDGE('',*,*,#3279,.F.);
#3309 = ORIENTED_EDGE('',*,*,#761,.T.);
#3310 = ORIENTED_EDGE('',*,*,#3311,.T.);
#3311 = EDGE_CURVE('',#762,#827,#3312,.T.);
#3312 = LINE('',#3313,#3314);
#3313 = CARTESIAN_POINT('',(52.1,-39.5,18.));
#3314 = VECTOR('',#3315,1.);
#3315 = DIRECTION('',(-1.,0.,0.));
#3316 = ORIENTED_EDGE('',*,*,#824,.F.);
#3317 = ORIENTED_EDGE('',*,*,#3318,.F.);
#3318 = EDGE_CURVE('',#3319,#825,#3321,.T.);
#3319 = VERTEX_POINT('',#3320);
#3320 = CARTESIAN_POINT('',(-45.75,-39.5,-0.));
#3321 = LINE('',#3322,#3323);
#3322 = CARTESIAN_POINT('',(52.1,-39.5,0.));
#3323 = VECTOR('',#3324,1.);
#3324 = DIRECTION('',(-1.,0.,0.));
#3325 = ORIENTED_EDGE('',*,*,#3326,.F.);
#3326 = EDGE_CURVE('',#3327,#3319,#3329,.T.);
#3327 = VERTEX_POINT('',#3328);
#3328 = CARTESIAN_POINT('',(-45.75,-39.5,11.6));
#3329 = LINE('',#3330,#3331);
#3330 = CARTESIAN_POINT('',(-45.75,-39.5,5.8));
#3331 = VECTOR('',#3332,1.);
#3332 = DIRECTION('',(0.,0.,-1.));
#3333 = ORIENTED_EDGE('',*,*,#3334,.F.);
#3334 = EDGE_CURVE('',#3335,#3327,#3337,.T.);
#3335 = VERTEX_POINT('',#3336);
#3336 = CARTESIAN_POINT('',(45.75,-39.5,11.6));
#3337 = LINE('',#3338,#3339);
#3338 = CARTESIAN_POINT('',(48.925,-39.5,11.6));
#3339 = VECTOR('',#3340,1.);
#3340 = DIRECTION('',(-1.,0.,0.));
#3341 = ORIENTED_EDGE('',*,*,#3342,.F.);
#3342 = EDGE_CURVE('',#3280,#3335,#3343,.T.);
#3343 = LINE('',#3344,#3345);
#3344 = CARTESIAN_POINT('',(45.75,-39.5,0.));
#3345 = VECTOR('',#3346,1.);
#3346 = DIRECTION('',(0.,0.,1.));
#3347 = PLANE('',#3348);
#3348 = AXIS2_PLACEMENT_3D('',#3349,#3350,#3351);
#3349 = CARTESIAN_POINT('',(52.1,-39.5,0.));
#3350 = DIRECTION('',(0.,-1.,0.));
#3351 = DIRECTION('',(-1.,0.,0.));
#3352 = ADVANCED_FACE('',(#3353),#3359,.F.);
#3353 = FACE_BOUND('',#3354,.F.);
#3354 = EDGE_LOOP('',(#3355,#3356,#3357,#3358));
#3355 = ORIENTED_EDGE('',*,*,#3311,.F.);
#3356 = ORIENTED_EDGE('',*,*,#769,.F.);
#3357 = ORIENTED_EDGE('',*,*,#1439,.T.);
#3358 = ORIENTED_EDGE('',*,*,#891,.F.);
#3359 = PLANE('',#3360);
#3360 = AXIS2_PLACEMENT_3D('',#3361,#3362,#3363);
#3361 = CARTESIAN_POINT('',(-4.96E-15,0.,18.));
#3362 = DIRECTION('',(0.,0.,1.));
#3363 = DIRECTION('',(1.,0.,0.));
#3364 = ADVANCED_FACE('',(#3365),#3952,.F.);
#3365 = FACE_BOUND('',#3366,.F.);
#3366 = EDGE_LOOP('',(#3367,#3368,#3376,#3384,#3392,#3400,#3408,#3416,
    #3424,#3432,#3440,#3448,#3456,#3464,#3472,#3480,#3488,#3496,#3504,
    #3512,#3520,#3528,#3536,#3544,#3552,#3560,#3568,#3576,#3584,#3592,
    #3600,#3608,#3616,#3624,#3632,#3640,#3648,#3656,#3664,#3672,#3680,
    #3688,#3696,#3704,#3712,#3720,#3728,#3736,#3744,#3752,#3760,#3768,
    #3776,#3784,#3792,#3800,#3808,#3816,#3824,#3832,#3840,#3848,#3856,
    #3864,#3872,#3880,#3888,#3896,#3904,#3912,#3920,#3928,#3936,#3944,
    #3950,#3951));
#3367 = ORIENTED_EDGE('',*,*,#794,.F.);
#3368 = ORIENTED_EDGE('',*,*,#3369,.T.);
#3369 = EDGE_CURVE('',#795,#3370,#3372,.T.);
#3370 = VERTEX_POINT('',#3371);
#3371 = CARTESIAN_POINT('',(50.,26.1,37.));
#3372 = LINE('',#3373,#3374);
#3373 = CARTESIAN_POINT('',(52.1,26.1,37.));
#3374 = VECTOR('',#3375,1.);
#3375 = DIRECTION('',(-1.,-0.,-0.));
#3376 = ORIENTED_EDGE('',*,*,#3377,.F.);
#3377 = EDGE_CURVE('',#3378,#3370,#3380,.T.);
#3378 = VERTEX_POINT('',#3379);
#3379 = CARTESIAN_POINT('',(50.,25.,37.));
#3380 = LINE('',#3381,#3382);
#3381 = CARTESIAN_POINT('',(50.,25.55,37.));
#3382 = VECTOR('',#3383,1.);
#3383 = DIRECTION('',(0.,1.,0.));
#3384 = ORIENTED_EDGE('',*,*,#3385,.F.);
#3385 = EDGE_CURVE('',#3386,#3378,#3388,.T.);
#3386 = VERTEX_POINT('',#3387);
#3387 = CARTESIAN_POINT('',(47.,25.,37.));
#3388 = LINE('',#3389,#3390);
#3389 = CARTESIAN_POINT('',(49.55,25.,37.));
#3390 = VECTOR('',#3391,1.);
#3391 = DIRECTION('',(1.,0.,0.));
#3392 = ORIENTED_EDGE('',*,*,#3393,.F.);
#3393 = EDGE_CURVE('',#3394,#3386,#3396,.T.);
#3394 = VERTEX_POINT('',#3395);
#3395 = CARTESIAN_POINT('',(47.,26.1,37.));
#3396 = LINE('',#3397,#3398);
#3397 = CARTESIAN_POINT('',(47.,27.55,37.));
#3398 = VECTOR('',#3399,1.);
#3399 = DIRECTION('',(0.,-1.,0.));
#3400 = ORIENTED_EDGE('',*,*,#3401,.T.);
#3401 = EDGE_CURVE('',#3394,#3402,#3404,.T.);
#3402 = VERTEX_POINT('',#3403);
#3403 = CARTESIAN_POINT('',(44.294117647059,26.1,37.));
#3404 = LINE('',#3405,#3406);
#3405 = CARTESIAN_POINT('',(52.1,26.1,37.));
#3406 = VECTOR('',#3407,1.);
#3407 = DIRECTION('',(-1.,-0.,-0.));
#3408 = ORIENTED_EDGE('',*,*,#3409,.F.);
#3409 = EDGE_CURVE('',#3410,#3402,#3412,.T.);
#3410 = VERTEX_POINT('',#3411);
#3411 = CARTESIAN_POINT('',(44.294117647059,25.,37.));
#3412 = LINE('',#3413,#3414);
#3413 = CARTESIAN_POINT('',(44.294117647059,25.55,37.));
#3414 = VECTOR('',#3415,1.);
#3415 = DIRECTION('',(0.,1.,0.));
#3416 = ORIENTED_EDGE('',*,*,#3417,.F.);
#3417 = EDGE_CURVE('',#3418,#3410,#3420,.T.);
#3418 = VERTEX_POINT('',#3419);
#3419 = CARTESIAN_POINT('',(41.294117647059,25.,37.));
#3420 = LINE('',#3421,#3422);
#3421 = CARTESIAN_POINT('',(46.697058823529,25.,37.));
#3422 = VECTOR('',#3423,1.);
#3423 = DIRECTION('',(1.,0.,0.));
#3424 = ORIENTED_EDGE('',*,*,#3425,.F.);
#3425 = EDGE_CURVE('',#3426,#3418,#3428,.T.);
#3426 = VERTEX_POINT('',#3427);
#3427 = CARTESIAN_POINT('',(41.294117647059,26.1,37.));
#3428 = LINE('',#3429,#3430);
#3429 = CARTESIAN_POINT('',(41.294117647059,27.55,37.));
#3430 = VECTOR('',#3431,1.);
#3431 = DIRECTION('',(0.,-1.,0.));
#3432 = ORIENTED_EDGE('',*,*,#3433,.T.);
#3433 = EDGE_CURVE('',#3426,#3434,#3436,.T.);
#3434 = VERTEX_POINT('',#3435);
#3435 = CARTESIAN_POINT('',(38.588235294118,26.1,37.));
#3436 = LINE('',#3437,#3438);
#3437 = CARTESIAN_POINT('',(52.1,26.1,37.));
#3438 = VECTOR('',#3439,1.);
#3439 = DIRECTION('',(-1.,-0.,-0.));
#3440 = ORIENTED_EDGE('',*,*,#3441,.F.);
#3441 = EDGE_CURVE('',#3442,#3434,#3444,.T.);
#3442 = VERTEX_POINT('',#3443);
#3443 = CARTESIAN_POINT('',(38.588235294118,25.,37.));
#3444 = LINE('',#3445,#3446);
#3445 = CARTESIAN_POINT('',(38.588235294118,25.55,37.));
#3446 = VECTOR('',#3447,1.);
#3447 = DIRECTION('',(0.,1.,0.));
#3448 = ORIENTED_EDGE('',*,*,#3449,.F.);
#3449 = EDGE_CURVE('',#3450,#3442,#3452,.T.);
#3450 = VERTEX_POINT('',#3451);
#3451 = CARTESIAN_POINT('',(35.588235294118,25.,37.));
#3452 = LINE('',#3453,#3454);
#3453 = CARTESIAN_POINT('',(43.844117647059,25.,37.));
#3454 = VECTOR('',#3455,1.);
#3455 = DIRECTION('',(1.,0.,0.));
#3456 = ORIENTED_EDGE('',*,*,#3457,.F.);
#3457 = EDGE_CURVE('',#3458,#3450,#3460,.T.);
#3458 = VERTEX_POINT('',#3459);
#3459 = CARTESIAN_POINT('',(35.588235294118,26.1,37.));
#3460 = LINE('',#3461,#3462);
#3461 = CARTESIAN_POINT('',(35.588235294118,27.55,37.));
#3462 = VECTOR('',#3463,1.);
#3463 = DIRECTION('',(0.,-1.,0.));
#3464 = ORIENTED_EDGE('',*,*,#3465,.T.);
#3465 = EDGE_CURVE('',#3458,#3466,#3468,.T.);
#3466 = VERTEX_POINT('',#3467);
#3467 = CARTESIAN_POINT('',(32.882352941176,26.1,37.));
#3468 = LINE('',#3469,#3470);
#3469 = CARTESIAN_POINT('',(52.1,26.1,37.));
#3470 = VECTOR('',#3471,1.);
#3471 = DIRECTION('',(-1.,-0.,-0.));
#3472 = ORIENTED_EDGE('',*,*,#3473,.F.);
#3473 = EDGE_CURVE('',#3474,#3466,#3476,.T.);
#3474 = VERTEX_POINT('',#3475);
#3475 = CARTESIAN_POINT('',(32.882352941176,25.,37.));
#3476 = LINE('',#3477,#3478);
#3477 = CARTESIAN_POINT('',(32.882352941176,25.55,37.));
#3478 = VECTOR('',#3479,1.);
#3479 = DIRECTION('',(0.,1.,0.));
#3480 = ORIENTED_EDGE('',*,*,#3481,.F.);
#3481 = EDGE_CURVE('',#3482,#3474,#3484,.T.);
#3482 = VERTEX_POINT('',#3483);
#3483 = CARTESIAN_POINT('',(29.882352941176,25.,37.));
#3484 = LINE('',#3485,#3486);
#3485 = CARTESIAN_POINT('',(40.991176470588,25.,37.));
#3486 = VECTOR('',#3487,1.);
#3487 = DIRECTION('',(1.,0.,0.));
#3488 = ORIENTED_EDGE('',*,*,#3489,.F.);
#3489 = EDGE_CURVE('',#3490,#3482,#3492,.T.);
#3490 = VERTEX_POINT('',#3491);
#3491 = CARTESIAN_POINT('',(29.882352941176,26.1,37.));
#3492 = LINE('',#3493,#3494);
#3493 = CARTESIAN_POINT('',(29.882352941176,27.55,37.));
#3494 = VECTOR('',#3495,1.);
#3495 = DIRECTION('',(0.,-1.,0.));
#3496 = ORIENTED_EDGE('',*,*,#3497,.T.);
#3497 = EDGE_CURVE('',#3490,#3498,#3500,.T.);
#3498 = VERTEX_POINT('',#3499);
#3499 = CARTESIAN_POINT('',(27.176470588235,26.1,37.));
#3500 = LINE('',#3501,#3502);
#3501 = CARTESIAN_POINT('',(52.1,26.1,37.));
#3502 = VECTOR('',#3503,1.);
#3503 = DIRECTION('',(-1.,-0.,-0.));
#3504 = ORIENTED_EDGE('',*,*,#3505,.F.);
#3505 = EDGE_CURVE('',#3506,#3498,#3508,.T.);
#3506 = VERTEX_POINT('',#3507);
#3507 = CARTESIAN_POINT('',(27.176470588235,25.,37.));
#3508 = LINE('',#3509,#3510);
#3509 = CARTESIAN_POINT('',(27.176470588235,25.55,37.));
#3510 = VECTOR('',#3511,1.);
#3511 = DIRECTION('',(0.,1.,0.));
#3512 = ORIENTED_EDGE('',*,*,#3513,.F.);
#3513 = EDGE_CURVE('',#3514,#3506,#3516,.T.);
#3514 = VERTEX_POINT('',#3515);
#3515 = CARTESIAN_POINT('',(24.176470588235,25.,37.));
#3516 = LINE('',#3517,#3518);
#3517 = CARTESIAN_POINT('',(38.138235294118,25.,37.));
#3518 = VECTOR('',#3519,1.);
#3519 = DIRECTION('',(1.,0.,0.));
#3520 = ORIENTED_EDGE('',*,*,#3521,.F.);
#3521 = EDGE_CURVE('',#3522,#3514,#3524,.T.);
#3522 = VERTEX_POINT('',#3523);
#3523 = CARTESIAN_POINT('',(24.176470588235,26.1,37.));
#3524 = LINE('',#3525,#3526);
#3525 = CARTESIAN_POINT('',(24.176470588235,27.55,37.));
#3526 = VECTOR('',#3527,1.);
#3527 = DIRECTION('',(0.,-1.,0.));
#3528 = ORIENTED_EDGE('',*,*,#3529,.T.);
#3529 = EDGE_CURVE('',#3522,#3530,#3532,.T.);
#3530 = VERTEX_POINT('',#3531);
#3531 = CARTESIAN_POINT('',(21.470588235294,26.1,37.));
#3532 = LINE('',#3533,#3534);
#3533 = CARTESIAN_POINT('',(52.1,26.1,37.));
#3534 = VECTOR('',#3535,1.);
#3535 = DIRECTION('',(-1.,-0.,-0.));
#3536 = ORIENTED_EDGE('',*,*,#3537,.F.);
#3537 = EDGE_CURVE('',#3538,#3530,#3540,.T.);
#3538 = VERTEX_POINT('',#3539);
#3539 = CARTESIAN_POINT('',(21.470588235294,25.,37.));
#3540 = LINE('',#3541,#3542);
#3541 = CARTESIAN_POINT('',(21.470588235294,25.55,37.));
#3542 = VECTOR('',#3543,1.);
#3543 = DIRECTION('',(0.,1.,0.));
#3544 = ORIENTED_EDGE('',*,*,#3545,.F.);
#3545 = EDGE_CURVE('',#3546,#3538,#3548,.T.);
#3546 = VERTEX_POINT('',#3547);
#3547 = CARTESIAN_POINT('',(18.470588235294,25.,37.));
#3548 = LINE('',#3549,#3550);
#3549 = CARTESIAN_POINT('',(35.285294117647,25.,37.));
#3550 = VECTOR('',#3551,1.);
#3551 = DIRECTION('',(1.,0.,0.));
#3552 = ORIENTED_EDGE('',*,*,#3553,.F.);
#3553 = EDGE_CURVE('',#3554,#3546,#3556,.T.);
#3554 = VERTEX_POINT('',#3555);
#3555 = CARTESIAN_POINT('',(18.470588235294,26.1,37.));
#3556 = LINE('',#3557,#3558);
#3557 = CARTESIAN_POINT('',(18.470588235294,27.55,37.));
#3558 = VECTOR('',#3559,1.);
#3559 = DIRECTION('',(0.,-1.,0.));
#3560 = ORIENTED_EDGE('',*,*,#3561,.T.);
#3561 = EDGE_CURVE('',#3554,#3562,#3564,.T.);
#3562 = VERTEX_POINT('',#3563);
#3563 = CARTESIAN_POINT('',(15.764705882353,26.1,37.));
#3564 = LINE('',#3565,#3566);
#3565 = CARTESIAN_POINT('',(52.1,26.1,37.));
#3566 = VECTOR('',#3567,1.);
#3567 = DIRECTION('',(-1.,-0.,-0.));
#3568 = ORIENTED_EDGE('',*,*,#3569,.F.);
#3569 = EDGE_CURVE('',#3570,#3562,#3572,.T.);
#3570 = VERTEX_POINT('',#3571);
#3571 = CARTESIAN_POINT('',(15.764705882353,25.,37.));
#3572 = LINE('',#3573,#3574);
#3573 = CARTESIAN_POINT('',(15.764705882353,25.55,37.));
#3574 = VECTOR('',#3575,1.);
#3575 = DIRECTION('',(0.,1.,0.));
#3576 = ORIENTED_EDGE('',*,*,#3577,.F.);
#3577 = EDGE_CURVE('',#3578,#3570,#3580,.T.);
#3578 = VERTEX_POINT('',#3579);
#3579 = CARTESIAN_POINT('',(12.764705882353,25.,37.));
#3580 = LINE('',#3581,#3582);
#3581 = CARTESIAN_POINT('',(32.432352941176,25.,37.));
#3582 = VECTOR('',#3583,1.);
#3583 = DIRECTION('',(1.,0.,0.));
#3584 = ORIENTED_EDGE('',*,*,#3585,.F.);
#3585 = EDGE_CURVE('',#3586,#3578,#3588,.T.);
#3586 = VERTEX_POINT('',#3587);
#3587 = CARTESIAN_POINT('',(12.764705882353,26.1,37.));
#3588 = LINE('',#3589,#3590);
#3589 = CARTESIAN_POINT('',(12.764705882353,27.55,37.));
#3590 = VECTOR('',#3591,1.);
#3591 = DIRECTION('',(0.,-1.,0.));
#3592 = ORIENTED_EDGE('',*,*,#3593,.T.);
#3593 = EDGE_CURVE('',#3586,#3594,#3596,.T.);
#3594 = VERTEX_POINT('',#3595);
#3595 = CARTESIAN_POINT('',(10.058823529412,26.1,37.));
#3596 = LINE('',#3597,#3598);
#3597 = CARTESIAN_POINT('',(52.1,26.1,37.));
#3598 = VECTOR('',#3599,1.);
#3599 = DIRECTION('',(-1.,-0.,-0.));
#3600 = ORIENTED_EDGE('',*,*,#3601,.F.);
#3601 = EDGE_CURVE('',#3602,#3594,#3604,.T.);
#3602 = VERTEX_POINT('',#3603);
#3603 = CARTESIAN_POINT('',(10.058823529412,25.,37.));
#3604 = LINE('',#3605,#3606);
#3605 = CARTESIAN_POINT('',(10.058823529412,25.55,37.));
#3606 = VECTOR('',#3607,1.);
#3607 = DIRECTION('',(0.,1.,0.));
#3608 = ORIENTED_EDGE('',*,*,#3609,.F.);
#3609 = EDGE_CURVE('',#3610,#3602,#3612,.T.);
#3610 = VERTEX_POINT('',#3611);
#3611 = CARTESIAN_POINT('',(7.058823529412,25.,37.));
#3612 = LINE('',#3613,#3614);
#3613 = CARTESIAN_POINT('',(29.579411764706,25.,37.));
#3614 = VECTOR('',#3615,1.);
#3615 = DIRECTION('',(1.,0.,0.));
#3616 = ORIENTED_EDGE('',*,*,#3617,.F.);
#3617 = EDGE_CURVE('',#3618,#3610,#3620,.T.);
#3618 = VERTEX_POINT('',#3619);
#3619 = CARTESIAN_POINT('',(7.058823529412,26.1,37.));
#3620 = LINE('',#3621,#3622);
#3621 = CARTESIAN_POINT('',(7.058823529412,27.55,37.));
#3622 = VECTOR('',#3623,1.);
#3623 = DIRECTION('',(0.,-1.,0.));
#3624 = ORIENTED_EDGE('',*,*,#3625,.T.);
#3625 = EDGE_CURVE('',#3618,#3626,#3628,.T.);
#3626 = VERTEX_POINT('',#3627);
#3627 = CARTESIAN_POINT('',(4.352941176471,26.1,37.));
#3628 = LINE('',#3629,#3630);
#3629 = CARTESIAN_POINT('',(52.1,26.1,37.));
#3630 = VECTOR('',#3631,1.);
#3631 = DIRECTION('',(-1.,-0.,-0.));
#3632 = ORIENTED_EDGE('',*,*,#3633,.F.);
#3633 = EDGE_CURVE('',#3634,#3626,#3636,.T.);
#3634 = VERTEX_POINT('',#3635);
#3635 = CARTESIAN_POINT('',(4.352941176471,25.,37.));
#3636 = LINE('',#3637,#3638);
#3637 = CARTESIAN_POINT('',(4.352941176471,25.55,37.));
#3638 = VECTOR('',#3639,1.);
#3639 = DIRECTION('',(0.,1.,0.));
#3640 = ORIENTED_EDGE('',*,*,#3641,.F.);
#3641 = EDGE_CURVE('',#3642,#3634,#3644,.T.);
#3642 = VERTEX_POINT('',#3643);
#3643 = CARTESIAN_POINT('',(1.352941176471,25.,37.));
#3644 = LINE('',#3645,#3646);
#3645 = CARTESIAN_POINT('',(26.726470588235,25.,37.));
#3646 = VECTOR('',#3647,1.);
#3647 = DIRECTION('',(1.,0.,0.));
#3648 = ORIENTED_EDGE('',*,*,#3649,.F.);
#3649 = EDGE_CURVE('',#3650,#3642,#3652,.T.);
#3650 = VERTEX_POINT('',#3651);
#3651 = CARTESIAN_POINT('',(1.352941176471,26.1,37.));
#3652 = LINE('',#3653,#3654);
#3653 = CARTESIAN_POINT('',(1.352941176471,27.55,37.));
#3654 = VECTOR('',#3655,1.);
#3655 = DIRECTION('',(0.,-1.,0.));
#3656 = ORIENTED_EDGE('',*,*,#3657,.T.);
#3657 = EDGE_CURVE('',#3650,#3658,#3660,.T.);
#3658 = VERTEX_POINT('',#3659);
#3659 = CARTESIAN_POINT('',(-1.352941176471,26.1,37.));
#3660 = LINE('',#3661,#3662);
#3661 = CARTESIAN_POINT('',(52.1,26.1,37.));
#3662 = VECTOR('',#3663,1.);
#3663 = DIRECTION('',(-1.,-0.,-0.));
#3664 = ORIENTED_EDGE('',*,*,#3665,.F.);
#3665 = EDGE_CURVE('',#3666,#3658,#3668,.T.);
#3666 = VERTEX_POINT('',#3667);
#3667 = CARTESIAN_POINT('',(-1.352941176471,25.,37.));
#3668 = LINE('',#3669,#3670);
#3669 = CARTESIAN_POINT('',(-1.352941176471,25.55,37.));
#3670 = VECTOR('',#3671,1.);
#3671 = DIRECTION('',(0.,1.,0.));
#3672 = ORIENTED_EDGE('',*,*,#3673,.F.);
#3673 = EDGE_CURVE('',#3674,#3666,#3676,.T.);
#3674 = VERTEX_POINT('',#3675);
#3675 = CARTESIAN_POINT('',(-4.352941176471,25.,37.));
#3676 = LINE('',#3677,#3678);
#3677 = CARTESIAN_POINT('',(23.873529411765,25.,37.));
#3678 = VECTOR('',#3679,1.);
#3679 = DIRECTION('',(1.,0.,0.));
#3680 = ORIENTED_EDGE('',*,*,#3681,.F.);
#3681 = EDGE_CURVE('',#3682,#3674,#3684,.T.);
#3682 = VERTEX_POINT('',#3683);
#3683 = CARTESIAN_POINT('',(-4.352941176471,26.1,37.));
#3684 = LINE('',#3685,#3686);
#3685 = CARTESIAN_POINT('',(-4.352941176471,27.55,37.));
#3686 = VECTOR('',#3687,1.);
#3687 = DIRECTION('',(0.,-1.,0.));
#3688 = ORIENTED_EDGE('',*,*,#3689,.T.);
#3689 = EDGE_CURVE('',#3682,#3690,#3692,.T.);
#3690 = VERTEX_POINT('',#3691);
#3691 = CARTESIAN_POINT('',(-7.058823529412,26.1,37.));
#3692 = LINE('',#3693,#3694);
#3693 = CARTESIAN_POINT('',(52.1,26.1,37.));
#3694 = VECTOR('',#3695,1.);
#3695 = DIRECTION('',(-1.,-0.,-0.));
#3696 = ORIENTED_EDGE('',*,*,#3697,.F.);
#3697 = EDGE_CURVE('',#3698,#3690,#3700,.T.);
#3698 = VERTEX_POINT('',#3699);
#3699 = CARTESIAN_POINT('',(-7.058823529412,25.,37.));
#3700 = LINE('',#3701,#3702);
#3701 = CARTESIAN_POINT('',(-7.058823529412,25.55,37.));
#3702 = VECTOR('',#3703,1.);
#3703 = DIRECTION('',(0.,1.,0.));
#3704 = ORIENTED_EDGE('',*,*,#3705,.F.);
#3705 = EDGE_CURVE('',#3706,#3698,#3708,.T.);
#3706 = VERTEX_POINT('',#3707);
#3707 = CARTESIAN_POINT('',(-10.05882352941,25.,37.));
#3708 = LINE('',#3709,#3710);
#3709 = CARTESIAN_POINT('',(21.020588235294,25.,37.));
#3710 = VECTOR('',#3711,1.);
#3711 = DIRECTION('',(1.,0.,0.));
#3712 = ORIENTED_EDGE('',*,*,#3713,.F.);
#3713 = EDGE_CURVE('',#3714,#3706,#3716,.T.);
#3714 = VERTEX_POINT('',#3715);
#3715 = CARTESIAN_POINT('',(-10.05882352941,26.1,37.));
#3716 = LINE('',#3717,#3718);
#3717 = CARTESIAN_POINT('',(-10.05882352941,27.55,37.));
#3718 = VECTOR('',#3719,1.);
#3719 = DIRECTION('',(0.,-1.,0.));
#3720 = ORIENTED_EDGE('',*,*,#3721,.T.);
#3721 = EDGE_CURVE('',#3714,#3722,#3724,.T.);
#3722 = VERTEX_POINT('',#3723);
#3723 = CARTESIAN_POINT('',(-12.76470588235,26.1,37.));
#3724 = LINE('',#3725,#3726);
#3725 = CARTESIAN_POINT('',(52.1,26.1,37.));
#3726 = VECTOR('',#3727,1.);
#3727 = DIRECTION('',(-1.,-0.,-0.));
#3728 = ORIENTED_EDGE('',*,*,#3729,.F.);
#3729 = EDGE_CURVE('',#3730,#3722,#3732,.T.);
#3730 = VERTEX_POINT('',#3731);
#3731 = CARTESIAN_POINT('',(-12.76470588235,25.,37.));
#3732 = LINE('',#3733,#3734);
#3733 = CARTESIAN_POINT('',(-12.76470588235,25.55,37.));
#3734 = VECTOR('',#3735,1.);
#3735 = DIRECTION('',(0.,1.,0.));
#3736 = ORIENTED_EDGE('',*,*,#3737,.F.);
#3737 = EDGE_CURVE('',#3738,#3730,#3740,.T.);
#3738 = VERTEX_POINT('',#3739);
#3739 = CARTESIAN_POINT('',(-15.76470588235,25.,37.));
#3740 = LINE('',#3741,#3742);
#3741 = CARTESIAN_POINT('',(18.167647058824,25.,37.));
#3742 = VECTOR('',#3743,1.);
#3743 = DIRECTION('',(1.,0.,0.));
#3744 = ORIENTED_EDGE('',*,*,#3745,.F.);
#3745 = EDGE_CURVE('',#3746,#3738,#3748,.T.);
#3746 = VERTEX_POINT('',#3747);
#3747 = CARTESIAN_POINT('',(-15.76470588235,26.1,37.));
#3748 = LINE('',#3749,#3750);
#3749 = CARTESIAN_POINT('',(-15.76470588235,27.55,37.));
#3750 = VECTOR('',#3751,1.);
#3751 = DIRECTION('',(0.,-1.,0.));
#3752 = ORIENTED_EDGE('',*,*,#3753,.T.);
#3753 = EDGE_CURVE('',#3746,#3754,#3756,.T.);
#3754 = VERTEX_POINT('',#3755);
#3755 = CARTESIAN_POINT('',(-18.47058823529,26.1,37.));
#3756 = LINE('',#3757,#3758);
#3757 = CARTESIAN_POINT('',(52.1,26.1,37.));
#3758 = VECTOR('',#3759,1.);
#3759 = DIRECTION('',(-1.,-0.,-0.));
#3760 = ORIENTED_EDGE('',*,*,#3761,.F.);
#3761 = EDGE_CURVE('',#3762,#3754,#3764,.T.);
#3762 = VERTEX_POINT('',#3763);
#3763 = CARTESIAN_POINT('',(-18.47058823529,25.,37.));
#3764 = LINE('',#3765,#3766);
#3765 = CARTESIAN_POINT('',(-18.47058823529,25.55,37.));
#3766 = VECTOR('',#3767,1.);
#3767 = DIRECTION('',(0.,1.,0.));
#3768 = ORIENTED_EDGE('',*,*,#3769,.F.);
#3769 = EDGE_CURVE('',#3770,#3762,#3772,.T.);
#3770 = VERTEX_POINT('',#3771);
#3771 = CARTESIAN_POINT('',(-21.47058823529,25.,37.));
#3772 = LINE('',#3773,#3774);
#3773 = CARTESIAN_POINT('',(15.314705882353,25.,37.));
#3774 = VECTOR('',#3775,1.);
#3775 = DIRECTION('',(1.,0.,0.));
#3776 = ORIENTED_EDGE('',*,*,#3777,.F.);
#3777 = EDGE_CURVE('',#3778,#3770,#3780,.T.);
#3778 = VERTEX_POINT('',#3779);
#3779 = CARTESIAN_POINT('',(-21.47058823529,26.1,37.));
#3780 = LINE('',#3781,#3782);
#3781 = CARTESIAN_POINT('',(-21.47058823529,27.55,37.));
#3782 = VECTOR('',#3783,1.);
#3783 = DIRECTION('',(0.,-1.,0.));
#3784 = ORIENTED_EDGE('',*,*,#3785,.T.);
#3785 = EDGE_CURVE('',#3778,#3786,#3788,.T.);
#3786 = VERTEX_POINT('',#3787);
#3787 = CARTESIAN_POINT('',(-24.17647058823,26.1,37.));
#3788 = LINE('',#3789,#3790);
#3789 = CARTESIAN_POINT('',(52.1,26.1,37.));
#3790 = VECTOR('',#3791,1.);
#3791 = DIRECTION('',(-1.,-0.,-0.));
#3792 = ORIENTED_EDGE('',*,*,#3793,.F.);
#3793 = EDGE_CURVE('',#3794,#3786,#3796,.T.);
#3794 = VERTEX_POINT('',#3795);
#3795 = CARTESIAN_POINT('',(-24.17647058823,25.,37.));
#3796 = LINE('',#3797,#3798);
#3797 = CARTESIAN_POINT('',(-24.17647058823,25.55,37.));
#3798 = VECTOR('',#3799,1.);
#3799 = DIRECTION('',(0.,1.,0.));
#3800 = ORIENTED_EDGE('',*,*,#3801,.F.);
#3801 = EDGE_CURVE('',#3802,#3794,#3804,.T.);
#3802 = VERTEX_POINT('',#3803);
#3803 = CARTESIAN_POINT('',(-27.17647058823,25.,37.));
#3804 = LINE('',#3805,#3806);
#3805 = CARTESIAN_POINT('',(12.461764705882,25.,37.));
#3806 = VECTOR('',#3807,1.);
#3807 = DIRECTION('',(1.,0.,0.));
#3808 = ORIENTED_EDGE('',*,*,#3809,.F.);
#3809 = EDGE_CURVE('',#3810,#3802,#3812,.T.);
#3810 = VERTEX_POINT('',#3811);
#3811 = CARTESIAN_POINT('',(-27.17647058823,26.1,37.));
#3812 = LINE('',#3813,#3814);
#3813 = CARTESIAN_POINT('',(-27.17647058823,27.55,37.));
#3814 = VECTOR('',#3815,1.);
#3815 = DIRECTION('',(0.,-1.,0.));
#3816 = ORIENTED_EDGE('',*,*,#3817,.T.);
#3817 = EDGE_CURVE('',#3810,#3818,#3820,.T.);
#3818 = VERTEX_POINT('',#3819);
#3819 = CARTESIAN_POINT('',(-29.88235294117,26.1,37.));
#3820 = LINE('',#3821,#3822);
#3821 = CARTESIAN_POINT('',(52.1,26.1,37.));
#3822 = VECTOR('',#3823,1.);
#3823 = DIRECTION('',(-1.,-0.,-0.));
#3824 = ORIENTED_EDGE('',*,*,#3825,.F.);
#3825 = EDGE_CURVE('',#3826,#3818,#3828,.T.);
#3826 = VERTEX_POINT('',#3827);
#3827 = CARTESIAN_POINT('',(-29.88235294117,25.,37.));
#3828 = LINE('',#3829,#3830);
#3829 = CARTESIAN_POINT('',(-29.88235294117,25.55,37.));
#3830 = VECTOR('',#3831,1.);
#3831 = DIRECTION('',(0.,1.,0.));
#3832 = ORIENTED_EDGE('',*,*,#3833,.F.);
#3833 = EDGE_CURVE('',#3834,#3826,#3836,.T.);
#3834 = VERTEX_POINT('',#3835);
#3835 = CARTESIAN_POINT('',(-32.88235294117,25.,37.));
#3836 = LINE('',#3837,#3838);
#3837 = CARTESIAN_POINT('',(9.608823529412,25.,37.));
#3838 = VECTOR('',#3839,1.);
#3839 = DIRECTION('',(1.,0.,0.));
#3840 = ORIENTED_EDGE('',*,*,#3841,.F.);
#3841 = EDGE_CURVE('',#3842,#3834,#3844,.T.);
#3842 = VERTEX_POINT('',#3843);
#3843 = CARTESIAN_POINT('',(-32.88235294117,26.1,37.));
#3844 = LINE('',#3845,#3846);
#3845 = CARTESIAN_POINT('',(-32.88235294117,27.55,37.));
#3846 = VECTOR('',#3847,1.);
#3847 = DIRECTION('',(0.,-1.,0.));
#3848 = ORIENTED_EDGE('',*,*,#3849,.T.);
#3849 = EDGE_CURVE('',#3842,#3850,#3852,.T.);
#3850 = VERTEX_POINT('',#3851);
#3851 = CARTESIAN_POINT('',(-35.58823529411,26.1,37.));
#3852 = LINE('',#3853,#3854);
#3853 = CARTESIAN_POINT('',(52.1,26.1,37.));
#3854 = VECTOR('',#3855,1.);
#3855 = DIRECTION('',(-1.,-0.,-0.));
#3856 = ORIENTED_EDGE('',*,*,#3857,.F.);
#3857 = EDGE_CURVE('',#3858,#3850,#3860,.T.);
#3858 = VERTEX_POINT('',#3859);
#3859 = CARTESIAN_POINT('',(-35.58823529411,25.,37.));
#3860 = LINE('',#3861,#3862);
#3861 = CARTESIAN_POINT('',(-35.58823529411,25.55,37.));
#3862 = VECTOR('',#3863,1.);
#3863 = DIRECTION('',(0.,1.,0.));
#3864 = ORIENTED_EDGE('',*,*,#3865,.F.);
#3865 = EDGE_CURVE('',#3866,#3858,#3868,.T.);
#3866 = VERTEX_POINT('',#3867);
#3867 = CARTESIAN_POINT('',(-38.58823529411,25.,37.));
#3868 = LINE('',#3869,#3870);
#3869 = CARTESIAN_POINT('',(6.755882352941,25.,37.));
#3870 = VECTOR('',#3871,1.);
#3871 = DIRECTION('',(1.,0.,0.));
#3872 = ORIENTED_EDGE('',*,*,#3873,.F.);
#3873 = EDGE_CURVE('',#3874,#3866,#3876,.T.);
#3874 = VERTEX_POINT('',#3875);
#3875 = CARTESIAN_POINT('',(-38.58823529411,26.1,37.));
#3876 = LINE('',#3877,#3878);
#3877 = CARTESIAN_POINT('',(-38.58823529411,27.55,37.));
#3878 = VECTOR('',#3879,1.);
#3879 = DIRECTION('',(0.,-1.,0.));
#3880 = ORIENTED_EDGE('',*,*,#3881,.T.);
#3881 = EDGE_CURVE('',#3874,#3882,#3884,.T.);
#3882 = VERTEX_POINT('',#3883);
#3883 = CARTESIAN_POINT('',(-41.29411764705,26.1,37.));
#3884 = LINE('',#3885,#3886);
#3885 = CARTESIAN_POINT('',(52.1,26.1,37.));
#3886 = VECTOR('',#3887,1.);
#3887 = DIRECTION('',(-1.,-0.,-0.));
#3888 = ORIENTED_EDGE('',*,*,#3889,.F.);
#3889 = EDGE_CURVE('',#3890,#3882,#3892,.T.);
#3890 = VERTEX_POINT('',#3891);
#3891 = CARTESIAN_POINT('',(-41.29411764705,25.,37.));
#3892 = LINE('',#3893,#3894);
#3893 = CARTESIAN_POINT('',(-41.29411764705,25.55,37.));
#3894 = VECTOR('',#3895,1.);
#3895 = DIRECTION('',(0.,1.,0.));
#3896 = ORIENTED_EDGE('',*,*,#3897,.F.);
#3897 = EDGE_CURVE('',#3898,#3890,#3900,.T.);
#3898 = VERTEX_POINT('',#3899);
#3899 = CARTESIAN_POINT('',(-44.29411764705,25.,37.));
#3900 = LINE('',#3901,#3902);
#3901 = CARTESIAN_POINT('',(3.902941176471,25.,37.));
#3902 = VECTOR('',#3903,1.);
#3903 = DIRECTION('',(1.,0.,0.));
#3904 = ORIENTED_EDGE('',*,*,#3905,.F.);
#3905 = EDGE_CURVE('',#3906,#3898,#3908,.T.);
#3906 = VERTEX_POINT('',#3907);
#3907 = CARTESIAN_POINT('',(-44.29411764705,26.1,37.));
#3908 = LINE('',#3909,#3910);
#3909 = CARTESIAN_POINT('',(-44.29411764705,27.55,37.));
#3910 = VECTOR('',#3911,1.);
#3911 = DIRECTION('',(0.,-1.,0.));
#3912 = ORIENTED_EDGE('',*,*,#3913,.T.);
#3913 = EDGE_CURVE('',#3906,#3914,#3916,.T.);
#3914 = VERTEX_POINT('',#3915);
#3915 = CARTESIAN_POINT('',(-47.,26.1,37.));
#3916 = LINE('',#3917,#3918);
#3917 = CARTESIAN_POINT('',(52.1,26.1,37.));
#3918 = VECTOR('',#3919,1.);
#3919 = DIRECTION('',(-1.,-0.,-0.));
#3920 = ORIENTED_EDGE('',*,*,#3921,.F.);
#3921 = EDGE_CURVE('',#3922,#3914,#3924,.T.);
#3922 = VERTEX_POINT('',#3923);
#3923 = CARTESIAN_POINT('',(-47.,25.,37.));
#3924 = LINE('',#3925,#3926);
#3925 = CARTESIAN_POINT('',(-47.,25.55,37.));
#3926 = VECTOR('',#3927,1.);
#3927 = DIRECTION('',(0.,1.,0.));
#3928 = ORIENTED_EDGE('',*,*,#3929,.F.);
#3929 = EDGE_CURVE('',#3930,#3922,#3932,.T.);
#3930 = VERTEX_POINT('',#3931);
#3931 = CARTESIAN_POINT('',(-50.,25.,37.));
#3932 = LINE('',#3933,#3934);
#3933 = CARTESIAN_POINT('',(1.05,25.,37.));
#3934 = VECTOR('',#3935,1.);
#3935 = DIRECTION('',(1.,0.,0.));
#3936 = ORIENTED_EDGE('',*,*,#3937,.F.);
#3937 = EDGE_CURVE('',#3938,#3930,#3940,.T.);
#3938 = VERTEX_POINT('',#3939);
#3939 = CARTESIAN_POINT('',(-50.,26.1,37.));
#3940 = LINE('',#3941,#3942);
#3941 = CARTESIAN_POINT('',(-50.,27.55,37.));
#3942 = VECTOR('',#3943,1.);
#3943 = DIRECTION('',(0.,-1.,0.));
#3944 = ORIENTED_EDGE('',*,*,#3945,.T.);
#3945 = EDGE_CURVE('',#3938,#859,#3946,.T.);
#3946 = LINE('',#3947,#3948);
#3947 = CARTESIAN_POINT('',(52.1,26.1,37.));
#3948 = VECTOR('',#3949,1.);
#3949 = DIRECTION('',(-1.,-0.,-0.));
#3950 = ORIENTED_EDGE('',*,*,#866,.T.);
#3951 = ORIENTED_EDGE('',*,*,#905,.F.);
#3952 = PLANE('',#3953);
#3953 = AXIS2_PLACEMENT_3D('',#3954,#3955,#3956);
#3954 = CARTESIAN_POINT('',(52.1,26.1,37.));
#3955 = DIRECTION('',(0.,0.,1.));
#3956 = DIRECTION('',(0.,-1.,0.));
#3957 = ADVANCED_FACE('',(#3958),#4383,.F.);
#3958 = FACE_BOUND('',#3959,.F.);
#3959 = EDGE_LOOP('',(#3960,#3961,#3967,#3968,#3969,#3977,#3985,#3991,
    #3992,#4000,#4008,#4014,#4015,#4023,#4031,#4037,#4038,#4046,#4054,
    #4060,#4061,#4069,#4077,#4083,#4084,#4092,#4100,#4106,#4107,#4115,
    #4123,#4129,#4130,#4138,#4146,#4152,#4153,#4161,#4169,#4175,#4176,
    #4184,#4192,#4198,#4199,#4207,#4215,#4221,#4222,#4230,#4238,#4244,
    #4245,#4253,#4261,#4267,#4268,#4276,#4284,#4290,#4291,#4299,#4307,
    #4313,#4314,#4322,#4330,#4336,#4337,#4345,#4353,#4359,#4360,#4368,
    #4376,#4382));
#3960 = ORIENTED_EDGE('',*,*,#802,.F.);
#3961 = ORIENTED_EDGE('',*,*,#3962,.T.);
#3962 = EDGE_CURVE('',#803,#851,#3963,.T.);
#3963 = LINE('',#3964,#3965);
#3964 = CARTESIAN_POINT('',(52.1,26.1,18.));
#3965 = VECTOR('',#3966,1.);
#3966 = DIRECTION('',(-1.,-0.,-0.));
#3967 = ORIENTED_EDGE('',*,*,#858,.T.);
#3968 = ORIENTED_EDGE('',*,*,#3945,.F.);
#3969 = ORIENTED_EDGE('',*,*,#3970,.F.);
#3970 = EDGE_CURVE('',#3971,#3938,#3973,.T.);
#3971 = VERTEX_POINT('',#3972);
#3972 = CARTESIAN_POINT('',(-50.,26.1,31.4));
#3973 = LINE('',#3974,#3975);
#3974 = CARTESIAN_POINT('',(-50.,26.1,28.2));
#3975 = VECTOR('',#3976,1.);
#3976 = DIRECTION('',(0.,0.,1.));
#3977 = ORIENTED_EDGE('',*,*,#3978,.T.);
#3978 = EDGE_CURVE('',#3971,#3979,#3981,.T.);
#3979 = VERTEX_POINT('',#3980);
#3980 = CARTESIAN_POINT('',(-47.,26.1,31.4));
#3981 = LINE('',#3982,#3983);
#3982 = CARTESIAN_POINT('',(1.8,26.1,31.4));
#3983 = VECTOR('',#3984,1.);
#3984 = DIRECTION('',(1.,0.,0.));
#3985 = ORIENTED_EDGE('',*,*,#3986,.F.);
#3986 = EDGE_CURVE('',#3914,#3979,#3987,.T.);
#3987 = LINE('',#3988,#3989);
#3988 = CARTESIAN_POINT('',(-47.,26.1,28.2));
#3989 = VECTOR('',#3990,1.);
#3990 = DIRECTION('',(0.,0.,-1.));
#3991 = ORIENTED_EDGE('',*,*,#3913,.F.);
#3992 = ORIENTED_EDGE('',*,*,#3993,.F.);
#3993 = EDGE_CURVE('',#3994,#3906,#3996,.T.);
#3994 = VERTEX_POINT('',#3995);
#3995 = CARTESIAN_POINT('',(-44.29411764705,26.1,31.4));
#3996 = LINE('',#3997,#3998);
#3997 = CARTESIAN_POINT('',(-44.29411764705,26.1,28.2));
#3998 = VECTOR('',#3999,1.);
#3999 = DIRECTION('',(0.,0.,1.));
#4000 = ORIENTED_EDGE('',*,*,#4001,.T.);
#4001 = EDGE_CURVE('',#3994,#4002,#4004,.T.);
#4002 = VERTEX_POINT('',#4003);
#4003 = CARTESIAN_POINT('',(-41.29411764705,26.1,31.4));
#4004 = LINE('',#4005,#4006);
#4005 = CARTESIAN_POINT('',(4.652941176471,26.1,31.4));
#4006 = VECTOR('',#4007,1.);
#4007 = DIRECTION('',(1.,0.,0.));
#4008 = ORIENTED_EDGE('',*,*,#4009,.F.);
#4009 = EDGE_CURVE('',#3882,#4002,#4010,.T.);
#4010 = LINE('',#4011,#4012);
#4011 = CARTESIAN_POINT('',(-41.29411764705,26.1,28.2));
#4012 = VECTOR('',#4013,1.);
#4013 = DIRECTION('',(0.,0.,-1.));
#4014 = ORIENTED_EDGE('',*,*,#3881,.F.);
#4015 = ORIENTED_EDGE('',*,*,#4016,.F.);
#4016 = EDGE_CURVE('',#4017,#3874,#4019,.T.);
#4017 = VERTEX_POINT('',#4018);
#4018 = CARTESIAN_POINT('',(-38.58823529411,26.1,31.4));
#4019 = LINE('',#4020,#4021);
#4020 = CARTESIAN_POINT('',(-38.58823529411,26.1,28.2));
#4021 = VECTOR('',#4022,1.);
#4022 = DIRECTION('',(0.,0.,1.));
#4023 = ORIENTED_EDGE('',*,*,#4024,.T.);
#4024 = EDGE_CURVE('',#4017,#4025,#4027,.T.);
#4025 = VERTEX_POINT('',#4026);
#4026 = CARTESIAN_POINT('',(-35.58823529411,26.1,31.4));
#4027 = LINE('',#4028,#4029);
#4028 = CARTESIAN_POINT('',(7.505882352941,26.1,31.4));
#4029 = VECTOR('',#4030,1.);
#4030 = DIRECTION('',(1.,0.,0.));
#4031 = ORIENTED_EDGE('',*,*,#4032,.F.);
#4032 = EDGE_CURVE('',#3850,#4025,#4033,.T.);
#4033 = LINE('',#4034,#4035);
#4034 = CARTESIAN_POINT('',(-35.58823529411,26.1,28.2));
#4035 = VECTOR('',#4036,1.);
#4036 = DIRECTION('',(0.,0.,-1.));
#4037 = ORIENTED_EDGE('',*,*,#3849,.F.);
#4038 = ORIENTED_EDGE('',*,*,#4039,.F.);
#4039 = EDGE_CURVE('',#4040,#3842,#4042,.T.);
#4040 = VERTEX_POINT('',#4041);
#4041 = CARTESIAN_POINT('',(-32.88235294117,26.1,31.4));
#4042 = LINE('',#4043,#4044);
#4043 = CARTESIAN_POINT('',(-32.88235294117,26.1,28.2));
#4044 = VECTOR('',#4045,1.);
#4045 = DIRECTION('',(0.,0.,1.));
#4046 = ORIENTED_EDGE('',*,*,#4047,.T.);
#4047 = EDGE_CURVE('',#4040,#4048,#4050,.T.);
#4048 = VERTEX_POINT('',#4049);
#4049 = CARTESIAN_POINT('',(-29.88235294117,26.1,31.4));
#4050 = LINE('',#4051,#4052);
#4051 = CARTESIAN_POINT('',(10.358823529412,26.1,31.4));
#4052 = VECTOR('',#4053,1.);
#4053 = DIRECTION('',(1.,0.,0.));
#4054 = ORIENTED_EDGE('',*,*,#4055,.F.);
#4055 = EDGE_CURVE('',#3818,#4048,#4056,.T.);
#4056 = LINE('',#4057,#4058);
#4057 = CARTESIAN_POINT('',(-29.88235294117,26.1,28.2));
#4058 = VECTOR('',#4059,1.);
#4059 = DIRECTION('',(0.,0.,-1.));
#4060 = ORIENTED_EDGE('',*,*,#3817,.F.);
#4061 = ORIENTED_EDGE('',*,*,#4062,.F.);
#4062 = EDGE_CURVE('',#4063,#3810,#4065,.T.);
#4063 = VERTEX_POINT('',#4064);
#4064 = CARTESIAN_POINT('',(-27.17647058823,26.1,31.4));
#4065 = LINE('',#4066,#4067);
#4066 = CARTESIAN_POINT('',(-27.17647058823,26.1,28.2));
#4067 = VECTOR('',#4068,1.);
#4068 = DIRECTION('',(0.,0.,1.));
#4069 = ORIENTED_EDGE('',*,*,#4070,.T.);
#4070 = EDGE_CURVE('',#4063,#4071,#4073,.T.);
#4071 = VERTEX_POINT('',#4072);
#4072 = CARTESIAN_POINT('',(-24.17647058823,26.1,31.4));
#4073 = LINE('',#4074,#4075);
#4074 = CARTESIAN_POINT('',(13.211764705882,26.1,31.4));
#4075 = VECTOR('',#4076,1.);
#4076 = DIRECTION('',(1.,0.,0.));
#4077 = ORIENTED_EDGE('',*,*,#4078,.F.);
#4078 = EDGE_CURVE('',#3786,#4071,#4079,.T.);
#4079 = LINE('',#4080,#4081);
#4080 = CARTESIAN_POINT('',(-24.17647058823,26.1,28.2));
#4081 = VECTOR('',#4082,1.);
#4082 = DIRECTION('',(0.,0.,-1.));
#4083 = ORIENTED_EDGE('',*,*,#3785,.F.);
#4084 = ORIENTED_EDGE('',*,*,#4085,.F.);
#4085 = EDGE_CURVE('',#4086,#3778,#4088,.T.);
#4086 = VERTEX_POINT('',#4087);
#4087 = CARTESIAN_POINT('',(-21.47058823529,26.1,31.4));
#4088 = LINE('',#4089,#4090);
#4089 = CARTESIAN_POINT('',(-21.47058823529,26.1,28.2));
#4090 = VECTOR('',#4091,1.);
#4091 = DIRECTION('',(0.,0.,1.));
#4092 = ORIENTED_EDGE('',*,*,#4093,.T.);
#4093 = EDGE_CURVE('',#4086,#4094,#4096,.T.);
#4094 = VERTEX_POINT('',#4095);
#4095 = CARTESIAN_POINT('',(-18.47058823529,26.1,31.4));
#4096 = LINE('',#4097,#4098);
#4097 = CARTESIAN_POINT('',(16.064705882353,26.1,31.4));
#4098 = VECTOR('',#4099,1.);
#4099 = DIRECTION('',(1.,0.,0.));
#4100 = ORIENTED_EDGE('',*,*,#4101,.F.);
#4101 = EDGE_CURVE('',#3754,#4094,#4102,.T.);
#4102 = LINE('',#4103,#4104);
#4103 = CARTESIAN_POINT('',(-18.47058823529,26.1,28.2));
#4104 = VECTOR('',#4105,1.);
#4105 = DIRECTION('',(0.,0.,-1.));
#4106 = ORIENTED_EDGE('',*,*,#3753,.F.);
#4107 = ORIENTED_EDGE('',*,*,#4108,.F.);
#4108 = EDGE_CURVE('',#4109,#3746,#4111,.T.);
#4109 = VERTEX_POINT('',#4110);
#4110 = CARTESIAN_POINT('',(-15.76470588235,26.1,31.4));
#4111 = LINE('',#4112,#4113);
#4112 = CARTESIAN_POINT('',(-15.76470588235,26.1,28.2));
#4113 = VECTOR('',#4114,1.);
#4114 = DIRECTION('',(0.,0.,1.));
#4115 = ORIENTED_EDGE('',*,*,#4116,.T.);
#4116 = EDGE_CURVE('',#4109,#4117,#4119,.T.);
#4117 = VERTEX_POINT('',#4118);
#4118 = CARTESIAN_POINT('',(-12.76470588235,26.1,31.4));
#4119 = LINE('',#4120,#4121);
#4120 = CARTESIAN_POINT('',(18.917647058824,26.1,31.4));
#4121 = VECTOR('',#4122,1.);
#4122 = DIRECTION('',(1.,0.,0.));
#4123 = ORIENTED_EDGE('',*,*,#4124,.F.);
#4124 = EDGE_CURVE('',#3722,#4117,#4125,.T.);
#4125 = LINE('',#4126,#4127);
#4126 = CARTESIAN_POINT('',(-12.76470588235,26.1,28.2));
#4127 = VECTOR('',#4128,1.);
#4128 = DIRECTION('',(0.,0.,-1.));
#4129 = ORIENTED_EDGE('',*,*,#3721,.F.);
#4130 = ORIENTED_EDGE('',*,*,#4131,.F.);
#4131 = EDGE_CURVE('',#4132,#3714,#4134,.T.);
#4132 = VERTEX_POINT('',#4133);
#4133 = CARTESIAN_POINT('',(-10.05882352941,26.1,31.4));
#4134 = LINE('',#4135,#4136);
#4135 = CARTESIAN_POINT('',(-10.05882352941,26.1,28.2));
#4136 = VECTOR('',#4137,1.);
#4137 = DIRECTION('',(0.,0.,1.));
#4138 = ORIENTED_EDGE('',*,*,#4139,.T.);
#4139 = EDGE_CURVE('',#4132,#4140,#4142,.T.);
#4140 = VERTEX_POINT('',#4141);
#4141 = CARTESIAN_POINT('',(-7.058823529412,26.1,31.4));
#4142 = LINE('',#4143,#4144);
#4143 = CARTESIAN_POINT('',(21.770588235294,26.1,31.4));
#4144 = VECTOR('',#4145,1.);
#4145 = DIRECTION('',(1.,0.,0.));
#4146 = ORIENTED_EDGE('',*,*,#4147,.F.);
#4147 = EDGE_CURVE('',#3690,#4140,#4148,.T.);
#4148 = LINE('',#4149,#4150);
#4149 = CARTESIAN_POINT('',(-7.058823529412,26.1,28.2));
#4150 = VECTOR('',#4151,1.);
#4151 = DIRECTION('',(0.,0.,-1.));
#4152 = ORIENTED_EDGE('',*,*,#3689,.F.);
#4153 = ORIENTED_EDGE('',*,*,#4154,.F.);
#4154 = EDGE_CURVE('',#4155,#3682,#4157,.T.);
#4155 = VERTEX_POINT('',#4156);
#4156 = CARTESIAN_POINT('',(-4.352941176471,26.1,31.4));
#4157 = LINE('',#4158,#4159);
#4158 = CARTESIAN_POINT('',(-4.352941176471,26.1,28.2));
#4159 = VECTOR('',#4160,1.);
#4160 = DIRECTION('',(0.,0.,1.));
#4161 = ORIENTED_EDGE('',*,*,#4162,.T.);
#4162 = EDGE_CURVE('',#4155,#4163,#4165,.T.);
#4163 = VERTEX_POINT('',#4164);
#4164 = CARTESIAN_POINT('',(-1.352941176471,26.1,31.4));
#4165 = LINE('',#4166,#4167);
#4166 = CARTESIAN_POINT('',(24.623529411765,26.1,31.4));
#4167 = VECTOR('',#4168,1.);
#4168 = DIRECTION('',(1.,0.,0.));
#4169 = ORIENTED_EDGE('',*,*,#4170,.F.);
#4170 = EDGE_CURVE('',#3658,#4163,#4171,.T.);
#4171 = LINE('',#4172,#4173);
#4172 = CARTESIAN_POINT('',(-1.352941176471,26.1,28.2));
#4173 = VECTOR('',#4174,1.);
#4174 = DIRECTION('',(0.,0.,-1.));
#4175 = ORIENTED_EDGE('',*,*,#3657,.F.);
#4176 = ORIENTED_EDGE('',*,*,#4177,.F.);
#4177 = EDGE_CURVE('',#4178,#3650,#4180,.T.);
#4178 = VERTEX_POINT('',#4179);
#4179 = CARTESIAN_POINT('',(1.352941176471,26.1,31.4));
#4180 = LINE('',#4181,#4182);
#4181 = CARTESIAN_POINT('',(1.352941176471,26.1,28.2));
#4182 = VECTOR('',#4183,1.);
#4183 = DIRECTION('',(0.,0.,1.));
#4184 = ORIENTED_EDGE('',*,*,#4185,.T.);
#4185 = EDGE_CURVE('',#4178,#4186,#4188,.T.);
#4186 = VERTEX_POINT('',#4187);
#4187 = CARTESIAN_POINT('',(4.352941176471,26.1,31.4));
#4188 = LINE('',#4189,#4190);
#4189 = CARTESIAN_POINT('',(27.476470588235,26.1,31.4));
#4190 = VECTOR('',#4191,1.);
#4191 = DIRECTION('',(1.,0.,0.));
#4192 = ORIENTED_EDGE('',*,*,#4193,.F.);
#4193 = EDGE_CURVE('',#3626,#4186,#4194,.T.);
#4194 = LINE('',#4195,#4196);
#4195 = CARTESIAN_POINT('',(4.352941176471,26.1,28.2));
#4196 = VECTOR('',#4197,1.);
#4197 = DIRECTION('',(0.,0.,-1.));
#4198 = ORIENTED_EDGE('',*,*,#3625,.F.);
#4199 = ORIENTED_EDGE('',*,*,#4200,.F.);
#4200 = EDGE_CURVE('',#4201,#3618,#4203,.T.);
#4201 = VERTEX_POINT('',#4202);
#4202 = CARTESIAN_POINT('',(7.058823529412,26.1,31.4));
#4203 = LINE('',#4204,#4205);
#4204 = CARTESIAN_POINT('',(7.058823529412,26.1,28.2));
#4205 = VECTOR('',#4206,1.);
#4206 = DIRECTION('',(0.,0.,1.));
#4207 = ORIENTED_EDGE('',*,*,#4208,.T.);
#4208 = EDGE_CURVE('',#4201,#4209,#4211,.T.);
#4209 = VERTEX_POINT('',#4210);
#4210 = CARTESIAN_POINT('',(10.058823529412,26.1,31.4));
#4211 = LINE('',#4212,#4213);
#4212 = CARTESIAN_POINT('',(30.329411764706,26.1,31.4));
#4213 = VECTOR('',#4214,1.);
#4214 = DIRECTION('',(1.,0.,0.));
#4215 = ORIENTED_EDGE('',*,*,#4216,.F.);
#4216 = EDGE_CURVE('',#3594,#4209,#4217,.T.);
#4217 = LINE('',#4218,#4219);
#4218 = CARTESIAN_POINT('',(10.058823529412,26.1,28.2));
#4219 = VECTOR('',#4220,1.);
#4220 = DIRECTION('',(0.,0.,-1.));
#4221 = ORIENTED_EDGE('',*,*,#3593,.F.);
#4222 = ORIENTED_EDGE('',*,*,#4223,.F.);
#4223 = EDGE_CURVE('',#4224,#3586,#4226,.T.);
#4224 = VERTEX_POINT('',#4225);
#4225 = CARTESIAN_POINT('',(12.764705882353,26.1,31.4));
#4226 = LINE('',#4227,#4228);
#4227 = CARTESIAN_POINT('',(12.764705882353,26.1,28.2));
#4228 = VECTOR('',#4229,1.);
#4229 = DIRECTION('',(0.,0.,1.));
#4230 = ORIENTED_EDGE('',*,*,#4231,.T.);
#4231 = EDGE_CURVE('',#4224,#4232,#4234,.T.);
#4232 = VERTEX_POINT('',#4233);
#4233 = CARTESIAN_POINT('',(15.764705882353,26.1,31.4));
#4234 = LINE('',#4235,#4236);
#4235 = CARTESIAN_POINT('',(33.182352941176,26.1,31.4));
#4236 = VECTOR('',#4237,1.);
#4237 = DIRECTION('',(1.,0.,0.));
#4238 = ORIENTED_EDGE('',*,*,#4239,.F.);
#4239 = EDGE_CURVE('',#3562,#4232,#4240,.T.);
#4240 = LINE('',#4241,#4242);
#4241 = CARTESIAN_POINT('',(15.764705882353,26.1,28.2));
#4242 = VECTOR('',#4243,1.);
#4243 = DIRECTION('',(0.,0.,-1.));
#4244 = ORIENTED_EDGE('',*,*,#3561,.F.);
#4245 = ORIENTED_EDGE('',*,*,#4246,.F.);
#4246 = EDGE_CURVE('',#4247,#3554,#4249,.T.);
#4247 = VERTEX_POINT('',#4248);
#4248 = CARTESIAN_POINT('',(18.470588235294,26.1,31.4));
#4249 = LINE('',#4250,#4251);
#4250 = CARTESIAN_POINT('',(18.470588235294,26.1,28.2));
#4251 = VECTOR('',#4252,1.);
#4252 = DIRECTION('',(0.,0.,1.));
#4253 = ORIENTED_EDGE('',*,*,#4254,.T.);
#4254 = EDGE_CURVE('',#4247,#4255,#4257,.T.);
#4255 = VERTEX_POINT('',#4256);
#4256 = CARTESIAN_POINT('',(21.470588235294,26.1,31.4));
#4257 = LINE('',#4258,#4259);
#4258 = CARTESIAN_POINT('',(36.035294117647,26.1,31.4));
#4259 = VECTOR('',#4260,1.);
#4260 = DIRECTION('',(1.,0.,0.));
#4261 = ORIENTED_EDGE('',*,*,#4262,.F.);
#4262 = EDGE_CURVE('',#3530,#4255,#4263,.T.);
#4263 = LINE('',#4264,#4265);
#4264 = CARTESIAN_POINT('',(21.470588235294,26.1,28.2));
#4265 = VECTOR('',#4266,1.);
#4266 = DIRECTION('',(0.,0.,-1.));
#4267 = ORIENTED_EDGE('',*,*,#3529,.F.);
#4268 = ORIENTED_EDGE('',*,*,#4269,.F.);
#4269 = EDGE_CURVE('',#4270,#3522,#4272,.T.);
#4270 = VERTEX_POINT('',#4271);
#4271 = CARTESIAN_POINT('',(24.176470588235,26.1,31.4));
#4272 = LINE('',#4273,#4274);
#4273 = CARTESIAN_POINT('',(24.176470588235,26.1,28.2));
#4274 = VECTOR('',#4275,1.);
#4275 = DIRECTION('',(0.,0.,1.));
#4276 = ORIENTED_EDGE('',*,*,#4277,.T.);
#4277 = EDGE_CURVE('',#4270,#4278,#4280,.T.);
#4278 = VERTEX_POINT('',#4279);
#4279 = CARTESIAN_POINT('',(27.176470588235,26.1,31.4));
#4280 = LINE('',#4281,#4282);
#4281 = CARTESIAN_POINT('',(38.888235294118,26.1,31.4));
#4282 = VECTOR('',#4283,1.);
#4283 = DIRECTION('',(1.,0.,0.));
#4284 = ORIENTED_EDGE('',*,*,#4285,.F.);
#4285 = EDGE_CURVE('',#3498,#4278,#4286,.T.);
#4286 = LINE('',#4287,#4288);
#4287 = CARTESIAN_POINT('',(27.176470588235,26.1,28.2));
#4288 = VECTOR('',#4289,1.);
#4289 = DIRECTION('',(0.,0.,-1.));
#4290 = ORIENTED_EDGE('',*,*,#3497,.F.);
#4291 = ORIENTED_EDGE('',*,*,#4292,.F.);
#4292 = EDGE_CURVE('',#4293,#3490,#4295,.T.);
#4293 = VERTEX_POINT('',#4294);
#4294 = CARTESIAN_POINT('',(29.882352941176,26.1,31.4));
#4295 = LINE('',#4296,#4297);
#4296 = CARTESIAN_POINT('',(29.882352941176,26.1,28.2));
#4297 = VECTOR('',#4298,1.);
#4298 = DIRECTION('',(0.,0.,1.));
#4299 = ORIENTED_EDGE('',*,*,#4300,.T.);
#4300 = EDGE_CURVE('',#4293,#4301,#4303,.T.);
#4301 = VERTEX_POINT('',#4302);
#4302 = CARTESIAN_POINT('',(32.882352941176,26.1,31.4));
#4303 = LINE('',#4304,#4305);
#4304 = CARTESIAN_POINT('',(41.741176470588,26.1,31.4));
#4305 = VECTOR('',#4306,1.);
#4306 = DIRECTION('',(1.,0.,0.));
#4307 = ORIENTED_EDGE('',*,*,#4308,.F.);
#4308 = EDGE_CURVE('',#3466,#4301,#4309,.T.);
#4309 = LINE('',#4310,#4311);
#4310 = CARTESIAN_POINT('',(32.882352941176,26.1,28.2));
#4311 = VECTOR('',#4312,1.);
#4312 = DIRECTION('',(0.,0.,-1.));
#4313 = ORIENTED_EDGE('',*,*,#3465,.F.);
#4314 = ORIENTED_EDGE('',*,*,#4315,.F.);
#4315 = EDGE_CURVE('',#4316,#3458,#4318,.T.);
#4316 = VERTEX_POINT('',#4317);
#4317 = CARTESIAN_POINT('',(35.588235294118,26.1,31.4));
#4318 = LINE('',#4319,#4320);
#4319 = CARTESIAN_POINT('',(35.588235294118,26.1,28.2));
#4320 = VECTOR('',#4321,1.);
#4321 = DIRECTION('',(0.,0.,1.));
#4322 = ORIENTED_EDGE('',*,*,#4323,.T.);
#4323 = EDGE_CURVE('',#4316,#4324,#4326,.T.);
#4324 = VERTEX_POINT('',#4325);
#4325 = CARTESIAN_POINT('',(38.588235294118,26.1,31.4));
#4326 = LINE('',#4327,#4328);
#4327 = CARTESIAN_POINT('',(44.594117647059,26.1,31.4));
#4328 = VECTOR('',#4329,1.);
#4329 = DIRECTION('',(1.,0.,0.));
#4330 = ORIENTED_EDGE('',*,*,#4331,.F.);
#4331 = EDGE_CURVE('',#3434,#4324,#4332,.T.);
#4332 = LINE('',#4333,#4334);
#4333 = CARTESIAN_POINT('',(38.588235294118,26.1,28.2));
#4334 = VECTOR('',#4335,1.);
#4335 = DIRECTION('',(0.,0.,-1.));
#4336 = ORIENTED_EDGE('',*,*,#3433,.F.);
#4337 = ORIENTED_EDGE('',*,*,#4338,.F.);
#4338 = EDGE_CURVE('',#4339,#3426,#4341,.T.);
#4339 = VERTEX_POINT('',#4340);
#4340 = CARTESIAN_POINT('',(41.294117647059,26.1,31.4));
#4341 = LINE('',#4342,#4343);
#4342 = CARTESIAN_POINT('',(41.294117647059,26.1,28.2));
#4343 = VECTOR('',#4344,1.);
#4344 = DIRECTION('',(0.,0.,1.));
#4345 = ORIENTED_EDGE('',*,*,#4346,.T.);
#4346 = EDGE_CURVE('',#4339,#4347,#4349,.T.);
#4347 = VERTEX_POINT('',#4348);
#4348 = CARTESIAN_POINT('',(44.294117647059,26.1,31.4));
#4349 = LINE('',#4350,#4351);
#4350 = CARTESIAN_POINT('',(47.447058823529,26.1,31.4));
#4351 = VECTOR('',#4352,1.);
#4352 = DIRECTION('',(1.,0.,0.));
#4353 = ORIENTED_EDGE('',*,*,#4354,.F.);
#4354 = EDGE_CURVE('',#3402,#4347,#4355,.T.);
#4355 = LINE('',#4356,#4357);
#4356 = CARTESIAN_POINT('',(44.294117647059,26.1,28.2));
#4357 = VECTOR('',#4358,1.);
#4358 = DIRECTION('',(0.,0.,-1.));
#4359 = ORIENTED_EDGE('',*,*,#3401,.F.);
#4360 = ORIENTED_EDGE('',*,*,#4361,.F.);
#4361 = EDGE_CURVE('',#4362,#3394,#4364,.T.);
#4362 = VERTEX_POINT('',#4363);
#4363 = CARTESIAN_POINT('',(47.,26.1,31.4));
#4364 = LINE('',#4365,#4366);
#4365 = CARTESIAN_POINT('',(47.,26.1,28.2));
#4366 = VECTOR('',#4367,1.);
#4367 = DIRECTION('',(0.,0.,1.));
#4368 = ORIENTED_EDGE('',*,*,#4369,.T.);
#4369 = EDGE_CURVE('',#4362,#4370,#4372,.T.);
#4370 = VERTEX_POINT('',#4371);
#4371 = CARTESIAN_POINT('',(50.,26.1,31.4));
#4372 = LINE('',#4373,#4374);
#4373 = CARTESIAN_POINT('',(50.3,26.1,31.4));
#4374 = VECTOR('',#4375,1.);
#4375 = DIRECTION('',(1.,0.,0.));
#4376 = ORIENTED_EDGE('',*,*,#4377,.F.);
#4377 = EDGE_CURVE('',#3370,#4370,#4378,.T.);
#4378 = LINE('',#4379,#4380);
#4379 = CARTESIAN_POINT('',(50.,26.1,28.2));
#4380 = VECTOR('',#4381,1.);
#4381 = DIRECTION('',(0.,0.,-1.));
#4382 = ORIENTED_EDGE('',*,*,#3369,.F.);
#4383 = PLANE('',#4384);
#4384 = AXIS2_PLACEMENT_3D('',#4385,#4386,#4387);
#4385 = CARTESIAN_POINT('',(52.1,26.1,18.));
#4386 = DIRECTION('',(0.,1.,0.));
#4387 = DIRECTION('',(0.,0.,1.));
#4388 = ADVANCED_FACE('',(#4389),#4395,.F.);
#4389 = FACE_BOUND('',#4390,.F.);
#4390 = EDGE_LOOP('',(#4391,#4392,#4393,#4394));
#4391 = ORIENTED_EDGE('',*,*,#3962,.F.);
#4392 = ORIENTED_EDGE('',*,*,#810,.F.);
#4393 = ORIENTED_EDGE('',*,*,#3208,.F.);
#4394 = ORIENTED_EDGE('',*,*,#850,.F.);
#4395 = PLANE('',#4396);
#4396 = AXIS2_PLACEMENT_3D('',#4397,#4398,#4399);
#4397 = CARTESIAN_POINT('',(-4.96E-15,0.,18.));
#4398 = DIRECTION('',(0.,0.,1.));
#4399 = DIRECTION('',(1.,0.,0.));
#4400 = ADVANCED_FACE('',(#4401),#4444,.F.);
#4401 = FACE_BOUND('',#4402,.F.);
#4402 = EDGE_LOOP('',(#4403,#4411,#4419,#4427,#4435,#4441,#4442,#4443));
#4403 = ORIENTED_EDGE('',*,*,#4404,.T.);
#4404 = EDGE_CURVE('',#3200,#4405,#4407,.T.);
#4405 = VERTEX_POINT('',#4406);
#4406 = CARTESIAN_POINT('',(-45.75,40.9,-9.E-15));
#4407 = LINE('',#4408,#4409);
#4408 = CARTESIAN_POINT('',(-45.75,-40.9,0.));
#4409 = VECTOR('',#4410,1.);
#4410 = DIRECTION('',(0.,1.,-2.2E-16));
#4411 = ORIENTED_EDGE('',*,*,#4412,.T.);
#4412 = EDGE_CURVE('',#4405,#4413,#4415,.T.);
#4413 = VERTEX_POINT('',#4414);
#4414 = CARTESIAN_POINT('',(-53.5,40.9,0.));
#4415 = LINE('',#4416,#4417);
#4416 = CARTESIAN_POINT('',(53.5,40.9,0.));
#4417 = VECTOR('',#4418,1.);
#4418 = DIRECTION('',(-1.,0.,0.));
#4419 = ORIENTED_EDGE('',*,*,#4420,.T.);
#4420 = EDGE_CURVE('',#4413,#4421,#4423,.T.);
#4421 = VERTEX_POINT('',#4422);
#4422 = CARTESIAN_POINT('',(-53.5,-40.9,0.));
#4423 = LINE('',#4424,#4425);
#4424 = CARTESIAN_POINT('',(-53.5,40.9,0.));
#4425 = VECTOR('',#4426,1.);
#4426 = DIRECTION('',(0.,-1.,0.));
#4427 = ORIENTED_EDGE('',*,*,#4428,.T.);
#4428 = EDGE_CURVE('',#4421,#4429,#4431,.T.);
#4429 = VERTEX_POINT('',#4430);
#4430 = CARTESIAN_POINT('',(-45.75,-40.9,0.));
#4431 = LINE('',#4432,#4433);
#4432 = CARTESIAN_POINT('',(-53.5,-40.9,0.));
#4433 = VECTOR('',#4434,1.);
#4434 = DIRECTION('',(1.,0.,0.));
#4435 = ORIENTED_EDGE('',*,*,#4436,.T.);
#4436 = EDGE_CURVE('',#4429,#3319,#4437,.T.);
#4437 = LINE('',#4438,#4439);
#4438 = CARTESIAN_POINT('',(-45.75,-40.9,0.));
#4439 = VECTOR('',#4440,1.);
#4440 = DIRECTION('',(0.,1.,-2.2E-16));
#4441 = ORIENTED_EDGE('',*,*,#3318,.T.);
#4442 = ORIENTED_EDGE('',*,*,#834,.T.);
#4443 = ORIENTED_EDGE('',*,*,#3199,.T.);
#4444 = PLANE('',#4445);
#4445 = AXIS2_PLACEMENT_3D('',#4446,#4447,#4448);
#4446 = CARTESIAN_POINT('',(0.,2.41E-15,0.));
#4447 = DIRECTION('',(0.,0.,1.));
#4448 = DIRECTION('',(1.,0.,0.));
#4449 = ADVANCED_FACE('',(#4450,#4484,#4487,#4490,#4493),#4496,.T.);
#4450 = FACE_BOUND('',#4451,.T.);
#4451 = EDGE_LOOP('',(#4452,#4462,#4470,#4478));
#4452 = ORIENTED_EDGE('',*,*,#4453,.T.);
#4453 = EDGE_CURVE('',#4454,#4456,#4458,.T.);
#4454 = VERTEX_POINT('',#4455);
#4455 = CARTESIAN_POINT('',(52.44,-21.1,47.7));
#4456 = VERTEX_POINT('',#4457);
#4457 = CARTESIAN_POINT('',(52.44,21.1,47.7));
#4458 = LINE('',#4459,#4460);
#4459 = CARTESIAN_POINT('',(52.44,-21.1,47.7));
#4460 = VECTOR('',#4461,1.);
#4461 = DIRECTION('',(0.,1.,0.));
#4462 = ORIENTED_EDGE('',*,*,#4463,.T.);
#4463 = EDGE_CURVE('',#4456,#4464,#4466,.T.);
#4464 = VERTEX_POINT('',#4465);
#4465 = CARTESIAN_POINT('',(-52.44,21.1,47.7));
#4466 = LINE('',#4467,#4468);
#4467 = CARTESIAN_POINT('',(52.44,21.1,47.7));
#4468 = VECTOR('',#4469,1.);
#4469 = DIRECTION('',(-1.,0.,0.));
#4470 = ORIENTED_EDGE('',*,*,#4471,.T.);
#4471 = EDGE_CURVE('',#4464,#4472,#4474,.T.);
#4472 = VERTEX_POINT('',#4473);
#4473 = CARTESIAN_POINT('',(-52.44,-21.1,47.7));
#4474 = LINE('',#4475,#4476);
#4475 = CARTESIAN_POINT('',(-52.44,21.1,47.7));
#4476 = VECTOR('',#4477,1.);
#4477 = DIRECTION('',(0.,-1.,0.));
#4478 = ORIENTED_EDGE('',*,*,#4479,.T.);
#4479 = EDGE_CURVE('',#4472,#4454,#4480,.T.);
#4480 = LINE('',#4481,#4482);
#4481 = CARTESIAN_POINT('',(-52.44,-21.1,47.7));
#4482 = VECTOR('',#4483,1.);
#4483 = DIRECTION('',(1.,0.,0.));
#4484 = FACE_BOUND('',#4485,.T.);
#4485 = EDGE_LOOP('',(#4486));
#4486 = ORIENTED_EDGE('',*,*,#972,.F.);
#4487 = FACE_BOUND('',#4488,.T.);
#4488 = EDGE_LOOP('',(#4489));
#4489 = ORIENTED_EDGE('',*,*,#947,.F.);
#4490 = FACE_BOUND('',#4491,.T.);
#4491 = EDGE_LOOP('',(#4492));
#4492 = ORIENTED_EDGE('',*,*,#922,.F.);
#4493 = FACE_BOUND('',#4494,.T.);
#4494 = EDGE_LOOP('',(#4495));
#4495 = ORIENTED_EDGE('',*,*,#997,.F.);
#4496 = PLANE('',#4497);
#4497 = AXIS2_PLACEMENT_3D('',#4498,#4499,#4500);
#4498 = CARTESIAN_POINT('',(0.,0.,47.7));
#4499 = DIRECTION('',(0.,0.,1.));
#4500 = DIRECTION('',(1.,0.,0.));
#4501 = ADVANCED_FACE('',(#4502),#4513,.T.);
#4502 = FACE_BOUND('',#4503,.T.);
#4503 = EDGE_LOOP('',(#4504,#4505,#4506,#4512));
#4504 = ORIENTED_EDGE('',*,*,#1423,.T.);
#4505 = ORIENTED_EDGE('',*,*,#1471,.T.);
#4506 = ORIENTED_EDGE('',*,*,#4507,.T.);
#4507 = EDGE_CURVE('',#1472,#1526,#4508,.T.);
#4508 = LINE('',#4509,#4510);
#4509 = CARTESIAN_POINT('',(-50.,-29.00000000001,31.4));
#4510 = VECTOR('',#4511,1.);
#4511 = DIRECTION('',(1.,0.,0.));
#4512 = ORIENTED_EDGE('',*,*,#1533,.T.);
#4513 = PLANE('',#4514);
#4514 = AXIS2_PLACEMENT_3D('',#4515,#4516,#4517);
#4515 = CARTESIAN_POINT('',(-48.5,-2.075445E-11,31.4));
#4516 = DIRECTION('',(0.,0.,1.));
#4517 = DIRECTION('',(1.,0.,0.));
#4518 = ADVANCED_FACE('',(#4519),#4530,.T.);
#4519 = FACE_BOUND('',#4520,.T.);
#4520 = EDGE_LOOP('',(#4521,#4522,#4523,#4529));
#4521 = ORIENTED_EDGE('',*,*,#1400,.T.);
#4522 = ORIENTED_EDGE('',*,*,#1568,.T.);
#4523 = ORIENTED_EDGE('',*,*,#4524,.T.);
#4524 = EDGE_CURVE('',#1569,#1623,#4525,.T.);
#4525 = LINE('',#4526,#4527);
#4526 = CARTESIAN_POINT('',(-44.29411764705,-29.00000000001,31.4));
#4527 = VECTOR('',#4528,1.);
#4528 = DIRECTION('',(1.,0.,0.));
#4529 = ORIENTED_EDGE('',*,*,#1630,.T.);
#4530 = PLANE('',#4531);
#4531 = AXIS2_PLACEMENT_3D('',#4532,#4533,#4534);
#4532 = CARTESIAN_POINT('',(-42.79411764705,-2.075445E-11,31.4));
#4533 = DIRECTION('',(0.,0.,1.));
#4534 = DIRECTION('',(1.,0.,0.));
#4535 = ADVANCED_FACE('',(#4536),#4547,.T.);
#4536 = FACE_BOUND('',#4537,.T.);
#4537 = EDGE_LOOP('',(#4538,#4539,#4540,#4546));
#4538 = ORIENTED_EDGE('',*,*,#1377,.T.);
#4539 = ORIENTED_EDGE('',*,*,#1665,.T.);
#4540 = ORIENTED_EDGE('',*,*,#4541,.T.);
#4541 = EDGE_CURVE('',#1666,#1720,#4542,.T.);
#4542 = LINE('',#4543,#4544);
#4543 = CARTESIAN_POINT('',(-38.58823529411,-29.00000000001,31.4));
#4544 = VECTOR('',#4545,1.);
#4545 = DIRECTION('',(1.,0.,0.));
#4546 = ORIENTED_EDGE('',*,*,#1727,.T.);
#4547 = PLANE('',#4548);
#4548 = AXIS2_PLACEMENT_3D('',#4549,#4550,#4551);
#4549 = CARTESIAN_POINT('',(-37.08823529411,-2.075445E-11,31.4));
#4550 = DIRECTION('',(0.,0.,1.));
#4551 = DIRECTION('',(1.,0.,0.));
#4552 = ADVANCED_FACE('',(#4553),#4564,.T.);
#4553 = FACE_BOUND('',#4554,.T.);
#4554 = EDGE_LOOP('',(#4555,#4556,#4557,#4563));
#4555 = ORIENTED_EDGE('',*,*,#1354,.T.);
#4556 = ORIENTED_EDGE('',*,*,#1762,.T.);
#4557 = ORIENTED_EDGE('',*,*,#4558,.T.);
#4558 = EDGE_CURVE('',#1763,#1817,#4559,.T.);
#4559 = LINE('',#4560,#4561);
#4560 = CARTESIAN_POINT('',(-32.88235294117,-29.00000000001,31.4));
#4561 = VECTOR('',#4562,1.);
#4562 = DIRECTION('',(1.,0.,0.));
#4563 = ORIENTED_EDGE('',*,*,#1824,.T.);
#4564 = PLANE('',#4565);
#4565 = AXIS2_PLACEMENT_3D('',#4566,#4567,#4568);
#4566 = CARTESIAN_POINT('',(-31.38235294117,-2.075445E-11,31.4));
#4567 = DIRECTION('',(0.,0.,1.));
#4568 = DIRECTION('',(1.,0.,0.));
#4569 = ADVANCED_FACE('',(#4570),#4581,.T.);
#4570 = FACE_BOUND('',#4571,.T.);
#4571 = EDGE_LOOP('',(#4572,#4573,#4574,#4580));
#4572 = ORIENTED_EDGE('',*,*,#1331,.T.);
#4573 = ORIENTED_EDGE('',*,*,#1859,.T.);
#4574 = ORIENTED_EDGE('',*,*,#4575,.T.);
#4575 = EDGE_CURVE('',#1860,#1914,#4576,.T.);
#4576 = LINE('',#4577,#4578);
#4577 = CARTESIAN_POINT('',(-27.17647058823,-29.00000000001,31.4));
#4578 = VECTOR('',#4579,1.);
#4579 = DIRECTION('',(1.,0.,0.));
#4580 = ORIENTED_EDGE('',*,*,#1921,.T.);
#4581 = PLANE('',#4582);
#4582 = AXIS2_PLACEMENT_3D('',#4583,#4584,#4585);
#4583 = CARTESIAN_POINT('',(-25.67647058823,-2.075445E-11,31.4));
#4584 = DIRECTION('',(0.,0.,1.));
#4585 = DIRECTION('',(1.,0.,0.));
#4586 = ADVANCED_FACE('',(#4587),#4598,.T.);
#4587 = FACE_BOUND('',#4588,.T.);
#4588 = EDGE_LOOP('',(#4589,#4590,#4591,#4597));
#4589 = ORIENTED_EDGE('',*,*,#1308,.T.);
#4590 = ORIENTED_EDGE('',*,*,#1956,.T.);
#4591 = ORIENTED_EDGE('',*,*,#4592,.T.);
#4592 = EDGE_CURVE('',#1957,#2011,#4593,.T.);
#4593 = LINE('',#4594,#4595);
#4594 = CARTESIAN_POINT('',(-21.47058823529,-29.00000000001,31.4));
#4595 = VECTOR('',#4596,1.);
#4596 = DIRECTION('',(1.,0.,0.));
#4597 = ORIENTED_EDGE('',*,*,#2018,.T.);
#4598 = PLANE('',#4599);
#4599 = AXIS2_PLACEMENT_3D('',#4600,#4601,#4602);
#4600 = CARTESIAN_POINT('',(-19.97058823529,-2.075445E-11,31.4));
#4601 = DIRECTION('',(0.,0.,1.));
#4602 = DIRECTION('',(1.,0.,0.));
#4603 = ADVANCED_FACE('',(#4604),#4615,.T.);
#4604 = FACE_BOUND('',#4605,.T.);
#4605 = EDGE_LOOP('',(#4606,#4607,#4608,#4614));
#4606 = ORIENTED_EDGE('',*,*,#1285,.T.);
#4607 = ORIENTED_EDGE('',*,*,#2053,.T.);
#4608 = ORIENTED_EDGE('',*,*,#4609,.T.);
#4609 = EDGE_CURVE('',#2054,#2108,#4610,.T.);
#4610 = LINE('',#4611,#4612);
#4611 = CARTESIAN_POINT('',(-15.76470588235,-29.00000000001,31.4));
#4612 = VECTOR('',#4613,1.);
#4613 = DIRECTION('',(1.,0.,0.));
#4614 = ORIENTED_EDGE('',*,*,#2115,.T.);
#4615 = PLANE('',#4616);
#4616 = AXIS2_PLACEMENT_3D('',#4617,#4618,#4619);
#4617 = CARTESIAN_POINT('',(-14.26470588235,-2.075445E-11,31.4));
#4618 = DIRECTION('',(0.,0.,1.));
#4619 = DIRECTION('',(1.,0.,0.));
#4620 = ADVANCED_FACE('',(#4621),#4632,.T.);
#4621 = FACE_BOUND('',#4622,.T.);
#4622 = EDGE_LOOP('',(#4623,#4624,#4625,#4631));
#4623 = ORIENTED_EDGE('',*,*,#1262,.T.);
#4624 = ORIENTED_EDGE('',*,*,#2150,.T.);
#4625 = ORIENTED_EDGE('',*,*,#4626,.T.);
#4626 = EDGE_CURVE('',#2151,#2205,#4627,.T.);
#4627 = LINE('',#4628,#4629);
#4628 = CARTESIAN_POINT('',(-10.05882352941,-29.00000000001,31.4));
#4629 = VECTOR('',#4630,1.);
#4630 = DIRECTION('',(1.,0.,0.));
#4631 = ORIENTED_EDGE('',*,*,#2212,.T.);
#4632 = PLANE('',#4633);
#4633 = AXIS2_PLACEMENT_3D('',#4634,#4635,#4636);
#4634 = CARTESIAN_POINT('',(-8.558823529412,-2.075445E-11,31.4));
#4635 = DIRECTION('',(0.,0.,1.));
#4636 = DIRECTION('',(1.,0.,0.));
#4637 = ADVANCED_FACE('',(#4638),#4649,.T.);
#4638 = FACE_BOUND('',#4639,.T.);
#4639 = EDGE_LOOP('',(#4640,#4641,#4642,#4648));
#4640 = ORIENTED_EDGE('',*,*,#1239,.T.);
#4641 = ORIENTED_EDGE('',*,*,#2247,.T.);
#4642 = ORIENTED_EDGE('',*,*,#4643,.T.);
#4643 = EDGE_CURVE('',#2248,#2302,#4644,.T.);
#4644 = LINE('',#4645,#4646);
#4645 = CARTESIAN_POINT('',(-4.352941176471,-29.00000000001,31.4));
#4646 = VECTOR('',#4647,1.);
#4647 = DIRECTION('',(1.,0.,0.));
#4648 = ORIENTED_EDGE('',*,*,#2309,.T.);
#4649 = PLANE('',#4650);
#4650 = AXIS2_PLACEMENT_3D('',#4651,#4652,#4653);
#4651 = CARTESIAN_POINT('',(-2.852941176471,-2.075445E-11,31.4));
#4652 = DIRECTION('',(0.,0.,1.));
#4653 = DIRECTION('',(1.,0.,0.));
#4654 = ADVANCED_FACE('',(#4655),#4666,.T.);
#4655 = FACE_BOUND('',#4656,.T.);
#4656 = EDGE_LOOP('',(#4657,#4658,#4659,#4665));
#4657 = ORIENTED_EDGE('',*,*,#1216,.T.);
#4658 = ORIENTED_EDGE('',*,*,#2344,.T.);
#4659 = ORIENTED_EDGE('',*,*,#4660,.T.);
#4660 = EDGE_CURVE('',#2345,#2399,#4661,.T.);
#4661 = LINE('',#4662,#4663);
#4662 = CARTESIAN_POINT('',(1.352941176471,-29.00000000001,31.4));
#4663 = VECTOR('',#4664,1.);
#4664 = DIRECTION('',(1.,0.,0.));
#4665 = ORIENTED_EDGE('',*,*,#2406,.T.);
#4666 = PLANE('',#4667);
#4667 = AXIS2_PLACEMENT_3D('',#4668,#4669,#4670);
#4668 = CARTESIAN_POINT('',(2.852941176471,-2.075445E-11,31.4));
#4669 = DIRECTION('',(0.,0.,1.));
#4670 = DIRECTION('',(1.,0.,0.));
#4671 = ADVANCED_FACE('',(#4672),#4683,.T.);
#4672 = FACE_BOUND('',#4673,.T.);
#4673 = EDGE_LOOP('',(#4674,#4675,#4676,#4682));
#4674 = ORIENTED_EDGE('',*,*,#1193,.T.);
#4675 = ORIENTED_EDGE('',*,*,#2441,.T.);
#4676 = ORIENTED_EDGE('',*,*,#4677,.T.);
#4677 = EDGE_CURVE('',#2442,#2496,#4678,.T.);
#4678 = LINE('',#4679,#4680);
#4679 = CARTESIAN_POINT('',(7.058823529412,-29.00000000001,31.4));
#4680 = VECTOR('',#4681,1.);
#4681 = DIRECTION('',(1.,0.,0.));
#4682 = ORIENTED_EDGE('',*,*,#2503,.T.);
#4683 = PLANE('',#4684);
#4684 = AXIS2_PLACEMENT_3D('',#4685,#4686,#4687);
#4685 = CARTESIAN_POINT('',(8.558823529412,-2.075445E-11,31.4));
#4686 = DIRECTION('',(0.,0.,1.));
#4687 = DIRECTION('',(1.,0.,0.));
#4688 = ADVANCED_FACE('',(#4689),#4700,.T.);
#4689 = FACE_BOUND('',#4690,.T.);
#4690 = EDGE_LOOP('',(#4691,#4692,#4693,#4699));
#4691 = ORIENTED_EDGE('',*,*,#1170,.T.);
#4692 = ORIENTED_EDGE('',*,*,#2538,.T.);
#4693 = ORIENTED_EDGE('',*,*,#4694,.T.);
#4694 = EDGE_CURVE('',#2539,#2593,#4695,.T.);
#4695 = LINE('',#4696,#4697);
#4696 = CARTESIAN_POINT('',(12.764705882353,-29.00000000001,31.4));
#4697 = VECTOR('',#4698,1.);
#4698 = DIRECTION('',(1.,0.,0.));
#4699 = ORIENTED_EDGE('',*,*,#2600,.T.);
#4700 = PLANE('',#4701);
#4701 = AXIS2_PLACEMENT_3D('',#4702,#4703,#4704);
#4702 = CARTESIAN_POINT('',(14.264705882353,-2.075445E-11,31.4));
#4703 = DIRECTION('',(0.,0.,1.));
#4704 = DIRECTION('',(1.,0.,0.));
#4705 = ADVANCED_FACE('',(#4706),#4717,.T.);
#4706 = FACE_BOUND('',#4707,.T.);
#4707 = EDGE_LOOP('',(#4708,#4709,#4710,#4716));
#4708 = ORIENTED_EDGE('',*,*,#1147,.T.);
#4709 = ORIENTED_EDGE('',*,*,#2635,.T.);
#4710 = ORIENTED_EDGE('',*,*,#4711,.T.);
#4711 = EDGE_CURVE('',#2636,#2690,#4712,.T.);
#4712 = LINE('',#4713,#4714);
#4713 = CARTESIAN_POINT('',(18.470588235294,-29.00000000001,31.4));
#4714 = VECTOR('',#4715,1.);
#4715 = DIRECTION('',(1.,0.,0.));
#4716 = ORIENTED_EDGE('',*,*,#2697,.T.);
#4717 = PLANE('',#4718);
#4718 = AXIS2_PLACEMENT_3D('',#4719,#4720,#4721);
#4719 = CARTESIAN_POINT('',(19.970588235294,-2.075445E-11,31.4));
#4720 = DIRECTION('',(0.,0.,1.));
#4721 = DIRECTION('',(1.,0.,0.));
#4722 = ADVANCED_FACE('',(#4723),#4734,.T.);
#4723 = FACE_BOUND('',#4724,.T.);
#4724 = EDGE_LOOP('',(#4725,#4726,#4727,#4733));
#4725 = ORIENTED_EDGE('',*,*,#1124,.T.);
#4726 = ORIENTED_EDGE('',*,*,#2732,.T.);
#4727 = ORIENTED_EDGE('',*,*,#4728,.T.);
#4728 = EDGE_CURVE('',#2733,#2787,#4729,.T.);
#4729 = LINE('',#4730,#4731);
#4730 = CARTESIAN_POINT('',(24.176470588235,-29.00000000001,31.4));
#4731 = VECTOR('',#4732,1.);
#4732 = DIRECTION('',(1.,0.,0.));
#4733 = ORIENTED_EDGE('',*,*,#2794,.T.);
#4734 = PLANE('',#4735);
#4735 = AXIS2_PLACEMENT_3D('',#4736,#4737,#4738);
#4736 = CARTESIAN_POINT('',(25.676470588235,-2.075445E-11,31.4));
#4737 = DIRECTION('',(0.,0.,1.));
#4738 = DIRECTION('',(1.,0.,0.));
#4739 = ADVANCED_FACE('',(#4740),#4751,.T.);
#4740 = FACE_BOUND('',#4741,.T.);
#4741 = EDGE_LOOP('',(#4742,#4743,#4744,#4750));
#4742 = ORIENTED_EDGE('',*,*,#1101,.T.);
#4743 = ORIENTED_EDGE('',*,*,#2829,.T.);
#4744 = ORIENTED_EDGE('',*,*,#4745,.T.);
#4745 = EDGE_CURVE('',#2830,#2884,#4746,.T.);
#4746 = LINE('',#4747,#4748);
#4747 = CARTESIAN_POINT('',(29.882352941176,-29.00000000001,31.4));
#4748 = VECTOR('',#4749,1.);
#4749 = DIRECTION('',(1.,0.,0.));
#4750 = ORIENTED_EDGE('',*,*,#2891,.T.);
#4751 = PLANE('',#4752);
#4752 = AXIS2_PLACEMENT_3D('',#4753,#4754,#4755);
#4753 = CARTESIAN_POINT('',(31.382352941176,-2.075445E-11,31.4));
#4754 = DIRECTION('',(0.,0.,1.));
#4755 = DIRECTION('',(1.,0.,0.));
#4756 = ADVANCED_FACE('',(#4757),#4768,.T.);
#4757 = FACE_BOUND('',#4758,.T.);
#4758 = EDGE_LOOP('',(#4759,#4760,#4761,#4767));
#4759 = ORIENTED_EDGE('',*,*,#1078,.T.);
#4760 = ORIENTED_EDGE('',*,*,#2926,.T.);
#4761 = ORIENTED_EDGE('',*,*,#4762,.T.);
#4762 = EDGE_CURVE('',#2927,#2981,#4763,.T.);
#4763 = LINE('',#4764,#4765);
#4764 = CARTESIAN_POINT('',(35.588235294118,-29.00000000001,31.4));
#4765 = VECTOR('',#4766,1.);
#4766 = DIRECTION('',(1.,0.,0.));
#4767 = ORIENTED_EDGE('',*,*,#2988,.T.);
#4768 = PLANE('',#4769);
#4769 = AXIS2_PLACEMENT_3D('',#4770,#4771,#4772);
#4770 = CARTESIAN_POINT('',(37.088235294118,-2.075445E-11,31.4));
#4771 = DIRECTION('',(0.,0.,1.));
#4772 = DIRECTION('',(1.,0.,0.));
#4773 = ADVANCED_FACE('',(#4774),#4785,.T.);
#4774 = FACE_BOUND('',#4775,.T.);
#4775 = EDGE_LOOP('',(#4776,#4777,#4778,#4784));
#4776 = ORIENTED_EDGE('',*,*,#1055,.T.);
#4777 = ORIENTED_EDGE('',*,*,#3023,.T.);
#4778 = ORIENTED_EDGE('',*,*,#4779,.T.);
#4779 = EDGE_CURVE('',#3024,#3078,#4780,.T.);
#4780 = LINE('',#4781,#4782);
#4781 = CARTESIAN_POINT('',(41.294117647059,-29.00000000001,31.4));
#4782 = VECTOR('',#4783,1.);
#4783 = DIRECTION('',(1.,0.,0.));
#4784 = ORIENTED_EDGE('',*,*,#3085,.T.);
#4785 = PLANE('',#4786);
#4786 = AXIS2_PLACEMENT_3D('',#4787,#4788,#4789);
#4787 = CARTESIAN_POINT('',(42.794117647059,-2.075445E-11,31.4));
#4788 = DIRECTION('',(0.,0.,1.));
#4789 = DIRECTION('',(1.,0.,0.));
#4790 = ADVANCED_FACE('',(#4791),#4802,.T.);
#4791 = FACE_BOUND('',#4792,.T.);
#4792 = EDGE_LOOP('',(#4793,#4794,#4795,#4801));
#4793 = ORIENTED_EDGE('',*,*,#1032,.T.);
#4794 = ORIENTED_EDGE('',*,*,#3120,.T.);
#4795 = ORIENTED_EDGE('',*,*,#4796,.T.);
#4796 = EDGE_CURVE('',#3121,#3175,#4797,.T.);
#4797 = LINE('',#4798,#4799);
#4798 = CARTESIAN_POINT('',(47.,-29.00000000001,31.4));
#4799 = VECTOR('',#4800,1.);
#4800 = DIRECTION('',(1.,0.,0.));
#4801 = ORIENTED_EDGE('',*,*,#3182,.T.);
#4802 = PLANE('',#4803);
#4803 = AXIS2_PLACEMENT_3D('',#4804,#4805,#4806);
#4804 = CARTESIAN_POINT('',(48.5,-2.075445E-11,31.4));
#4805 = DIRECTION('',(0.,0.,1.));
#4806 = DIRECTION('',(1.,0.,0.));
#4807 = ADVANCED_FACE('',(#4808),#5004,.F.);
#4808 = FACE_BOUND('',#4809,.F.);
#4809 = EDGE_LOOP('',(#4810,#4820,#4826,#4827,#4828,#4829,#4835,#4836,
    #4837,#4838,#4844,#4845,#4846,#4847,#4853,#4854,#4855,#4856,#4862,
    #4863,#4864,#4865,#4871,#4872,#4873,#4874,#4880,#4881,#4882,#4883,
    #4889,#4890,#4891,#4892,#4898,#4899,#4900,#4901,#4907,#4908,#4909,
    #4910,#4916,#4917,#4918,#4919,#4925,#4926,#4927,#4928,#4934,#4935,
    #4936,#4937,#4943,#4944,#4945,#4946,#4952,#4953,#4954,#4955,#4961,
    #4962,#4963,#4964,#4970,#4971,#4972,#4973,#4979,#4980,#4981,#4982,
    #4990,#4998));
#4810 = ORIENTED_EDGE('',*,*,#4811,.F.);
#4811 = EDGE_CURVE('',#4812,#4814,#4816,.T.);
#4812 = VERTEX_POINT('',#4813);
#4813 = CARTESIAN_POINT('',(53.5,-29.,38.4));
#4814 = VERTEX_POINT('',#4815);
#4815 = CARTESIAN_POINT('',(53.5,-22.5,38.4));
#4816 = LINE('',#4817,#4818);
#4817 = CARTESIAN_POINT('',(53.5,-29.,38.4));
#4818 = VECTOR('',#4819,1.);
#4819 = DIRECTION('',(0.,1.,0.));
#4820 = ORIENTED_EDGE('',*,*,#4821,.T.);
#4821 = EDGE_CURVE('',#4812,#3167,#4822,.T.);
#4822 = LINE('',#4823,#4824);
#4823 = CARTESIAN_POINT('',(53.5,-29.,38.4));
#4824 = VECTOR('',#4825,1.);
#4825 = DIRECTION('',(-1.,-0.,-0.));
#4826 = ORIENTED_EDGE('',*,*,#3166,.T.);
#4827 = ORIENTED_EDGE('',*,*,#3142,.T.);
#4828 = ORIENTED_EDGE('',*,*,#3102,.T.);
#4829 = ORIENTED_EDGE('',*,*,#4830,.T.);
#4830 = EDGE_CURVE('',#3105,#3070,#4831,.T.);
#4831 = LINE('',#4832,#4833);
#4832 = CARTESIAN_POINT('',(53.5,-29.,38.4));
#4833 = VECTOR('',#4834,1.);
#4834 = DIRECTION('',(-1.,-0.,-0.));
#4835 = ORIENTED_EDGE('',*,*,#3069,.T.);
#4836 = ORIENTED_EDGE('',*,*,#3045,.T.);
#4837 = ORIENTED_EDGE('',*,*,#3005,.T.);
#4838 = ORIENTED_EDGE('',*,*,#4839,.T.);
#4839 = EDGE_CURVE('',#3008,#2973,#4840,.T.);
#4840 = LINE('',#4841,#4842);
#4841 = CARTESIAN_POINT('',(53.5,-29.,38.4));
#4842 = VECTOR('',#4843,1.);
#4843 = DIRECTION('',(-1.,-0.,-0.));
#4844 = ORIENTED_EDGE('',*,*,#2972,.T.);
#4845 = ORIENTED_EDGE('',*,*,#2948,.T.);
#4846 = ORIENTED_EDGE('',*,*,#2908,.T.);
#4847 = ORIENTED_EDGE('',*,*,#4848,.T.);
#4848 = EDGE_CURVE('',#2911,#2876,#4849,.T.);
#4849 = LINE('',#4850,#4851);
#4850 = CARTESIAN_POINT('',(53.5,-29.,38.4));
#4851 = VECTOR('',#4852,1.);
#4852 = DIRECTION('',(-1.,-0.,-0.));
#4853 = ORIENTED_EDGE('',*,*,#2875,.T.);
#4854 = ORIENTED_EDGE('',*,*,#2851,.T.);
#4855 = ORIENTED_EDGE('',*,*,#2811,.T.);
#4856 = ORIENTED_EDGE('',*,*,#4857,.T.);
#4857 = EDGE_CURVE('',#2814,#2779,#4858,.T.);
#4858 = LINE('',#4859,#4860);
#4859 = CARTESIAN_POINT('',(53.5,-29.,38.4));
#4860 = VECTOR('',#4861,1.);
#4861 = DIRECTION('',(-1.,-0.,-0.));
#4862 = ORIENTED_EDGE('',*,*,#2778,.T.);
#4863 = ORIENTED_EDGE('',*,*,#2754,.T.);
#4864 = ORIENTED_EDGE('',*,*,#2714,.T.);
#4865 = ORIENTED_EDGE('',*,*,#4866,.T.);
#4866 = EDGE_CURVE('',#2717,#2682,#4867,.T.);
#4867 = LINE('',#4868,#4869);
#4868 = CARTESIAN_POINT('',(53.5,-29.,38.4));
#4869 = VECTOR('',#4870,1.);
#4870 = DIRECTION('',(-1.,-0.,-0.));
#4871 = ORIENTED_EDGE('',*,*,#2681,.T.);
#4872 = ORIENTED_EDGE('',*,*,#2657,.T.);
#4873 = ORIENTED_EDGE('',*,*,#2617,.T.);
#4874 = ORIENTED_EDGE('',*,*,#4875,.T.);
#4875 = EDGE_CURVE('',#2620,#2585,#4876,.T.);
#4876 = LINE('',#4877,#4878);
#4877 = CARTESIAN_POINT('',(53.5,-29.,38.4));
#4878 = VECTOR('',#4879,1.);
#4879 = DIRECTION('',(-1.,-0.,-0.));
#4880 = ORIENTED_EDGE('',*,*,#2584,.T.);
#4881 = ORIENTED_EDGE('',*,*,#2560,.T.);
#4882 = ORIENTED_EDGE('',*,*,#2520,.T.);
#4883 = ORIENTED_EDGE('',*,*,#4884,.T.);
#4884 = EDGE_CURVE('',#2523,#2488,#4885,.T.);
#4885 = LINE('',#4886,#4887);
#4886 = CARTESIAN_POINT('',(53.5,-29.,38.4));
#4887 = VECTOR('',#4888,1.);
#4888 = DIRECTION('',(-1.,-0.,-0.));
#4889 = ORIENTED_EDGE('',*,*,#2487,.T.);
#4890 = ORIENTED_EDGE('',*,*,#2463,.T.);
#4891 = ORIENTED_EDGE('',*,*,#2423,.T.);
#4892 = ORIENTED_EDGE('',*,*,#4893,.T.);
#4893 = EDGE_CURVE('',#2426,#2391,#4894,.T.);
#4894 = LINE('',#4895,#4896);
#4895 = CARTESIAN_POINT('',(53.5,-29.,38.4));
#4896 = VECTOR('',#4897,1.);
#4897 = DIRECTION('',(-1.,-0.,-0.));
#4898 = ORIENTED_EDGE('',*,*,#2390,.T.);
#4899 = ORIENTED_EDGE('',*,*,#2366,.T.);
#4900 = ORIENTED_EDGE('',*,*,#2326,.T.);
#4901 = ORIENTED_EDGE('',*,*,#4902,.T.);
#4902 = EDGE_CURVE('',#2329,#2294,#4903,.T.);
#4903 = LINE('',#4904,#4905);
#4904 = CARTESIAN_POINT('',(53.5,-29.,38.4));
#4905 = VECTOR('',#4906,1.);
#4906 = DIRECTION('',(-1.,-0.,-0.));
#4907 = ORIENTED_EDGE('',*,*,#2293,.T.);
#4908 = ORIENTED_EDGE('',*,*,#2269,.T.);
#4909 = ORIENTED_EDGE('',*,*,#2229,.T.);
#4910 = ORIENTED_EDGE('',*,*,#4911,.T.);
#4911 = EDGE_CURVE('',#2232,#2197,#4912,.T.);
#4912 = LINE('',#4913,#4914);
#4913 = CARTESIAN_POINT('',(53.5,-29.,38.4));
#4914 = VECTOR('',#4915,1.);
#4915 = DIRECTION('',(-1.,-0.,-0.));
#4916 = ORIENTED_EDGE('',*,*,#2196,.T.);
#4917 = ORIENTED_EDGE('',*,*,#2172,.T.);
#4918 = ORIENTED_EDGE('',*,*,#2132,.T.);
#4919 = ORIENTED_EDGE('',*,*,#4920,.T.);
#4920 = EDGE_CURVE('',#2135,#2100,#4921,.T.);
#4921 = LINE('',#4922,#4923);
#4922 = CARTESIAN_POINT('',(53.5,-29.,38.4));
#4923 = VECTOR('',#4924,1.);
#4924 = DIRECTION('',(-1.,-0.,-0.));
#4925 = ORIENTED_EDGE('',*,*,#2099,.T.);
#4926 = ORIENTED_EDGE('',*,*,#2075,.T.);
#4927 = ORIENTED_EDGE('',*,*,#2035,.T.);
#4928 = ORIENTED_EDGE('',*,*,#4929,.T.);
#4929 = EDGE_CURVE('',#2038,#2003,#4930,.T.);
#4930 = LINE('',#4931,#4932);
#4931 = CARTESIAN_POINT('',(53.5,-29.,38.4));
#4932 = VECTOR('',#4933,1.);
#4933 = DIRECTION('',(-1.,-0.,-0.));
#4934 = ORIENTED_EDGE('',*,*,#2002,.T.);
#4935 = ORIENTED_EDGE('',*,*,#1978,.T.);
#4936 = ORIENTED_EDGE('',*,*,#1938,.T.);
#4937 = ORIENTED_EDGE('',*,*,#4938,.T.);
#4938 = EDGE_CURVE('',#1941,#1906,#4939,.T.);
#4939 = LINE('',#4940,#4941);
#4940 = CARTESIAN_POINT('',(53.5,-29.,38.4));
#4941 = VECTOR('',#4942,1.);
#4942 = DIRECTION('',(-1.,-0.,-0.));
#4943 = ORIENTED_EDGE('',*,*,#1905,.T.);
#4944 = ORIENTED_EDGE('',*,*,#1881,.T.);
#4945 = ORIENTED_EDGE('',*,*,#1841,.T.);
#4946 = ORIENTED_EDGE('',*,*,#4947,.T.);
#4947 = EDGE_CURVE('',#1844,#1809,#4948,.T.);
#4948 = LINE('',#4949,#4950);
#4949 = CARTESIAN_POINT('',(53.5,-29.,38.4));
#4950 = VECTOR('',#4951,1.);
#4951 = DIRECTION('',(-1.,-0.,-0.));
#4952 = ORIENTED_EDGE('',*,*,#1808,.T.);
#4953 = ORIENTED_EDGE('',*,*,#1784,.T.);
#4954 = ORIENTED_EDGE('',*,*,#1744,.T.);
#4955 = ORIENTED_EDGE('',*,*,#4956,.T.);
#4956 = EDGE_CURVE('',#1747,#1712,#4957,.T.);
#4957 = LINE('',#4958,#4959);
#4958 = CARTESIAN_POINT('',(53.5,-29.,38.4));
#4959 = VECTOR('',#4960,1.);
#4960 = DIRECTION('',(-1.,-0.,-0.));
#4961 = ORIENTED_EDGE('',*,*,#1711,.T.);
#4962 = ORIENTED_EDGE('',*,*,#1687,.T.);
#4963 = ORIENTED_EDGE('',*,*,#1647,.T.);
#4964 = ORIENTED_EDGE('',*,*,#4965,.T.);
#4965 = EDGE_CURVE('',#1650,#1615,#4966,.T.);
#4966 = LINE('',#4967,#4968);
#4967 = CARTESIAN_POINT('',(53.5,-29.,38.4));
#4968 = VECTOR('',#4969,1.);
#4969 = DIRECTION('',(-1.,-0.,-0.));
#4970 = ORIENTED_EDGE('',*,*,#1614,.T.);
#4971 = ORIENTED_EDGE('',*,*,#1590,.T.);
#4972 = ORIENTED_EDGE('',*,*,#1550,.T.);
#4973 = ORIENTED_EDGE('',*,*,#4974,.T.);
#4974 = EDGE_CURVE('',#1553,#1518,#4975,.T.);
#4975 = LINE('',#4976,#4977);
#4976 = CARTESIAN_POINT('',(53.5,-29.,38.4));
#4977 = VECTOR('',#4978,1.);
#4978 = DIRECTION('',(-1.,-0.,-0.));
#4979 = ORIENTED_EDGE('',*,*,#1517,.T.);
#4980 = ORIENTED_EDGE('',*,*,#1493,.T.);
#4981 = ORIENTED_EDGE('',*,*,#1453,.T.);
#4982 = ORIENTED_EDGE('',*,*,#4983,.T.);
#4983 = EDGE_CURVE('',#1456,#4984,#4986,.T.);
#4984 = VERTEX_POINT('',#4985);
#4985 = CARTESIAN_POINT('',(-53.5,-29.,38.4));
#4986 = LINE('',#4987,#4988);
#4987 = CARTESIAN_POINT('',(53.5,-29.,38.4));
#4988 = VECTOR('',#4989,1.);
#4989 = DIRECTION('',(-1.,-0.,-0.));
#4990 = ORIENTED_EDGE('',*,*,#4991,.T.);
#4991 = EDGE_CURVE('',#4984,#4992,#4994,.T.);
#4992 = VERTEX_POINT('',#4993);
#4993 = CARTESIAN_POINT('',(-53.5,-22.5,38.4));
#4994 = LINE('',#4995,#4996);
#4995 = CARTESIAN_POINT('',(-53.5,5.95,38.4));
#4996 = VECTOR('',#4997,1.);
#4997 = DIRECTION('',(0.,1.,0.));
#4998 = ORIENTED_EDGE('',*,*,#4999,.F.);
#4999 = EDGE_CURVE('',#4814,#4992,#5000,.T.);
#5000 = LINE('',#5001,#5002);
#5001 = CARTESIAN_POINT('',(53.5,-22.5,38.4));
#5002 = VECTOR('',#5003,1.);
#5003 = DIRECTION('',(-1.,-0.,-0.));
#5004 = PLANE('',#5005);
#5005 = AXIS2_PLACEMENT_3D('',#5006,#5007,#5008);
#5006 = CARTESIAN_POINT('',(53.5,-29.,38.4));
#5007 = DIRECTION('',(0.,0.,-1.));
#5008 = DIRECTION('',(0.,1.,0.));
#5009 = ADVANCED_FACE('',(#5010),#5107,.F.);
#5010 = FACE_BOUND('',#5011,.F.);
#5011 = EDGE_LOOP('',(#5012,#5020,#5028,#5034,#5035,#5036,#5037,#5038,
    #5039,#5040,#5041,#5042,#5043,#5044,#5045,#5046,#5047,#5048,#5049,
    #5050,#5051,#5052,#5053,#5054,#5055,#5056,#5057,#5058,#5059,#5060,
    #5061,#5062,#5063,#5064,#5065,#5066,#5067,#5068,#5069,#5070,#5071,
    #5072,#5073,#5074,#5075,#5076,#5077,#5078,#5079,#5080,#5081,#5082,
    #5083,#5084,#5085,#5086,#5087,#5088,#5089,#5090,#5091,#5092,#5093,
    #5094,#5095,#5096,#5097,#5098,#5099,#5100,#5101,#5102,#5103,#5104,
    #5105,#5106));
#5012 = ORIENTED_EDGE('',*,*,#5013,.F.);
#5013 = EDGE_CURVE('',#5014,#4812,#5016,.T.);
#5014 = VERTEX_POINT('',#5015);
#5015 = CARTESIAN_POINT('',(53.5,-29.,19.4));
#5016 = LINE('',#5017,#5018);
#5017 = CARTESIAN_POINT('',(53.5,-29.,19.4));
#5018 = VECTOR('',#5019,1.);
#5019 = DIRECTION('',(0.,0.,1.));
#5020 = ORIENTED_EDGE('',*,*,#5021,.T.);
#5021 = EDGE_CURVE('',#5014,#5022,#5024,.T.);
#5022 = VERTEX_POINT('',#5023);
#5023 = CARTESIAN_POINT('',(-53.5,-29.,19.4));
#5024 = LINE('',#5025,#5026);
#5025 = CARTESIAN_POINT('',(53.5,-29.,19.4));
#5026 = VECTOR('',#5027,1.);
#5027 = DIRECTION('',(-1.,-0.,-0.));
#5028 = ORIENTED_EDGE('',*,*,#5029,.T.);
#5029 = EDGE_CURVE('',#5022,#4984,#5030,.T.);
#5030 = LINE('',#5031,#5032);
#5031 = CARTESIAN_POINT('',(-53.5,-29.,9.7));
#5032 = VECTOR('',#5033,1.);
#5033 = DIRECTION('',(0.,0.,1.));
#5034 = ORIENTED_EDGE('',*,*,#4983,.F.);
#5035 = ORIENTED_EDGE('',*,*,#1479,.T.);
#5036 = ORIENTED_EDGE('',*,*,#4507,.T.);
#5037 = ORIENTED_EDGE('',*,*,#1525,.F.);
#5038 = ORIENTED_EDGE('',*,*,#4974,.F.);
#5039 = ORIENTED_EDGE('',*,*,#1576,.T.);
#5040 = ORIENTED_EDGE('',*,*,#4524,.T.);
#5041 = ORIENTED_EDGE('',*,*,#1622,.F.);
#5042 = ORIENTED_EDGE('',*,*,#4965,.F.);
#5043 = ORIENTED_EDGE('',*,*,#1673,.T.);
#5044 = ORIENTED_EDGE('',*,*,#4541,.T.);
#5045 = ORIENTED_EDGE('',*,*,#1719,.F.);
#5046 = ORIENTED_EDGE('',*,*,#4956,.F.);
#5047 = ORIENTED_EDGE('',*,*,#1770,.T.);
#5048 = ORIENTED_EDGE('',*,*,#4558,.T.);
#5049 = ORIENTED_EDGE('',*,*,#1816,.F.);
#5050 = ORIENTED_EDGE('',*,*,#4947,.F.);
#5051 = ORIENTED_EDGE('',*,*,#1867,.T.);
#5052 = ORIENTED_EDGE('',*,*,#4575,.T.);
#5053 = ORIENTED_EDGE('',*,*,#1913,.F.);
#5054 = ORIENTED_EDGE('',*,*,#4938,.F.);
#5055 = ORIENTED_EDGE('',*,*,#1964,.T.);
#5056 = ORIENTED_EDGE('',*,*,#4592,.T.);
#5057 = ORIENTED_EDGE('',*,*,#2010,.F.);
#5058 = ORIENTED_EDGE('',*,*,#4929,.F.);
#5059 = ORIENTED_EDGE('',*,*,#2061,.T.);
#5060 = ORIENTED_EDGE('',*,*,#4609,.T.);
#5061 = ORIENTED_EDGE('',*,*,#2107,.F.);
#5062 = ORIENTED_EDGE('',*,*,#4920,.F.);
#5063 = ORIENTED_EDGE('',*,*,#2158,.T.);
#5064 = ORIENTED_EDGE('',*,*,#4626,.T.);
#5065 = ORIENTED_EDGE('',*,*,#2204,.F.);
#5066 = ORIENTED_EDGE('',*,*,#4911,.F.);
#5067 = ORIENTED_EDGE('',*,*,#2255,.T.);
#5068 = ORIENTED_EDGE('',*,*,#4643,.T.);
#5069 = ORIENTED_EDGE('',*,*,#2301,.F.);
#5070 = ORIENTED_EDGE('',*,*,#4902,.F.);
#5071 = ORIENTED_EDGE('',*,*,#2352,.T.);
#5072 = ORIENTED_EDGE('',*,*,#4660,.T.);
#5073 = ORIENTED_EDGE('',*,*,#2398,.F.);
#5074 = ORIENTED_EDGE('',*,*,#4893,.F.);
#5075 = ORIENTED_EDGE('',*,*,#2449,.T.);
#5076 = ORIENTED_EDGE('',*,*,#4677,.T.);
#5077 = ORIENTED_EDGE('',*,*,#2495,.F.);
#5078 = ORIENTED_EDGE('',*,*,#4884,.F.);
#5079 = ORIENTED_EDGE('',*,*,#2546,.T.);
#5080 = ORIENTED_EDGE('',*,*,#4694,.T.);
#5081 = ORIENTED_EDGE('',*,*,#2592,.F.);
#5082 = ORIENTED_EDGE('',*,*,#4875,.F.);
#5083 = ORIENTED_EDGE('',*,*,#2643,.T.);
#5084 = ORIENTED_EDGE('',*,*,#4711,.T.);
#5085 = ORIENTED_EDGE('',*,*,#2689,.F.);
#5086 = ORIENTED_EDGE('',*,*,#4866,.F.);
#5087 = ORIENTED_EDGE('',*,*,#2740,.T.);
#5088 = ORIENTED_EDGE('',*,*,#4728,.T.);
#5089 = ORIENTED_EDGE('',*,*,#2786,.F.);
#5090 = ORIENTED_EDGE('',*,*,#4857,.F.);
#5091 = ORIENTED_EDGE('',*,*,#2837,.T.);
#5092 = ORIENTED_EDGE('',*,*,#4745,.T.);
#5093 = ORIENTED_EDGE('',*,*,#2883,.F.);
#5094 = ORIENTED_EDGE('',*,*,#4848,.F.);
#5095 = ORIENTED_EDGE('',*,*,#2934,.T.);
#5096 = ORIENTED_EDGE('',*,*,#4762,.T.);
#5097 = ORIENTED_EDGE('',*,*,#2980,.F.);
#5098 = ORIENTED_EDGE('',*,*,#4839,.F.);
#5099 = ORIENTED_EDGE('',*,*,#3031,.T.);
#5100 = ORIENTED_EDGE('',*,*,#4779,.T.);
#5101 = ORIENTED_EDGE('',*,*,#3077,.F.);
#5102 = ORIENTED_EDGE('',*,*,#4830,.F.);
#5103 = ORIENTED_EDGE('',*,*,#3128,.T.);
#5104 = ORIENTED_EDGE('',*,*,#4796,.T.);
#5105 = ORIENTED_EDGE('',*,*,#3174,.F.);
#5106 = ORIENTED_EDGE('',*,*,#4821,.F.);
#5107 = PLANE('',#5108);
#5108 = AXIS2_PLACEMENT_3D('',#5109,#5110,#5111);
#5109 = CARTESIAN_POINT('',(53.5,-29.,19.4));
#5110 = DIRECTION('',(0.,1.,0.));
#5111 = DIRECTION('',(0.,0.,1.));
#5112 = ADVANCED_FACE('',(#5113),#5131,.F.);
#5113 = FACE_BOUND('',#5114,.F.);
#5114 = EDGE_LOOP('',(#5115,#5116,#5124,#5130));
#5115 = ORIENTED_EDGE('',*,*,#3239,.T.);
#5116 = ORIENTED_EDGE('',*,*,#5117,.T.);
#5117 = EDGE_CURVE('',#3232,#5118,#5120,.T.);
#5118 = VERTEX_POINT('',#5119);
#5119 = CARTESIAN_POINT('',(-45.75,40.9,11.6));
#5120 = LINE('',#5121,#5122);
#5121 = CARTESIAN_POINT('',(-45.75,-40.9,11.6));
#5122 = VECTOR('',#5123,1.);
#5123 = DIRECTION('',(0.,1.,-2.2E-16));
#5124 = ORIENTED_EDGE('',*,*,#5125,.T.);
#5125 = EDGE_CURVE('',#5118,#4405,#5126,.T.);
#5126 = LINE('',#5127,#5128);
#5127 = CARTESIAN_POINT('',(-45.75,40.9,5.8));
#5128 = VECTOR('',#5129,1.);
#5129 = DIRECTION('',(0.,0.,-1.));
#5130 = ORIENTED_EDGE('',*,*,#4404,.F.);
#5131 = PLANE('',#5132);
#5132 = AXIS2_PLACEMENT_3D('',#5133,#5134,#5135);
#5133 = CARTESIAN_POINT('',(-45.75,-40.9,11.6));
#5134 = DIRECTION('',(-1.,0.,0.));
#5135 = DIRECTION('',(-0.,-2.2E-16,-1.));
#5136 = ADVANCED_FACE('',(#5137),#5155,.F.);
#5137 = FACE_BOUND('',#5138,.F.);
#5138 = EDGE_LOOP('',(#5139,#5140,#5148,#5154));
#5139 = ORIENTED_EDGE('',*,*,#3231,.T.);
#5140 = ORIENTED_EDGE('',*,*,#5141,.T.);
#5141 = EDGE_CURVE('',#3224,#5142,#5144,.T.);
#5142 = VERTEX_POINT('',#5143);
#5143 = CARTESIAN_POINT('',(45.75,40.9,11.6));
#5144 = LINE('',#5145,#5146);
#5145 = CARTESIAN_POINT('',(45.75,-40.9,11.6));
#5146 = VECTOR('',#5147,1.);
#5147 = DIRECTION('',(0.,1.,-2.2E-16));
#5148 = ORIENTED_EDGE('',*,*,#5149,.T.);
#5149 = EDGE_CURVE('',#5142,#5118,#5150,.T.);
#5150 = LINE('',#5151,#5152);
#5151 = CARTESIAN_POINT('',(49.625,40.9,11.6));
#5152 = VECTOR('',#5153,1.);
#5153 = DIRECTION('',(-1.,0.,0.));
#5154 = ORIENTED_EDGE('',*,*,#5117,.F.);
#5155 = PLANE('',#5156);
#5156 = AXIS2_PLACEMENT_3D('',#5157,#5158,#5159);
#5157 = CARTESIAN_POINT('',(45.75,-40.9,11.6));
#5158 = DIRECTION('',(0.,2.2E-16,1.));
#5159 = DIRECTION('',(-1.,0.,0.));
#5160 = ADVANCED_FACE('',(#5161),#5172,.F.);
#5161 = FACE_BOUND('',#5162,.F.);
#5162 = EDGE_LOOP('',(#5163,#5164,#5165,#5171));
#5163 = ORIENTED_EDGE('',*,*,#3223,.T.);
#5164 = ORIENTED_EDGE('',*,*,#3271,.T.);
#5165 = ORIENTED_EDGE('',*,*,#5166,.T.);
#5166 = EDGE_CURVE('',#3264,#5142,#5167,.T.);
#5167 = LINE('',#5168,#5169);
#5168 = CARTESIAN_POINT('',(45.75,40.9,0.));
#5169 = VECTOR('',#5170,1.);
#5170 = DIRECTION('',(0.,0.,1.));
#5171 = ORIENTED_EDGE('',*,*,#5141,.F.);
#5172 = PLANE('',#5173);
#5173 = AXIS2_PLACEMENT_3D('',#5174,#5175,#5176);
#5174 = CARTESIAN_POINT('',(45.75,-40.9,0.));
#5175 = DIRECTION('',(1.,0.,0.));
#5176 = DIRECTION('',(-0.,2.2E-16,1.));
#5177 = ADVANCED_FACE('',(#5178),#5251,.F.);
#5178 = FACE_BOUND('',#5179,.F.);
#5179 = EDGE_LOOP('',(#5180,#5181,#5189,#5195,#5196,#5197,#5205,#5213,
    #5221,#5229,#5237,#5245));
#5180 = ORIENTED_EDGE('',*,*,#3253,.F.);
#5181 = ORIENTED_EDGE('',*,*,#5182,.T.);
#5182 = EDGE_CURVE('',#3254,#5183,#5185,.T.);
#5183 = VERTEX_POINT('',#5184);
#5184 = CARTESIAN_POINT('',(53.5,-40.9,19.4));
#5185 = LINE('',#5186,#5187);
#5186 = CARTESIAN_POINT('',(53.5,-40.9,0.));
#5187 = VECTOR('',#5188,1.);
#5188 = DIRECTION('',(0.,0.,1.));
#5189 = ORIENTED_EDGE('',*,*,#5190,.T.);
#5190 = EDGE_CURVE('',#5183,#5014,#5191,.T.);
#5191 = LINE('',#5192,#5193);
#5192 = CARTESIAN_POINT('',(53.5,-40.9,19.4));
#5193 = VECTOR('',#5194,1.);
#5194 = DIRECTION('',(0.,1.,0.));
#5195 = ORIENTED_EDGE('',*,*,#5013,.T.);
#5196 = ORIENTED_EDGE('',*,*,#4811,.T.);
#5197 = ORIENTED_EDGE('',*,*,#5198,.T.);
#5198 = EDGE_CURVE('',#4814,#5199,#5201,.T.);
#5199 = VERTEX_POINT('',#5200);
#5200 = CARTESIAN_POINT('',(53.5,-22.5,48.4));
#5201 = LINE('',#5202,#5203);
#5202 = CARTESIAN_POINT('',(53.5,-22.5,38.4));
#5203 = VECTOR('',#5204,1.);
#5204 = DIRECTION('',(0.,0.,1.));
#5205 = ORIENTED_EDGE('',*,*,#5206,.T.);
#5206 = EDGE_CURVE('',#5199,#5207,#5209,.T.);
#5207 = VERTEX_POINT('',#5208);
#5208 = CARTESIAN_POINT('',(53.5,22.5,48.4));
#5209 = LINE('',#5210,#5211);
#5210 = CARTESIAN_POINT('',(53.5,-22.5,48.4));
#5211 = VECTOR('',#5212,1.);
#5212 = DIRECTION('',(0.,1.,0.));
#5213 = ORIENTED_EDGE('',*,*,#5214,.T.);
#5214 = EDGE_CURVE('',#5207,#5215,#5217,.T.);
#5215 = VERTEX_POINT('',#5216);
#5216 = CARTESIAN_POINT('',(53.5,22.5,38.4));
#5217 = LINE('',#5218,#5219);
#5218 = CARTESIAN_POINT('',(53.5,22.5,48.4));
#5219 = VECTOR('',#5220,1.);
#5220 = DIRECTION('',(0.,0.,-1.));
#5221 = ORIENTED_EDGE('',*,*,#5222,.T.);
#5222 = EDGE_CURVE('',#5215,#5223,#5225,.T.);
#5223 = VERTEX_POINT('',#5224);
#5224 = CARTESIAN_POINT('',(53.5,29.,38.4));
#5225 = LINE('',#5226,#5227);
#5226 = CARTESIAN_POINT('',(53.5,22.5,38.4));
#5227 = VECTOR('',#5228,1.);
#5228 = DIRECTION('',(0.,1.,0.));
#5229 = ORIENTED_EDGE('',*,*,#5230,.T.);
#5230 = EDGE_CURVE('',#5223,#5231,#5233,.T.);
#5231 = VERTEX_POINT('',#5232);
#5232 = CARTESIAN_POINT('',(53.5,29.,19.4));
#5233 = LINE('',#5234,#5235);
#5234 = CARTESIAN_POINT('',(53.5,29.,38.4));
#5235 = VECTOR('',#5236,1.);
#5236 = DIRECTION('',(0.,0.,-1.));
#5237 = ORIENTED_EDGE('',*,*,#5238,.T.);
#5238 = EDGE_CURVE('',#5231,#5239,#5241,.T.);
#5239 = VERTEX_POINT('',#5240);
#5240 = CARTESIAN_POINT('',(53.5,40.9,19.4));
#5241 = LINE('',#5242,#5243);
#5242 = CARTESIAN_POINT('',(53.5,29.,19.4));
#5243 = VECTOR('',#5244,1.);
#5244 = DIRECTION('',(0.,1.,0.));
#5245 = ORIENTED_EDGE('',*,*,#5246,.F.);
#5246 = EDGE_CURVE('',#3256,#5239,#5247,.T.);
#5247 = LINE('',#5248,#5249);
#5248 = CARTESIAN_POINT('',(53.5,40.9,0.));
#5249 = VECTOR('',#5250,1.);
#5250 = DIRECTION('',(0.,0.,1.));
#5251 = PLANE('',#5252);
#5252 = AXIS2_PLACEMENT_3D('',#5253,#5254,#5255);
#5253 = CARTESIAN_POINT('',(53.5,-40.9,0.));
#5254 = DIRECTION('',(-1.,0.,0.));
#5255 = DIRECTION('',(0.,1.,0.));
#5256 = ADVANCED_FACE('',(#5257),#5298,.F.);
#5257 = FACE_BOUND('',#5258,.F.);
#5258 = EDGE_LOOP('',(#5259,#5260,#5268,#5274,#5275,#5276,#5284,#5292));
#5259 = ORIENTED_EDGE('',*,*,#4428,.F.);
#5260 = ORIENTED_EDGE('',*,*,#5261,.T.);
#5261 = EDGE_CURVE('',#4421,#5262,#5264,.T.);
#5262 = VERTEX_POINT('',#5263);
#5263 = CARTESIAN_POINT('',(-53.5,-40.9,19.4));
#5264 = LINE('',#5265,#5266);
#5265 = CARTESIAN_POINT('',(-53.5,-40.9,0.));
#5266 = VECTOR('',#5267,1.);
#5267 = DIRECTION('',(0.,0.,1.));
#5268 = ORIENTED_EDGE('',*,*,#5269,.F.);
#5269 = EDGE_CURVE('',#5183,#5262,#5270,.T.);
#5270 = LINE('',#5271,#5272);
#5271 = CARTESIAN_POINT('',(53.5,-40.9,19.4));
#5272 = VECTOR('',#5273,1.);
#5273 = DIRECTION('',(-1.,-0.,-0.));
#5274 = ORIENTED_EDGE('',*,*,#5182,.F.);
#5275 = ORIENTED_EDGE('',*,*,#3295,.F.);
#5276 = ORIENTED_EDGE('',*,*,#5277,.T.);
#5277 = EDGE_CURVE('',#3288,#5278,#5280,.T.);
#5278 = VERTEX_POINT('',#5279);
#5279 = CARTESIAN_POINT('',(45.75,-40.9,11.6));
#5280 = LINE('',#5281,#5282);
#5281 = CARTESIAN_POINT('',(45.75,-40.9,0.));
#5282 = VECTOR('',#5283,1.);
#5283 = DIRECTION('',(0.,0.,1.));
#5284 = ORIENTED_EDGE('',*,*,#5285,.T.);
#5285 = EDGE_CURVE('',#5278,#5286,#5288,.T.);
#5286 = VERTEX_POINT('',#5287);
#5287 = CARTESIAN_POINT('',(-45.75,-40.9,11.6));
#5288 = LINE('',#5289,#5290);
#5289 = CARTESIAN_POINT('',(45.75,-40.9,11.6));
#5290 = VECTOR('',#5291,1.);
#5291 = DIRECTION('',(-1.,0.,0.));
#5292 = ORIENTED_EDGE('',*,*,#5293,.T.);
#5293 = EDGE_CURVE('',#5286,#4429,#5294,.T.);
#5294 = LINE('',#5295,#5296);
#5295 = CARTESIAN_POINT('',(-45.75,-40.9,11.6));
#5296 = VECTOR('',#5297,1.);
#5297 = DIRECTION('',(0.,0.,-1.));
#5298 = PLANE('',#5299);
#5299 = AXIS2_PLACEMENT_3D('',#5300,#5301,#5302);
#5300 = CARTESIAN_POINT('',(-53.5,-40.9,0.));
#5301 = DIRECTION('',(0.,1.,0.));
#5302 = DIRECTION('',(1.,0.,0.));
#5303 = ADVANCED_FACE('',(#5304),#5315,.F.);
#5304 = FACE_BOUND('',#5305,.F.);
#5305 = EDGE_LOOP('',(#5306,#5307,#5308,#5309));
#5306 = ORIENTED_EDGE('',*,*,#5277,.F.);
#5307 = ORIENTED_EDGE('',*,*,#3287,.T.);
#5308 = ORIENTED_EDGE('',*,*,#3342,.T.);
#5309 = ORIENTED_EDGE('',*,*,#5310,.F.);
#5310 = EDGE_CURVE('',#5278,#3335,#5311,.T.);
#5311 = LINE('',#5312,#5313);
#5312 = CARTESIAN_POINT('',(45.75,-40.9,11.6));
#5313 = VECTOR('',#5314,1.);
#5314 = DIRECTION('',(0.,1.,-2.2E-16));
#5315 = PLANE('',#5316);
#5316 = AXIS2_PLACEMENT_3D('',#5317,#5318,#5319);
#5317 = CARTESIAN_POINT('',(45.75,-40.9,0.));
#5318 = DIRECTION('',(1.,0.,0.));
#5319 = DIRECTION('',(-0.,2.2E-16,1.));
#5320 = ADVANCED_FACE('',(#5321),#5343,.F.);
#5321 = FACE_BOUND('',#5322,.F.);
#5322 = EDGE_LOOP('',(#5323,#5324,#5325,#5333,#5339,#5340,#5341,#5342));
#5323 = ORIENTED_EDGE('',*,*,#3263,.F.);
#5324 = ORIENTED_EDGE('',*,*,#5246,.T.);
#5325 = ORIENTED_EDGE('',*,*,#5326,.T.);
#5326 = EDGE_CURVE('',#5239,#5327,#5329,.T.);
#5327 = VERTEX_POINT('',#5328);
#5328 = CARTESIAN_POINT('',(-53.5,40.9,19.4));
#5329 = LINE('',#5330,#5331);
#5330 = CARTESIAN_POINT('',(53.5,40.9,19.4));
#5331 = VECTOR('',#5332,1.);
#5332 = DIRECTION('',(-1.,-0.,-0.));
#5333 = ORIENTED_EDGE('',*,*,#5334,.F.);
#5334 = EDGE_CURVE('',#4413,#5327,#5335,.T.);
#5335 = LINE('',#5336,#5337);
#5336 = CARTESIAN_POINT('',(-53.5,40.9,0.));
#5337 = VECTOR('',#5338,1.);
#5338 = DIRECTION('',(0.,0.,1.));
#5339 = ORIENTED_EDGE('',*,*,#4412,.F.);
#5340 = ORIENTED_EDGE('',*,*,#5125,.F.);
#5341 = ORIENTED_EDGE('',*,*,#5149,.F.);
#5342 = ORIENTED_EDGE('',*,*,#5166,.F.);
#5343 = PLANE('',#5344);
#5344 = AXIS2_PLACEMENT_3D('',#5345,#5346,#5347);
#5345 = CARTESIAN_POINT('',(53.5,40.9,0.));
#5346 = DIRECTION('',(0.,-1.,0.));
#5347 = DIRECTION('',(-1.,0.,0.));
#5348 = ADVANCED_FACE('',(#5349),#5360,.F.);
#5349 = FACE_BOUND('',#5350,.F.);
#5350 = EDGE_LOOP('',(#5351,#5352,#5353,#5354));
#5351 = ORIENTED_EDGE('',*,*,#5285,.F.);
#5352 = ORIENTED_EDGE('',*,*,#5310,.T.);
#5353 = ORIENTED_EDGE('',*,*,#3334,.T.);
#5354 = ORIENTED_EDGE('',*,*,#5355,.F.);
#5355 = EDGE_CURVE('',#5286,#3327,#5356,.T.);
#5356 = LINE('',#5357,#5358);
#5357 = CARTESIAN_POINT('',(-45.75,-40.9,11.6));
#5358 = VECTOR('',#5359,1.);
#5359 = DIRECTION('',(0.,1.,-2.2E-16));
#5360 = PLANE('',#5361);
#5361 = AXIS2_PLACEMENT_3D('',#5362,#5363,#5364);
#5362 = CARTESIAN_POINT('',(45.75,-40.9,11.6));
#5363 = DIRECTION('',(0.,2.2E-16,1.));
#5364 = DIRECTION('',(-1.,0.,0.));
#5365 = ADVANCED_FACE('',(#5366),#5372,.F.);
#5366 = FACE_BOUND('',#5367,.F.);
#5367 = EDGE_LOOP('',(#5368,#5369,#5370,#5371));
#5368 = ORIENTED_EDGE('',*,*,#5293,.F.);
#5369 = ORIENTED_EDGE('',*,*,#5355,.T.);
#5370 = ORIENTED_EDGE('',*,*,#3326,.T.);
#5371 = ORIENTED_EDGE('',*,*,#4436,.F.);
#5372 = PLANE('',#5373);
#5373 = AXIS2_PLACEMENT_3D('',#5374,#5375,#5376);
#5374 = CARTESIAN_POINT('',(-45.75,-40.9,11.6));
#5375 = DIRECTION('',(-1.,0.,0.));
#5376 = DIRECTION('',(-0.,-2.2E-16,-1.));
#5377 = ADVANCED_FACE('',(#5378),#5412,.F.);
#5378 = FACE_BOUND('',#5379,.F.);
#5379 = EDGE_LOOP('',(#5380,#5390,#5398,#5404,#5405,#5406));
#5380 = ORIENTED_EDGE('',*,*,#5381,.F.);
#5381 = EDGE_CURVE('',#5382,#5384,#5386,.T.);
#5382 = VERTEX_POINT('',#5383);
#5383 = CARTESIAN_POINT('',(-50.,29.,38.4));
#5384 = VERTEX_POINT('',#5385);
#5385 = CARTESIAN_POINT('',(-50.,25.,38.4));
#5386 = LINE('',#5387,#5388);
#5387 = CARTESIAN_POINT('',(-50.,29.,38.4));
#5388 = VECTOR('',#5389,1.);
#5389 = DIRECTION('',(0.,-1.,0.));
#5390 = ORIENTED_EDGE('',*,*,#5391,.T.);
#5391 = EDGE_CURVE('',#5382,#5392,#5394,.T.);
#5392 = VERTEX_POINT('',#5393);
#5393 = CARTESIAN_POINT('',(-50.,29.,31.4));
#5394 = LINE('',#5395,#5396);
#5395 = CARTESIAN_POINT('',(-50.,29.,38.4));
#5396 = VECTOR('',#5397,1.);
#5397 = DIRECTION('',(-0.,-0.,-1.));
#5398 = ORIENTED_EDGE('',*,*,#5399,.T.);
#5399 = EDGE_CURVE('',#5392,#3971,#5400,.T.);
#5400 = LINE('',#5401,#5402);
#5401 = CARTESIAN_POINT('',(-50.,29.,31.4));
#5402 = VECTOR('',#5403,1.);
#5403 = DIRECTION('',(0.,-1.,0.));
#5404 = ORIENTED_EDGE('',*,*,#3970,.T.);
#5405 = ORIENTED_EDGE('',*,*,#3937,.T.);
#5406 = ORIENTED_EDGE('',*,*,#5407,.F.);
#5407 = EDGE_CURVE('',#5384,#3930,#5408,.T.);
#5408 = LINE('',#5409,#5410);
#5409 = CARTESIAN_POINT('',(-50.,25.,38.4));
#5410 = VECTOR('',#5411,1.);
#5411 = DIRECTION('',(-0.,-0.,-1.));
#5412 = PLANE('',#5413);
#5413 = AXIS2_PLACEMENT_3D('',#5414,#5415,#5416);
#5414 = CARTESIAN_POINT('',(-50.,29.,38.4));
#5415 = DIRECTION('',(-1.,0.,0.));
#5416 = DIRECTION('',(0.,-1.,0.));
#5417 = ADVANCED_FACE('',(#5418),#5436,.F.);
#5418 = FACE_BOUND('',#5419,.F.);
#5419 = EDGE_LOOP('',(#5420,#5428,#5429,#5430));
#5420 = ORIENTED_EDGE('',*,*,#5421,.F.);
#5421 = EDGE_CURVE('',#5384,#5422,#5424,.T.);
#5422 = VERTEX_POINT('',#5423);
#5423 = CARTESIAN_POINT('',(-47.,25.,38.4));
#5424 = LINE('',#5425,#5426);
#5425 = CARTESIAN_POINT('',(-50.,25.,38.4));
#5426 = VECTOR('',#5427,1.);
#5427 = DIRECTION('',(1.,0.,0.));
#5428 = ORIENTED_EDGE('',*,*,#5407,.T.);
#5429 = ORIENTED_EDGE('',*,*,#3929,.T.);
#5430 = ORIENTED_EDGE('',*,*,#5431,.F.);
#5431 = EDGE_CURVE('',#5422,#3922,#5432,.T.);
#5432 = LINE('',#5433,#5434);
#5433 = CARTESIAN_POINT('',(-47.,25.,38.4));
#5434 = VECTOR('',#5435,1.);
#5435 = DIRECTION('',(-0.,-0.,-1.));
#5436 = PLANE('',#5437);
#5437 = AXIS2_PLACEMENT_3D('',#5438,#5439,#5440);
#5438 = CARTESIAN_POINT('',(-50.,25.,38.4));
#5439 = DIRECTION('',(0.,-1.,0.));
#5440 = DIRECTION('',(1.,0.,0.));
#5441 = ADVANCED_FACE('',(#5442),#5469,.F.);
#5442 = FACE_BOUND('',#5443,.F.);
#5443 = EDGE_LOOP('',(#5444,#5452,#5453,#5454,#5455,#5463));
#5444 = ORIENTED_EDGE('',*,*,#5445,.F.);
#5445 = EDGE_CURVE('',#5422,#5446,#5448,.T.);
#5446 = VERTEX_POINT('',#5447);
#5447 = CARTESIAN_POINT('',(-47.,29.,38.4));
#5448 = LINE('',#5449,#5450);
#5449 = CARTESIAN_POINT('',(-47.,25.,38.4));
#5450 = VECTOR('',#5451,1.);
#5451 = DIRECTION('',(0.,1.,0.));
#5452 = ORIENTED_EDGE('',*,*,#5431,.T.);
#5453 = ORIENTED_EDGE('',*,*,#3921,.T.);
#5454 = ORIENTED_EDGE('',*,*,#3986,.T.);
#5455 = ORIENTED_EDGE('',*,*,#5456,.T.);
#5456 = EDGE_CURVE('',#3979,#5457,#5459,.T.);
#5457 = VERTEX_POINT('',#5458);
#5458 = CARTESIAN_POINT('',(-47.,29.,31.4));
#5459 = LINE('',#5460,#5461);
#5460 = CARTESIAN_POINT('',(-47.,25.,31.4));
#5461 = VECTOR('',#5462,1.);
#5462 = DIRECTION('',(0.,1.,0.));
#5463 = ORIENTED_EDGE('',*,*,#5464,.F.);
#5464 = EDGE_CURVE('',#5446,#5457,#5465,.T.);
#5465 = LINE('',#5466,#5467);
#5466 = CARTESIAN_POINT('',(-47.,29.,38.4));
#5467 = VECTOR('',#5468,1.);
#5468 = DIRECTION('',(-0.,-0.,-1.));
#5469 = PLANE('',#5470);
#5470 = AXIS2_PLACEMENT_3D('',#5471,#5472,#5473);
#5471 = CARTESIAN_POINT('',(-47.,25.,38.4));
#5472 = DIRECTION('',(1.,0.,0.));
#5473 = DIRECTION('',(0.,1.,0.));
#5474 = ADVANCED_FACE('',(#5475),#5509,.F.);
#5475 = FACE_BOUND('',#5476,.F.);
#5476 = EDGE_LOOP('',(#5477,#5487,#5495,#5501,#5502,#5503));
#5477 = ORIENTED_EDGE('',*,*,#5478,.F.);
#5478 = EDGE_CURVE('',#5479,#5481,#5483,.T.);
#5479 = VERTEX_POINT('',#5480);
#5480 = CARTESIAN_POINT('',(-44.29411764705,29.,38.4));
#5481 = VERTEX_POINT('',#5482);
#5482 = CARTESIAN_POINT('',(-44.29411764705,25.,38.4));
#5483 = LINE('',#5484,#5485);
#5484 = CARTESIAN_POINT('',(-44.29411764705,29.,38.4));
#5485 = VECTOR('',#5486,1.);
#5486 = DIRECTION('',(0.,-1.,0.));
#5487 = ORIENTED_EDGE('',*,*,#5488,.T.);
#5488 = EDGE_CURVE('',#5479,#5489,#5491,.T.);
#5489 = VERTEX_POINT('',#5490);
#5490 = CARTESIAN_POINT('',(-44.29411764705,29.,31.4));
#5491 = LINE('',#5492,#5493);
#5492 = CARTESIAN_POINT('',(-44.29411764705,29.,38.4));
#5493 = VECTOR('',#5494,1.);
#5494 = DIRECTION('',(-0.,-0.,-1.));
#5495 = ORIENTED_EDGE('',*,*,#5496,.T.);
#5496 = EDGE_CURVE('',#5489,#3994,#5497,.T.);
#5497 = LINE('',#5498,#5499);
#5498 = CARTESIAN_POINT('',(-44.29411764705,29.,31.4));
#5499 = VECTOR('',#5500,1.);
#5500 = DIRECTION('',(0.,-1.,0.));
#5501 = ORIENTED_EDGE('',*,*,#3993,.T.);
#5502 = ORIENTED_EDGE('',*,*,#3905,.T.);
#5503 = ORIENTED_EDGE('',*,*,#5504,.F.);
#5504 = EDGE_CURVE('',#5481,#3898,#5505,.T.);
#5505 = LINE('',#5506,#5507);
#5506 = CARTESIAN_POINT('',(-44.29411764705,25.,38.4));
#5507 = VECTOR('',#5508,1.);
#5508 = DIRECTION('',(-0.,-0.,-1.));
#5509 = PLANE('',#5510);
#5510 = AXIS2_PLACEMENT_3D('',#5511,#5512,#5513);
#5511 = CARTESIAN_POINT('',(-44.29411764705,29.,38.4));
#5512 = DIRECTION('',(-1.,0.,0.));
#5513 = DIRECTION('',(0.,-1.,0.));
#5514 = ADVANCED_FACE('',(#5515),#5533,.F.);
#5515 = FACE_BOUND('',#5516,.F.);
#5516 = EDGE_LOOP('',(#5517,#5525,#5526,#5527));
#5517 = ORIENTED_EDGE('',*,*,#5518,.F.);
#5518 = EDGE_CURVE('',#5481,#5519,#5521,.T.);
#5519 = VERTEX_POINT('',#5520);
#5520 = CARTESIAN_POINT('',(-41.29411764705,25.,38.4));
#5521 = LINE('',#5522,#5523);
#5522 = CARTESIAN_POINT('',(-44.29411764705,25.,38.4));
#5523 = VECTOR('',#5524,1.);
#5524 = DIRECTION('',(1.,0.,0.));
#5525 = ORIENTED_EDGE('',*,*,#5504,.T.);
#5526 = ORIENTED_EDGE('',*,*,#3897,.T.);
#5527 = ORIENTED_EDGE('',*,*,#5528,.F.);
#5528 = EDGE_CURVE('',#5519,#3890,#5529,.T.);
#5529 = LINE('',#5530,#5531);
#5530 = CARTESIAN_POINT('',(-41.29411764705,25.,38.4));
#5531 = VECTOR('',#5532,1.);
#5532 = DIRECTION('',(-0.,-0.,-1.));
#5533 = PLANE('',#5534);
#5534 = AXIS2_PLACEMENT_3D('',#5535,#5536,#5537);
#5535 = CARTESIAN_POINT('',(-44.29411764705,25.,38.4));
#5536 = DIRECTION('',(0.,-1.,0.));
#5537 = DIRECTION('',(1.,0.,0.));
#5538 = ADVANCED_FACE('',(#5539),#5566,.F.);
#5539 = FACE_BOUND('',#5540,.F.);
#5540 = EDGE_LOOP('',(#5541,#5549,#5550,#5551,#5552,#5560));
#5541 = ORIENTED_EDGE('',*,*,#5542,.F.);
#5542 = EDGE_CURVE('',#5519,#5543,#5545,.T.);
#5543 = VERTEX_POINT('',#5544);
#5544 = CARTESIAN_POINT('',(-41.29411764705,29.,38.4));
#5545 = LINE('',#5546,#5547);
#5546 = CARTESIAN_POINT('',(-41.29411764705,25.,38.4));
#5547 = VECTOR('',#5548,1.);
#5548 = DIRECTION('',(0.,1.,0.));
#5549 = ORIENTED_EDGE('',*,*,#5528,.T.);
#5550 = ORIENTED_EDGE('',*,*,#3889,.T.);
#5551 = ORIENTED_EDGE('',*,*,#4009,.T.);
#5552 = ORIENTED_EDGE('',*,*,#5553,.T.);
#5553 = EDGE_CURVE('',#4002,#5554,#5556,.T.);
#5554 = VERTEX_POINT('',#5555);
#5555 = CARTESIAN_POINT('',(-41.29411764705,29.,31.4));
#5556 = LINE('',#5557,#5558);
#5557 = CARTESIAN_POINT('',(-41.29411764705,25.,31.4));
#5558 = VECTOR('',#5559,1.);
#5559 = DIRECTION('',(0.,1.,0.));
#5560 = ORIENTED_EDGE('',*,*,#5561,.F.);
#5561 = EDGE_CURVE('',#5543,#5554,#5562,.T.);
#5562 = LINE('',#5563,#5564);
#5563 = CARTESIAN_POINT('',(-41.29411764705,29.,38.4));
#5564 = VECTOR('',#5565,1.);
#5565 = DIRECTION('',(-0.,-0.,-1.));
#5566 = PLANE('',#5567);
#5567 = AXIS2_PLACEMENT_3D('',#5568,#5569,#5570);
#5568 = CARTESIAN_POINT('',(-41.29411764705,25.,38.4));
#5569 = DIRECTION('',(1.,0.,0.));
#5570 = DIRECTION('',(0.,1.,0.));
#5571 = ADVANCED_FACE('',(#5572),#5606,.F.);
#5572 = FACE_BOUND('',#5573,.F.);
#5573 = EDGE_LOOP('',(#5574,#5584,#5592,#5598,#5599,#5600));
#5574 = ORIENTED_EDGE('',*,*,#5575,.F.);
#5575 = EDGE_CURVE('',#5576,#5578,#5580,.T.);
#5576 = VERTEX_POINT('',#5577);
#5577 = CARTESIAN_POINT('',(-38.58823529411,29.,38.4));
#5578 = VERTEX_POINT('',#5579);
#5579 = CARTESIAN_POINT('',(-38.58823529411,25.,38.4));
#5580 = LINE('',#5581,#5582);
#5581 = CARTESIAN_POINT('',(-38.58823529411,29.,38.4));
#5582 = VECTOR('',#5583,1.);
#5583 = DIRECTION('',(0.,-1.,0.));
#5584 = ORIENTED_EDGE('',*,*,#5585,.T.);
#5585 = EDGE_CURVE('',#5576,#5586,#5588,.T.);
#5586 = VERTEX_POINT('',#5587);
#5587 = CARTESIAN_POINT('',(-38.58823529411,29.,31.4));
#5588 = LINE('',#5589,#5590);
#5589 = CARTESIAN_POINT('',(-38.58823529411,29.,38.4));
#5590 = VECTOR('',#5591,1.);
#5591 = DIRECTION('',(-0.,-0.,-1.));
#5592 = ORIENTED_EDGE('',*,*,#5593,.T.);
#5593 = EDGE_CURVE('',#5586,#4017,#5594,.T.);
#5594 = LINE('',#5595,#5596);
#5595 = CARTESIAN_POINT('',(-38.58823529411,29.,31.4));
#5596 = VECTOR('',#5597,1.);
#5597 = DIRECTION('',(0.,-1.,0.));
#5598 = ORIENTED_EDGE('',*,*,#4016,.T.);
#5599 = ORIENTED_EDGE('',*,*,#3873,.T.);
#5600 = ORIENTED_EDGE('',*,*,#5601,.F.);
#5601 = EDGE_CURVE('',#5578,#3866,#5602,.T.);
#5602 = LINE('',#5603,#5604);
#5603 = CARTESIAN_POINT('',(-38.58823529411,25.,38.4));
#5604 = VECTOR('',#5605,1.);
#5605 = DIRECTION('',(-0.,-0.,-1.));
#5606 = PLANE('',#5607);
#5607 = AXIS2_PLACEMENT_3D('',#5608,#5609,#5610);
#5608 = CARTESIAN_POINT('',(-38.58823529411,29.,38.4));
#5609 = DIRECTION('',(-1.,0.,0.));
#5610 = DIRECTION('',(0.,-1.,0.));
#5611 = ADVANCED_FACE('',(#5612),#5630,.F.);
#5612 = FACE_BOUND('',#5613,.F.);
#5613 = EDGE_LOOP('',(#5614,#5622,#5623,#5624));
#5614 = ORIENTED_EDGE('',*,*,#5615,.F.);
#5615 = EDGE_CURVE('',#5578,#5616,#5618,.T.);
#5616 = VERTEX_POINT('',#5617);
#5617 = CARTESIAN_POINT('',(-35.58823529411,25.,38.4));
#5618 = LINE('',#5619,#5620);
#5619 = CARTESIAN_POINT('',(-38.58823529411,25.,38.4));
#5620 = VECTOR('',#5621,1.);
#5621 = DIRECTION('',(1.,0.,0.));
#5622 = ORIENTED_EDGE('',*,*,#5601,.T.);
#5623 = ORIENTED_EDGE('',*,*,#3865,.T.);
#5624 = ORIENTED_EDGE('',*,*,#5625,.F.);
#5625 = EDGE_CURVE('',#5616,#3858,#5626,.T.);
#5626 = LINE('',#5627,#5628);
#5627 = CARTESIAN_POINT('',(-35.58823529411,25.,38.4));
#5628 = VECTOR('',#5629,1.);
#5629 = DIRECTION('',(-0.,-0.,-1.));
#5630 = PLANE('',#5631);
#5631 = AXIS2_PLACEMENT_3D('',#5632,#5633,#5634);
#5632 = CARTESIAN_POINT('',(-38.58823529411,25.,38.4));
#5633 = DIRECTION('',(0.,-1.,0.));
#5634 = DIRECTION('',(1.,0.,0.));
#5635 = ADVANCED_FACE('',(#5636),#5663,.F.);
#5636 = FACE_BOUND('',#5637,.F.);
#5637 = EDGE_LOOP('',(#5638,#5646,#5647,#5648,#5649,#5657));
#5638 = ORIENTED_EDGE('',*,*,#5639,.F.);
#5639 = EDGE_CURVE('',#5616,#5640,#5642,.T.);
#5640 = VERTEX_POINT('',#5641);
#5641 = CARTESIAN_POINT('',(-35.58823529411,29.,38.4));
#5642 = LINE('',#5643,#5644);
#5643 = CARTESIAN_POINT('',(-35.58823529411,25.,38.4));
#5644 = VECTOR('',#5645,1.);
#5645 = DIRECTION('',(0.,1.,0.));
#5646 = ORIENTED_EDGE('',*,*,#5625,.T.);
#5647 = ORIENTED_EDGE('',*,*,#3857,.T.);
#5648 = ORIENTED_EDGE('',*,*,#4032,.T.);
#5649 = ORIENTED_EDGE('',*,*,#5650,.T.);
#5650 = EDGE_CURVE('',#4025,#5651,#5653,.T.);
#5651 = VERTEX_POINT('',#5652);
#5652 = CARTESIAN_POINT('',(-35.58823529411,29.,31.4));
#5653 = LINE('',#5654,#5655);
#5654 = CARTESIAN_POINT('',(-35.58823529411,25.,31.4));
#5655 = VECTOR('',#5656,1.);
#5656 = DIRECTION('',(0.,1.,0.));
#5657 = ORIENTED_EDGE('',*,*,#5658,.F.);
#5658 = EDGE_CURVE('',#5640,#5651,#5659,.T.);
#5659 = LINE('',#5660,#5661);
#5660 = CARTESIAN_POINT('',(-35.58823529411,29.,38.4));
#5661 = VECTOR('',#5662,1.);
#5662 = DIRECTION('',(-0.,-0.,-1.));
#5663 = PLANE('',#5664);
#5664 = AXIS2_PLACEMENT_3D('',#5665,#5666,#5667);
#5665 = CARTESIAN_POINT('',(-35.58823529411,25.,38.4));
#5666 = DIRECTION('',(1.,0.,0.));
#5667 = DIRECTION('',(0.,1.,0.));
#5668 = ADVANCED_FACE('',(#5669),#5703,.F.);
#5669 = FACE_BOUND('',#5670,.F.);
#5670 = EDGE_LOOP('',(#5671,#5681,#5689,#5695,#5696,#5697));
#5671 = ORIENTED_EDGE('',*,*,#5672,.F.);
#5672 = EDGE_CURVE('',#5673,#5675,#5677,.T.);
#5673 = VERTEX_POINT('',#5674);
#5674 = CARTESIAN_POINT('',(-32.88235294117,29.,38.4));
#5675 = VERTEX_POINT('',#5676);
#5676 = CARTESIAN_POINT('',(-32.88235294117,25.,38.4));
#5677 = LINE('',#5678,#5679);
#5678 = CARTESIAN_POINT('',(-32.88235294117,29.,38.4));
#5679 = VECTOR('',#5680,1.);
#5680 = DIRECTION('',(0.,-1.,0.));
#5681 = ORIENTED_EDGE('',*,*,#5682,.T.);
#5682 = EDGE_CURVE('',#5673,#5683,#5685,.T.);
#5683 = VERTEX_POINT('',#5684);
#5684 = CARTESIAN_POINT('',(-32.88235294117,29.,31.4));
#5685 = LINE('',#5686,#5687);
#5686 = CARTESIAN_POINT('',(-32.88235294117,29.,38.4));
#5687 = VECTOR('',#5688,1.);
#5688 = DIRECTION('',(-0.,-0.,-1.));
#5689 = ORIENTED_EDGE('',*,*,#5690,.T.);
#5690 = EDGE_CURVE('',#5683,#4040,#5691,.T.);
#5691 = LINE('',#5692,#5693);
#5692 = CARTESIAN_POINT('',(-32.88235294117,29.,31.4));
#5693 = VECTOR('',#5694,1.);
#5694 = DIRECTION('',(0.,-1.,0.));
#5695 = ORIENTED_EDGE('',*,*,#4039,.T.);
#5696 = ORIENTED_EDGE('',*,*,#3841,.T.);
#5697 = ORIENTED_EDGE('',*,*,#5698,.F.);
#5698 = EDGE_CURVE('',#5675,#3834,#5699,.T.);
#5699 = LINE('',#5700,#5701);
#5700 = CARTESIAN_POINT('',(-32.88235294117,25.,38.4));
#5701 = VECTOR('',#5702,1.);
#5702 = DIRECTION('',(-0.,-0.,-1.));
#5703 = PLANE('',#5704);
#5704 = AXIS2_PLACEMENT_3D('',#5705,#5706,#5707);
#5705 = CARTESIAN_POINT('',(-32.88235294117,29.,38.4));
#5706 = DIRECTION('',(-1.,0.,0.));
#5707 = DIRECTION('',(0.,-1.,0.));
#5708 = ADVANCED_FACE('',(#5709),#5727,.F.);
#5709 = FACE_BOUND('',#5710,.F.);
#5710 = EDGE_LOOP('',(#5711,#5719,#5720,#5721));
#5711 = ORIENTED_EDGE('',*,*,#5712,.F.);
#5712 = EDGE_CURVE('',#5675,#5713,#5715,.T.);
#5713 = VERTEX_POINT('',#5714);
#5714 = CARTESIAN_POINT('',(-29.88235294117,25.,38.4));
#5715 = LINE('',#5716,#5717);
#5716 = CARTESIAN_POINT('',(-32.88235294117,25.,38.4));
#5717 = VECTOR('',#5718,1.);
#5718 = DIRECTION('',(1.,0.,0.));
#5719 = ORIENTED_EDGE('',*,*,#5698,.T.);
#5720 = ORIENTED_EDGE('',*,*,#3833,.T.);
#5721 = ORIENTED_EDGE('',*,*,#5722,.F.);
#5722 = EDGE_CURVE('',#5713,#3826,#5723,.T.);
#5723 = LINE('',#5724,#5725);
#5724 = CARTESIAN_POINT('',(-29.88235294117,25.,38.4));
#5725 = VECTOR('',#5726,1.);
#5726 = DIRECTION('',(-0.,-0.,-1.));
#5727 = PLANE('',#5728);
#5728 = AXIS2_PLACEMENT_3D('',#5729,#5730,#5731);
#5729 = CARTESIAN_POINT('',(-32.88235294117,25.,38.4));
#5730 = DIRECTION('',(0.,-1.,0.));
#5731 = DIRECTION('',(1.,0.,0.));
#5732 = ADVANCED_FACE('',(#5733),#5760,.F.);
#5733 = FACE_BOUND('',#5734,.F.);
#5734 = EDGE_LOOP('',(#5735,#5743,#5744,#5745,#5746,#5754));
#5735 = ORIENTED_EDGE('',*,*,#5736,.F.);
#5736 = EDGE_CURVE('',#5713,#5737,#5739,.T.);
#5737 = VERTEX_POINT('',#5738);
#5738 = CARTESIAN_POINT('',(-29.88235294117,29.,38.4));
#5739 = LINE('',#5740,#5741);
#5740 = CARTESIAN_POINT('',(-29.88235294117,25.,38.4));
#5741 = VECTOR('',#5742,1.);
#5742 = DIRECTION('',(0.,1.,0.));
#5743 = ORIENTED_EDGE('',*,*,#5722,.T.);
#5744 = ORIENTED_EDGE('',*,*,#3825,.T.);
#5745 = ORIENTED_EDGE('',*,*,#4055,.T.);
#5746 = ORIENTED_EDGE('',*,*,#5747,.T.);
#5747 = EDGE_CURVE('',#4048,#5748,#5750,.T.);
#5748 = VERTEX_POINT('',#5749);
#5749 = CARTESIAN_POINT('',(-29.88235294117,29.,31.4));
#5750 = LINE('',#5751,#5752);
#5751 = CARTESIAN_POINT('',(-29.88235294117,25.,31.4));
#5752 = VECTOR('',#5753,1.);
#5753 = DIRECTION('',(0.,1.,0.));
#5754 = ORIENTED_EDGE('',*,*,#5755,.F.);
#5755 = EDGE_CURVE('',#5737,#5748,#5756,.T.);
#5756 = LINE('',#5757,#5758);
#5757 = CARTESIAN_POINT('',(-29.88235294117,29.,38.4));
#5758 = VECTOR('',#5759,1.);
#5759 = DIRECTION('',(-0.,-0.,-1.));
#5760 = PLANE('',#5761);
#5761 = AXIS2_PLACEMENT_3D('',#5762,#5763,#5764);
#5762 = CARTESIAN_POINT('',(-29.88235294117,25.,38.4));
#5763 = DIRECTION('',(1.,0.,0.));
#5764 = DIRECTION('',(0.,1.,0.));
#5765 = ADVANCED_FACE('',(#5766),#5800,.F.);
#5766 = FACE_BOUND('',#5767,.F.);
#5767 = EDGE_LOOP('',(#5768,#5778,#5786,#5792,#5793,#5794));
#5768 = ORIENTED_EDGE('',*,*,#5769,.F.);
#5769 = EDGE_CURVE('',#5770,#5772,#5774,.T.);
#5770 = VERTEX_POINT('',#5771);
#5771 = CARTESIAN_POINT('',(-27.17647058823,29.,38.4));
#5772 = VERTEX_POINT('',#5773);
#5773 = CARTESIAN_POINT('',(-27.17647058823,25.,38.4));
#5774 = LINE('',#5775,#5776);
#5775 = CARTESIAN_POINT('',(-27.17647058823,29.,38.4));
#5776 = VECTOR('',#5777,1.);
#5777 = DIRECTION('',(0.,-1.,0.));
#5778 = ORIENTED_EDGE('',*,*,#5779,.T.);
#5779 = EDGE_CURVE('',#5770,#5780,#5782,.T.);
#5780 = VERTEX_POINT('',#5781);
#5781 = CARTESIAN_POINT('',(-27.17647058823,29.,31.4));
#5782 = LINE('',#5783,#5784);
#5783 = CARTESIAN_POINT('',(-27.17647058823,29.,38.4));
#5784 = VECTOR('',#5785,1.);
#5785 = DIRECTION('',(-0.,-0.,-1.));
#5786 = ORIENTED_EDGE('',*,*,#5787,.T.);
#5787 = EDGE_CURVE('',#5780,#4063,#5788,.T.);
#5788 = LINE('',#5789,#5790);
#5789 = CARTESIAN_POINT('',(-27.17647058823,29.,31.4));
#5790 = VECTOR('',#5791,1.);
#5791 = DIRECTION('',(0.,-1.,0.));
#5792 = ORIENTED_EDGE('',*,*,#4062,.T.);
#5793 = ORIENTED_EDGE('',*,*,#3809,.T.);
#5794 = ORIENTED_EDGE('',*,*,#5795,.F.);
#5795 = EDGE_CURVE('',#5772,#3802,#5796,.T.);
#5796 = LINE('',#5797,#5798);
#5797 = CARTESIAN_POINT('',(-27.17647058823,25.,38.4));
#5798 = VECTOR('',#5799,1.);
#5799 = DIRECTION('',(-0.,-0.,-1.));
#5800 = PLANE('',#5801);
#5801 = AXIS2_PLACEMENT_3D('',#5802,#5803,#5804);
#5802 = CARTESIAN_POINT('',(-27.17647058823,29.,38.4));
#5803 = DIRECTION('',(-1.,0.,0.));
#5804 = DIRECTION('',(0.,-1.,0.));
#5805 = ADVANCED_FACE('',(#5806),#5824,.F.);
#5806 = FACE_BOUND('',#5807,.F.);
#5807 = EDGE_LOOP('',(#5808,#5816,#5817,#5818));
#5808 = ORIENTED_EDGE('',*,*,#5809,.F.);
#5809 = EDGE_CURVE('',#5772,#5810,#5812,.T.);
#5810 = VERTEX_POINT('',#5811);
#5811 = CARTESIAN_POINT('',(-24.17647058823,25.,38.4));
#5812 = LINE('',#5813,#5814);
#5813 = CARTESIAN_POINT('',(-27.17647058823,25.,38.4));
#5814 = VECTOR('',#5815,1.);
#5815 = DIRECTION('',(1.,0.,0.));
#5816 = ORIENTED_EDGE('',*,*,#5795,.T.);
#5817 = ORIENTED_EDGE('',*,*,#3801,.T.);
#5818 = ORIENTED_EDGE('',*,*,#5819,.F.);
#5819 = EDGE_CURVE('',#5810,#3794,#5820,.T.);
#5820 = LINE('',#5821,#5822);
#5821 = CARTESIAN_POINT('',(-24.17647058823,25.,38.4));
#5822 = VECTOR('',#5823,1.);
#5823 = DIRECTION('',(-0.,-0.,-1.));
#5824 = PLANE('',#5825);
#5825 = AXIS2_PLACEMENT_3D('',#5826,#5827,#5828);
#5826 = CARTESIAN_POINT('',(-27.17647058823,25.,38.4));
#5827 = DIRECTION('',(0.,-1.,0.));
#5828 = DIRECTION('',(1.,0.,0.));
#5829 = ADVANCED_FACE('',(#5830),#5857,.F.);
#5830 = FACE_BOUND('',#5831,.F.);
#5831 = EDGE_LOOP('',(#5832,#5840,#5841,#5842,#5843,#5851));
#5832 = ORIENTED_EDGE('',*,*,#5833,.F.);
#5833 = EDGE_CURVE('',#5810,#5834,#5836,.T.);
#5834 = VERTEX_POINT('',#5835);
#5835 = CARTESIAN_POINT('',(-24.17647058823,29.,38.4));
#5836 = LINE('',#5837,#5838);
#5837 = CARTESIAN_POINT('',(-24.17647058823,25.,38.4));
#5838 = VECTOR('',#5839,1.);
#5839 = DIRECTION('',(0.,1.,0.));
#5840 = ORIENTED_EDGE('',*,*,#5819,.T.);
#5841 = ORIENTED_EDGE('',*,*,#3793,.T.);
#5842 = ORIENTED_EDGE('',*,*,#4078,.T.);
#5843 = ORIENTED_EDGE('',*,*,#5844,.T.);
#5844 = EDGE_CURVE('',#4071,#5845,#5847,.T.);
#5845 = VERTEX_POINT('',#5846);
#5846 = CARTESIAN_POINT('',(-24.17647058823,29.,31.4));
#5847 = LINE('',#5848,#5849);
#5848 = CARTESIAN_POINT('',(-24.17647058823,25.,31.4));
#5849 = VECTOR('',#5850,1.);
#5850 = DIRECTION('',(0.,1.,0.));
#5851 = ORIENTED_EDGE('',*,*,#5852,.F.);
#5852 = EDGE_CURVE('',#5834,#5845,#5853,.T.);
#5853 = LINE('',#5854,#5855);
#5854 = CARTESIAN_POINT('',(-24.17647058823,29.,38.4));
#5855 = VECTOR('',#5856,1.);
#5856 = DIRECTION('',(-0.,-0.,-1.));
#5857 = PLANE('',#5858);
#5858 = AXIS2_PLACEMENT_3D('',#5859,#5860,#5861);
#5859 = CARTESIAN_POINT('',(-24.17647058823,25.,38.4));
#5860 = DIRECTION('',(1.,0.,0.));
#5861 = DIRECTION('',(0.,1.,0.));
#5862 = ADVANCED_FACE('',(#5863),#5897,.F.);
#5863 = FACE_BOUND('',#5864,.F.);
#5864 = EDGE_LOOP('',(#5865,#5875,#5883,#5889,#5890,#5891));
#5865 = ORIENTED_EDGE('',*,*,#5866,.F.);
#5866 = EDGE_CURVE('',#5867,#5869,#5871,.T.);
#5867 = VERTEX_POINT('',#5868);
#5868 = CARTESIAN_POINT('',(-21.47058823529,29.,38.4));
#5869 = VERTEX_POINT('',#5870);
#5870 = CARTESIAN_POINT('',(-21.47058823529,25.,38.4));
#5871 = LINE('',#5872,#5873);
#5872 = CARTESIAN_POINT('',(-21.47058823529,29.,38.4));
#5873 = VECTOR('',#5874,1.);
#5874 = DIRECTION('',(0.,-1.,0.));
#5875 = ORIENTED_EDGE('',*,*,#5876,.T.);
#5876 = EDGE_CURVE('',#5867,#5877,#5879,.T.);
#5877 = VERTEX_POINT('',#5878);
#5878 = CARTESIAN_POINT('',(-21.47058823529,29.,31.4));
#5879 = LINE('',#5880,#5881);
#5880 = CARTESIAN_POINT('',(-21.47058823529,29.,38.4));
#5881 = VECTOR('',#5882,1.);
#5882 = DIRECTION('',(-0.,-0.,-1.));
#5883 = ORIENTED_EDGE('',*,*,#5884,.T.);
#5884 = EDGE_CURVE('',#5877,#4086,#5885,.T.);
#5885 = LINE('',#5886,#5887);
#5886 = CARTESIAN_POINT('',(-21.47058823529,29.,31.4));
#5887 = VECTOR('',#5888,1.);
#5888 = DIRECTION('',(0.,-1.,0.));
#5889 = ORIENTED_EDGE('',*,*,#4085,.T.);
#5890 = ORIENTED_EDGE('',*,*,#3777,.T.);
#5891 = ORIENTED_EDGE('',*,*,#5892,.F.);
#5892 = EDGE_CURVE('',#5869,#3770,#5893,.T.);
#5893 = LINE('',#5894,#5895);
#5894 = CARTESIAN_POINT('',(-21.47058823529,25.,38.4));
#5895 = VECTOR('',#5896,1.);
#5896 = DIRECTION('',(-0.,-0.,-1.));
#5897 = PLANE('',#5898);
#5898 = AXIS2_PLACEMENT_3D('',#5899,#5900,#5901);
#5899 = CARTESIAN_POINT('',(-21.47058823529,29.,38.4));
#5900 = DIRECTION('',(-1.,0.,0.));
#5901 = DIRECTION('',(0.,-1.,0.));
#5902 = ADVANCED_FACE('',(#5903),#5921,.F.);
#5903 = FACE_BOUND('',#5904,.F.);
#5904 = EDGE_LOOP('',(#5905,#5913,#5914,#5915));
#5905 = ORIENTED_EDGE('',*,*,#5906,.F.);
#5906 = EDGE_CURVE('',#5869,#5907,#5909,.T.);
#5907 = VERTEX_POINT('',#5908);
#5908 = CARTESIAN_POINT('',(-18.47058823529,25.,38.4));
#5909 = LINE('',#5910,#5911);
#5910 = CARTESIAN_POINT('',(-21.47058823529,25.,38.4));
#5911 = VECTOR('',#5912,1.);
#5912 = DIRECTION('',(1.,0.,0.));
#5913 = ORIENTED_EDGE('',*,*,#5892,.T.);
#5914 = ORIENTED_EDGE('',*,*,#3769,.T.);
#5915 = ORIENTED_EDGE('',*,*,#5916,.F.);
#5916 = EDGE_CURVE('',#5907,#3762,#5917,.T.);
#5917 = LINE('',#5918,#5919);
#5918 = CARTESIAN_POINT('',(-18.47058823529,25.,38.4));
#5919 = VECTOR('',#5920,1.);
#5920 = DIRECTION('',(-0.,-0.,-1.));
#5921 = PLANE('',#5922);
#5922 = AXIS2_PLACEMENT_3D('',#5923,#5924,#5925);
#5923 = CARTESIAN_POINT('',(-21.47058823529,25.,38.4));
#5924 = DIRECTION('',(0.,-1.,0.));
#5925 = DIRECTION('',(1.,0.,0.));
#5926 = ADVANCED_FACE('',(#5927),#5954,.F.);
#5927 = FACE_BOUND('',#5928,.F.);
#5928 = EDGE_LOOP('',(#5929,#5937,#5938,#5939,#5940,#5948));
#5929 = ORIENTED_EDGE('',*,*,#5930,.F.);
#5930 = EDGE_CURVE('',#5907,#5931,#5933,.T.);
#5931 = VERTEX_POINT('',#5932);
#5932 = CARTESIAN_POINT('',(-18.47058823529,29.,38.4));
#5933 = LINE('',#5934,#5935);
#5934 = CARTESIAN_POINT('',(-18.47058823529,25.,38.4));
#5935 = VECTOR('',#5936,1.);
#5936 = DIRECTION('',(0.,1.,0.));
#5937 = ORIENTED_EDGE('',*,*,#5916,.T.);
#5938 = ORIENTED_EDGE('',*,*,#3761,.T.);
#5939 = ORIENTED_EDGE('',*,*,#4101,.T.);
#5940 = ORIENTED_EDGE('',*,*,#5941,.T.);
#5941 = EDGE_CURVE('',#4094,#5942,#5944,.T.);
#5942 = VERTEX_POINT('',#5943);
#5943 = CARTESIAN_POINT('',(-18.47058823529,29.,31.4));
#5944 = LINE('',#5945,#5946);
#5945 = CARTESIAN_POINT('',(-18.47058823529,25.,31.4));
#5946 = VECTOR('',#5947,1.);
#5947 = DIRECTION('',(0.,1.,0.));
#5948 = ORIENTED_EDGE('',*,*,#5949,.F.);
#5949 = EDGE_CURVE('',#5931,#5942,#5950,.T.);
#5950 = LINE('',#5951,#5952);
#5951 = CARTESIAN_POINT('',(-18.47058823529,29.,38.4));
#5952 = VECTOR('',#5953,1.);
#5953 = DIRECTION('',(-0.,-0.,-1.));
#5954 = PLANE('',#5955);
#5955 = AXIS2_PLACEMENT_3D('',#5956,#5957,#5958);
#5956 = CARTESIAN_POINT('',(-18.47058823529,25.,38.4));
#5957 = DIRECTION('',(1.,0.,0.));
#5958 = DIRECTION('',(0.,1.,0.));
#5959 = ADVANCED_FACE('',(#5960),#5994,.F.);
#5960 = FACE_BOUND('',#5961,.F.);
#5961 = EDGE_LOOP('',(#5962,#5972,#5980,#5986,#5987,#5988));
#5962 = ORIENTED_EDGE('',*,*,#5963,.F.);
#5963 = EDGE_CURVE('',#5964,#5966,#5968,.T.);
#5964 = VERTEX_POINT('',#5965);
#5965 = CARTESIAN_POINT('',(-15.76470588235,29.,38.4));
#5966 = VERTEX_POINT('',#5967);
#5967 = CARTESIAN_POINT('',(-15.76470588235,25.,38.4));
#5968 = LINE('',#5969,#5970);
#5969 = CARTESIAN_POINT('',(-15.76470588235,29.,38.4));
#5970 = VECTOR('',#5971,1.);
#5971 = DIRECTION('',(0.,-1.,0.));
#5972 = ORIENTED_EDGE('',*,*,#5973,.T.);
#5973 = EDGE_CURVE('',#5964,#5974,#5976,.T.);
#5974 = VERTEX_POINT('',#5975);
#5975 = CARTESIAN_POINT('',(-15.76470588235,29.,31.4));
#5976 = LINE('',#5977,#5978);
#5977 = CARTESIAN_POINT('',(-15.76470588235,29.,38.4));
#5978 = VECTOR('',#5979,1.);
#5979 = DIRECTION('',(-0.,-0.,-1.));
#5980 = ORIENTED_EDGE('',*,*,#5981,.T.);
#5981 = EDGE_CURVE('',#5974,#4109,#5982,.T.);
#5982 = LINE('',#5983,#5984);
#5983 = CARTESIAN_POINT('',(-15.76470588235,29.,31.4));
#5984 = VECTOR('',#5985,1.);
#5985 = DIRECTION('',(0.,-1.,0.));
#5986 = ORIENTED_EDGE('',*,*,#4108,.T.);
#5987 = ORIENTED_EDGE('',*,*,#3745,.T.);
#5988 = ORIENTED_EDGE('',*,*,#5989,.F.);
#5989 = EDGE_CURVE('',#5966,#3738,#5990,.T.);
#5990 = LINE('',#5991,#5992);
#5991 = CARTESIAN_POINT('',(-15.76470588235,25.,38.4));
#5992 = VECTOR('',#5993,1.);
#5993 = DIRECTION('',(-0.,-0.,-1.));
#5994 = PLANE('',#5995);
#5995 = AXIS2_PLACEMENT_3D('',#5996,#5997,#5998);
#5996 = CARTESIAN_POINT('',(-15.76470588235,29.,38.4));
#5997 = DIRECTION('',(-1.,0.,0.));
#5998 = DIRECTION('',(0.,-1.,0.));
#5999 = ADVANCED_FACE('',(#6000),#6018,.F.);
#6000 = FACE_BOUND('',#6001,.F.);
#6001 = EDGE_LOOP('',(#6002,#6010,#6011,#6012));
#6002 = ORIENTED_EDGE('',*,*,#6003,.F.);
#6003 = EDGE_CURVE('',#5966,#6004,#6006,.T.);
#6004 = VERTEX_POINT('',#6005);
#6005 = CARTESIAN_POINT('',(-12.76470588235,25.,38.4));
#6006 = LINE('',#6007,#6008);
#6007 = CARTESIAN_POINT('',(-15.76470588235,25.,38.4));
#6008 = VECTOR('',#6009,1.);
#6009 = DIRECTION('',(1.,0.,0.));
#6010 = ORIENTED_EDGE('',*,*,#5989,.T.);
#6011 = ORIENTED_EDGE('',*,*,#3737,.T.);
#6012 = ORIENTED_EDGE('',*,*,#6013,.F.);
#6013 = EDGE_CURVE('',#6004,#3730,#6014,.T.);
#6014 = LINE('',#6015,#6016);
#6015 = CARTESIAN_POINT('',(-12.76470588235,25.,38.4));
#6016 = VECTOR('',#6017,1.);
#6017 = DIRECTION('',(-0.,-0.,-1.));
#6018 = PLANE('',#6019);
#6019 = AXIS2_PLACEMENT_3D('',#6020,#6021,#6022);
#6020 = CARTESIAN_POINT('',(-15.76470588235,25.,38.4));
#6021 = DIRECTION('',(0.,-1.,0.));
#6022 = DIRECTION('',(1.,0.,0.));
#6023 = ADVANCED_FACE('',(#6024),#6051,.F.);
#6024 = FACE_BOUND('',#6025,.F.);
#6025 = EDGE_LOOP('',(#6026,#6034,#6035,#6036,#6037,#6045));
#6026 = ORIENTED_EDGE('',*,*,#6027,.F.);
#6027 = EDGE_CURVE('',#6004,#6028,#6030,.T.);
#6028 = VERTEX_POINT('',#6029);
#6029 = CARTESIAN_POINT('',(-12.76470588235,29.,38.4));
#6030 = LINE('',#6031,#6032);
#6031 = CARTESIAN_POINT('',(-12.76470588235,25.,38.4));
#6032 = VECTOR('',#6033,1.);
#6033 = DIRECTION('',(0.,1.,0.));
#6034 = ORIENTED_EDGE('',*,*,#6013,.T.);
#6035 = ORIENTED_EDGE('',*,*,#3729,.T.);
#6036 = ORIENTED_EDGE('',*,*,#4124,.T.);
#6037 = ORIENTED_EDGE('',*,*,#6038,.T.);
#6038 = EDGE_CURVE('',#4117,#6039,#6041,.T.);
#6039 = VERTEX_POINT('',#6040);
#6040 = CARTESIAN_POINT('',(-12.76470588235,29.,31.4));
#6041 = LINE('',#6042,#6043);
#6042 = CARTESIAN_POINT('',(-12.76470588235,25.,31.4));
#6043 = VECTOR('',#6044,1.);
#6044 = DIRECTION('',(0.,1.,0.));
#6045 = ORIENTED_EDGE('',*,*,#6046,.F.);
#6046 = EDGE_CURVE('',#6028,#6039,#6047,.T.);
#6047 = LINE('',#6048,#6049);
#6048 = CARTESIAN_POINT('',(-12.76470588235,29.,38.4));
#6049 = VECTOR('',#6050,1.);
#6050 = DIRECTION('',(-0.,-0.,-1.));
#6051 = PLANE('',#6052);
#6052 = AXIS2_PLACEMENT_3D('',#6053,#6054,#6055);
#6053 = CARTESIAN_POINT('',(-12.76470588235,25.,38.4));
#6054 = DIRECTION('',(1.,0.,0.));
#6055 = DIRECTION('',(0.,1.,0.));
#6056 = ADVANCED_FACE('',(#6057),#6091,.F.);
#6057 = FACE_BOUND('',#6058,.F.);
#6058 = EDGE_LOOP('',(#6059,#6069,#6077,#6083,#6084,#6085));
#6059 = ORIENTED_EDGE('',*,*,#6060,.F.);
#6060 = EDGE_CURVE('',#6061,#6063,#6065,.T.);
#6061 = VERTEX_POINT('',#6062);
#6062 = CARTESIAN_POINT('',(-10.05882352941,29.,38.4));
#6063 = VERTEX_POINT('',#6064);
#6064 = CARTESIAN_POINT('',(-10.05882352941,25.,38.4));
#6065 = LINE('',#6066,#6067);
#6066 = CARTESIAN_POINT('',(-10.05882352941,29.,38.4));
#6067 = VECTOR('',#6068,1.);
#6068 = DIRECTION('',(0.,-1.,0.));
#6069 = ORIENTED_EDGE('',*,*,#6070,.T.);
#6070 = EDGE_CURVE('',#6061,#6071,#6073,.T.);
#6071 = VERTEX_POINT('',#6072);
#6072 = CARTESIAN_POINT('',(-10.05882352941,29.,31.4));
#6073 = LINE('',#6074,#6075);
#6074 = CARTESIAN_POINT('',(-10.05882352941,29.,38.4));
#6075 = VECTOR('',#6076,1.);
#6076 = DIRECTION('',(-0.,-0.,-1.));
#6077 = ORIENTED_EDGE('',*,*,#6078,.T.);
#6078 = EDGE_CURVE('',#6071,#4132,#6079,.T.);
#6079 = LINE('',#6080,#6081);
#6080 = CARTESIAN_POINT('',(-10.05882352941,29.,31.4));
#6081 = VECTOR('',#6082,1.);
#6082 = DIRECTION('',(0.,-1.,0.));
#6083 = ORIENTED_EDGE('',*,*,#4131,.T.);
#6084 = ORIENTED_EDGE('',*,*,#3713,.T.);
#6085 = ORIENTED_EDGE('',*,*,#6086,.F.);
#6086 = EDGE_CURVE('',#6063,#3706,#6087,.T.);
#6087 = LINE('',#6088,#6089);
#6088 = CARTESIAN_POINT('',(-10.05882352941,25.,38.4));
#6089 = VECTOR('',#6090,1.);
#6090 = DIRECTION('',(-0.,-0.,-1.));
#6091 = PLANE('',#6092);
#6092 = AXIS2_PLACEMENT_3D('',#6093,#6094,#6095);
#6093 = CARTESIAN_POINT('',(-10.05882352941,29.,38.4));
#6094 = DIRECTION('',(-1.,0.,0.));
#6095 = DIRECTION('',(0.,-1.,0.));
#6096 = ADVANCED_FACE('',(#6097),#6115,.F.);
#6097 = FACE_BOUND('',#6098,.F.);
#6098 = EDGE_LOOP('',(#6099,#6107,#6108,#6109));
#6099 = ORIENTED_EDGE('',*,*,#6100,.F.);
#6100 = EDGE_CURVE('',#6063,#6101,#6103,.T.);
#6101 = VERTEX_POINT('',#6102);
#6102 = CARTESIAN_POINT('',(-7.058823529412,25.,38.4));
#6103 = LINE('',#6104,#6105);
#6104 = CARTESIAN_POINT('',(-10.05882352941,25.,38.4));
#6105 = VECTOR('',#6106,1.);
#6106 = DIRECTION('',(1.,0.,0.));
#6107 = ORIENTED_EDGE('',*,*,#6086,.T.);
#6108 = ORIENTED_EDGE('',*,*,#3705,.T.);
#6109 = ORIENTED_EDGE('',*,*,#6110,.F.);
#6110 = EDGE_CURVE('',#6101,#3698,#6111,.T.);
#6111 = LINE('',#6112,#6113);
#6112 = CARTESIAN_POINT('',(-7.058823529412,25.,38.4));
#6113 = VECTOR('',#6114,1.);
#6114 = DIRECTION('',(-0.,-0.,-1.));
#6115 = PLANE('',#6116);
#6116 = AXIS2_PLACEMENT_3D('',#6117,#6118,#6119);
#6117 = CARTESIAN_POINT('',(-10.05882352941,25.,38.4));
#6118 = DIRECTION('',(0.,-1.,0.));
#6119 = DIRECTION('',(1.,0.,0.));
#6120 = ADVANCED_FACE('',(#6121),#6148,.F.);
#6121 = FACE_BOUND('',#6122,.F.);
#6122 = EDGE_LOOP('',(#6123,#6131,#6132,#6133,#6134,#6142));
#6123 = ORIENTED_EDGE('',*,*,#6124,.F.);
#6124 = EDGE_CURVE('',#6101,#6125,#6127,.T.);
#6125 = VERTEX_POINT('',#6126);
#6126 = CARTESIAN_POINT('',(-7.058823529412,29.,38.4));
#6127 = LINE('',#6128,#6129);
#6128 = CARTESIAN_POINT('',(-7.058823529412,25.,38.4));
#6129 = VECTOR('',#6130,1.);
#6130 = DIRECTION('',(0.,1.,0.));
#6131 = ORIENTED_EDGE('',*,*,#6110,.T.);
#6132 = ORIENTED_EDGE('',*,*,#3697,.T.);
#6133 = ORIENTED_EDGE('',*,*,#4147,.T.);
#6134 = ORIENTED_EDGE('',*,*,#6135,.T.);
#6135 = EDGE_CURVE('',#4140,#6136,#6138,.T.);
#6136 = VERTEX_POINT('',#6137);
#6137 = CARTESIAN_POINT('',(-7.058823529412,29.,31.4));
#6138 = LINE('',#6139,#6140);
#6139 = CARTESIAN_POINT('',(-7.058823529412,25.,31.4));
#6140 = VECTOR('',#6141,1.);
#6141 = DIRECTION('',(0.,1.,0.));
#6142 = ORIENTED_EDGE('',*,*,#6143,.F.);
#6143 = EDGE_CURVE('',#6125,#6136,#6144,.T.);
#6144 = LINE('',#6145,#6146);
#6145 = CARTESIAN_POINT('',(-7.058823529412,29.,38.4));
#6146 = VECTOR('',#6147,1.);
#6147 = DIRECTION('',(-0.,-0.,-1.));
#6148 = PLANE('',#6149);
#6149 = AXIS2_PLACEMENT_3D('',#6150,#6151,#6152);
#6150 = CARTESIAN_POINT('',(-7.058823529412,25.,38.4));
#6151 = DIRECTION('',(1.,0.,0.));
#6152 = DIRECTION('',(0.,1.,0.));
#6153 = ADVANCED_FACE('',(#6154),#6188,.F.);
#6154 = FACE_BOUND('',#6155,.F.);
#6155 = EDGE_LOOP('',(#6156,#6166,#6174,#6180,#6181,#6182));
#6156 = ORIENTED_EDGE('',*,*,#6157,.F.);
#6157 = EDGE_CURVE('',#6158,#6160,#6162,.T.);
#6158 = VERTEX_POINT('',#6159);
#6159 = CARTESIAN_POINT('',(-4.352941176471,29.,38.4));
#6160 = VERTEX_POINT('',#6161);
#6161 = CARTESIAN_POINT('',(-4.352941176471,25.,38.4));
#6162 = LINE('',#6163,#6164);
#6163 = CARTESIAN_POINT('',(-4.352941176471,29.,38.4));
#6164 = VECTOR('',#6165,1.);
#6165 = DIRECTION('',(0.,-1.,0.));
#6166 = ORIENTED_EDGE('',*,*,#6167,.T.);
#6167 = EDGE_CURVE('',#6158,#6168,#6170,.T.);
#6168 = VERTEX_POINT('',#6169);
#6169 = CARTESIAN_POINT('',(-4.352941176471,29.,31.4));
#6170 = LINE('',#6171,#6172);
#6171 = CARTESIAN_POINT('',(-4.352941176471,29.,38.4));
#6172 = VECTOR('',#6173,1.);
#6173 = DIRECTION('',(-0.,-0.,-1.));
#6174 = ORIENTED_EDGE('',*,*,#6175,.T.);
#6175 = EDGE_CURVE('',#6168,#4155,#6176,.T.);
#6176 = LINE('',#6177,#6178);
#6177 = CARTESIAN_POINT('',(-4.352941176471,29.,31.4));
#6178 = VECTOR('',#6179,1.);
#6179 = DIRECTION('',(0.,-1.,0.));
#6180 = ORIENTED_EDGE('',*,*,#4154,.T.);
#6181 = ORIENTED_EDGE('',*,*,#3681,.T.);
#6182 = ORIENTED_EDGE('',*,*,#6183,.F.);
#6183 = EDGE_CURVE('',#6160,#3674,#6184,.T.);
#6184 = LINE('',#6185,#6186);
#6185 = CARTESIAN_POINT('',(-4.352941176471,25.,38.4));
#6186 = VECTOR('',#6187,1.);
#6187 = DIRECTION('',(-0.,-0.,-1.));
#6188 = PLANE('',#6189);
#6189 = AXIS2_PLACEMENT_3D('',#6190,#6191,#6192);
#6190 = CARTESIAN_POINT('',(-4.352941176471,29.,38.4));
#6191 = DIRECTION('',(-1.,0.,0.));
#6192 = DIRECTION('',(0.,-1.,0.));
#6193 = ADVANCED_FACE('',(#6194),#6212,.F.);
#6194 = FACE_BOUND('',#6195,.F.);
#6195 = EDGE_LOOP('',(#6196,#6204,#6205,#6206));
#6196 = ORIENTED_EDGE('',*,*,#6197,.F.);
#6197 = EDGE_CURVE('',#6160,#6198,#6200,.T.);
#6198 = VERTEX_POINT('',#6199);
#6199 = CARTESIAN_POINT('',(-1.352941176471,25.,38.4));
#6200 = LINE('',#6201,#6202);
#6201 = CARTESIAN_POINT('',(-4.352941176471,25.,38.4));
#6202 = VECTOR('',#6203,1.);
#6203 = DIRECTION('',(1.,0.,0.));
#6204 = ORIENTED_EDGE('',*,*,#6183,.T.);
#6205 = ORIENTED_EDGE('',*,*,#3673,.T.);
#6206 = ORIENTED_EDGE('',*,*,#6207,.F.);
#6207 = EDGE_CURVE('',#6198,#3666,#6208,.T.);
#6208 = LINE('',#6209,#6210);
#6209 = CARTESIAN_POINT('',(-1.352941176471,25.,38.4));
#6210 = VECTOR('',#6211,1.);
#6211 = DIRECTION('',(-0.,-0.,-1.));
#6212 = PLANE('',#6213);
#6213 = AXIS2_PLACEMENT_3D('',#6214,#6215,#6216);
#6214 = CARTESIAN_POINT('',(-4.352941176471,25.,38.4));
#6215 = DIRECTION('',(0.,-1.,0.));
#6216 = DIRECTION('',(1.,0.,0.));
#6217 = ADVANCED_FACE('',(#6218),#6245,.F.);
#6218 = FACE_BOUND('',#6219,.F.);
#6219 = EDGE_LOOP('',(#6220,#6228,#6229,#6230,#6231,#6239));
#6220 = ORIENTED_EDGE('',*,*,#6221,.F.);
#6221 = EDGE_CURVE('',#6198,#6222,#6224,.T.);
#6222 = VERTEX_POINT('',#6223);
#6223 = CARTESIAN_POINT('',(-1.352941176471,29.,38.4));
#6224 = LINE('',#6225,#6226);
#6225 = CARTESIAN_POINT('',(-1.352941176471,25.,38.4));
#6226 = VECTOR('',#6227,1.);
#6227 = DIRECTION('',(0.,1.,0.));
#6228 = ORIENTED_EDGE('',*,*,#6207,.T.);
#6229 = ORIENTED_EDGE('',*,*,#3665,.T.);
#6230 = ORIENTED_EDGE('',*,*,#4170,.T.);
#6231 = ORIENTED_EDGE('',*,*,#6232,.T.);
#6232 = EDGE_CURVE('',#4163,#6233,#6235,.T.);
#6233 = VERTEX_POINT('',#6234);
#6234 = CARTESIAN_POINT('',(-1.352941176471,29.,31.4));
#6235 = LINE('',#6236,#6237);
#6236 = CARTESIAN_POINT('',(-1.352941176471,25.,31.4));
#6237 = VECTOR('',#6238,1.);
#6238 = DIRECTION('',(0.,1.,0.));
#6239 = ORIENTED_EDGE('',*,*,#6240,.F.);
#6240 = EDGE_CURVE('',#6222,#6233,#6241,.T.);
#6241 = LINE('',#6242,#6243);
#6242 = CARTESIAN_POINT('',(-1.352941176471,29.,38.4));
#6243 = VECTOR('',#6244,1.);
#6244 = DIRECTION('',(-0.,-0.,-1.));
#6245 = PLANE('',#6246);
#6246 = AXIS2_PLACEMENT_3D('',#6247,#6248,#6249);
#6247 = CARTESIAN_POINT('',(-1.352941176471,25.,38.4));
#6248 = DIRECTION('',(1.,0.,0.));
#6249 = DIRECTION('',(0.,1.,0.));
#6250 = ADVANCED_FACE('',(#6251),#6285,.F.);
#6251 = FACE_BOUND('',#6252,.F.);
#6252 = EDGE_LOOP('',(#6253,#6263,#6271,#6277,#6278,#6279));
#6253 = ORIENTED_EDGE('',*,*,#6254,.F.);
#6254 = EDGE_CURVE('',#6255,#6257,#6259,.T.);
#6255 = VERTEX_POINT('',#6256);
#6256 = CARTESIAN_POINT('',(1.352941176471,29.,38.4));
#6257 = VERTEX_POINT('',#6258);
#6258 = CARTESIAN_POINT('',(1.352941176471,25.,38.4));
#6259 = LINE('',#6260,#6261);
#6260 = CARTESIAN_POINT('',(1.352941176471,29.,38.4));
#6261 = VECTOR('',#6262,1.);
#6262 = DIRECTION('',(0.,-1.,0.));
#6263 = ORIENTED_EDGE('',*,*,#6264,.T.);
#6264 = EDGE_CURVE('',#6255,#6265,#6267,.T.);
#6265 = VERTEX_POINT('',#6266);
#6266 = CARTESIAN_POINT('',(1.352941176471,29.,31.4));
#6267 = LINE('',#6268,#6269);
#6268 = CARTESIAN_POINT('',(1.352941176471,29.,38.4));
#6269 = VECTOR('',#6270,1.);
#6270 = DIRECTION('',(-0.,-0.,-1.));
#6271 = ORIENTED_EDGE('',*,*,#6272,.T.);
#6272 = EDGE_CURVE('',#6265,#4178,#6273,.T.);
#6273 = LINE('',#6274,#6275);
#6274 = CARTESIAN_POINT('',(1.352941176471,29.,31.4));
#6275 = VECTOR('',#6276,1.);
#6276 = DIRECTION('',(0.,-1.,0.));
#6277 = ORIENTED_EDGE('',*,*,#4177,.T.);
#6278 = ORIENTED_EDGE('',*,*,#3649,.T.);
#6279 = ORIENTED_EDGE('',*,*,#6280,.F.);
#6280 = EDGE_CURVE('',#6257,#3642,#6281,.T.);
#6281 = LINE('',#6282,#6283);
#6282 = CARTESIAN_POINT('',(1.352941176471,25.,38.4));
#6283 = VECTOR('',#6284,1.);
#6284 = DIRECTION('',(-0.,-0.,-1.));
#6285 = PLANE('',#6286);
#6286 = AXIS2_PLACEMENT_3D('',#6287,#6288,#6289);
#6287 = CARTESIAN_POINT('',(1.352941176471,29.,38.4));
#6288 = DIRECTION('',(-1.,0.,0.));
#6289 = DIRECTION('',(0.,-1.,0.));
#6290 = ADVANCED_FACE('',(#6291),#6309,.F.);
#6291 = FACE_BOUND('',#6292,.F.);
#6292 = EDGE_LOOP('',(#6293,#6301,#6302,#6303));
#6293 = ORIENTED_EDGE('',*,*,#6294,.F.);
#6294 = EDGE_CURVE('',#6257,#6295,#6297,.T.);
#6295 = VERTEX_POINT('',#6296);
#6296 = CARTESIAN_POINT('',(4.352941176471,25.,38.4));
#6297 = LINE('',#6298,#6299);
#6298 = CARTESIAN_POINT('',(1.352941176471,25.,38.4));
#6299 = VECTOR('',#6300,1.);
#6300 = DIRECTION('',(1.,0.,0.));
#6301 = ORIENTED_EDGE('',*,*,#6280,.T.);
#6302 = ORIENTED_EDGE('',*,*,#3641,.T.);
#6303 = ORIENTED_EDGE('',*,*,#6304,.F.);
#6304 = EDGE_CURVE('',#6295,#3634,#6305,.T.);
#6305 = LINE('',#6306,#6307);
#6306 = CARTESIAN_POINT('',(4.352941176471,25.,38.4));
#6307 = VECTOR('',#6308,1.);
#6308 = DIRECTION('',(-0.,-0.,-1.));
#6309 = PLANE('',#6310);
#6310 = AXIS2_PLACEMENT_3D('',#6311,#6312,#6313);
#6311 = CARTESIAN_POINT('',(1.352941176471,25.,38.4));
#6312 = DIRECTION('',(0.,-1.,0.));
#6313 = DIRECTION('',(1.,0.,0.));
#6314 = ADVANCED_FACE('',(#6315),#6342,.F.);
#6315 = FACE_BOUND('',#6316,.F.);
#6316 = EDGE_LOOP('',(#6317,#6325,#6326,#6327,#6328,#6336));
#6317 = ORIENTED_EDGE('',*,*,#6318,.F.);
#6318 = EDGE_CURVE('',#6295,#6319,#6321,.T.);
#6319 = VERTEX_POINT('',#6320);
#6320 = CARTESIAN_POINT('',(4.352941176471,29.,38.4));
#6321 = LINE('',#6322,#6323);
#6322 = CARTESIAN_POINT('',(4.352941176471,25.,38.4));
#6323 = VECTOR('',#6324,1.);
#6324 = DIRECTION('',(0.,1.,0.));
#6325 = ORIENTED_EDGE('',*,*,#6304,.T.);
#6326 = ORIENTED_EDGE('',*,*,#3633,.T.);
#6327 = ORIENTED_EDGE('',*,*,#4193,.T.);
#6328 = ORIENTED_EDGE('',*,*,#6329,.T.);
#6329 = EDGE_CURVE('',#4186,#6330,#6332,.T.);
#6330 = VERTEX_POINT('',#6331);
#6331 = CARTESIAN_POINT('',(4.352941176471,29.,31.4));
#6332 = LINE('',#6333,#6334);
#6333 = CARTESIAN_POINT('',(4.352941176471,25.,31.4));
#6334 = VECTOR('',#6335,1.);
#6335 = DIRECTION('',(0.,1.,0.));
#6336 = ORIENTED_EDGE('',*,*,#6337,.F.);
#6337 = EDGE_CURVE('',#6319,#6330,#6338,.T.);
#6338 = LINE('',#6339,#6340);
#6339 = CARTESIAN_POINT('',(4.352941176471,29.,38.4));
#6340 = VECTOR('',#6341,1.);
#6341 = DIRECTION('',(-0.,-0.,-1.));
#6342 = PLANE('',#6343);
#6343 = AXIS2_PLACEMENT_3D('',#6344,#6345,#6346);
#6344 = CARTESIAN_POINT('',(4.352941176471,25.,38.4));
#6345 = DIRECTION('',(1.,0.,0.));
#6346 = DIRECTION('',(0.,1.,0.));
#6347 = ADVANCED_FACE('',(#6348),#6382,.F.);
#6348 = FACE_BOUND('',#6349,.F.);
#6349 = EDGE_LOOP('',(#6350,#6360,#6368,#6374,#6375,#6376));
#6350 = ORIENTED_EDGE('',*,*,#6351,.F.);
#6351 = EDGE_CURVE('',#6352,#6354,#6356,.T.);
#6352 = VERTEX_POINT('',#6353);
#6353 = CARTESIAN_POINT('',(7.058823529412,29.,38.4));
#6354 = VERTEX_POINT('',#6355);
#6355 = CARTESIAN_POINT('',(7.058823529412,25.,38.4));
#6356 = LINE('',#6357,#6358);
#6357 = CARTESIAN_POINT('',(7.058823529412,29.,38.4));
#6358 = VECTOR('',#6359,1.);
#6359 = DIRECTION('',(0.,-1.,0.));
#6360 = ORIENTED_EDGE('',*,*,#6361,.T.);
#6361 = EDGE_CURVE('',#6352,#6362,#6364,.T.);
#6362 = VERTEX_POINT('',#6363);
#6363 = CARTESIAN_POINT('',(7.058823529412,29.,31.4));
#6364 = LINE('',#6365,#6366);
#6365 = CARTESIAN_POINT('',(7.058823529412,29.,38.4));
#6366 = VECTOR('',#6367,1.);
#6367 = DIRECTION('',(-0.,-0.,-1.));
#6368 = ORIENTED_EDGE('',*,*,#6369,.T.);
#6369 = EDGE_CURVE('',#6362,#4201,#6370,.T.);
#6370 = LINE('',#6371,#6372);
#6371 = CARTESIAN_POINT('',(7.058823529412,29.,31.4));
#6372 = VECTOR('',#6373,1.);
#6373 = DIRECTION('',(0.,-1.,0.));
#6374 = ORIENTED_EDGE('',*,*,#4200,.T.);
#6375 = ORIENTED_EDGE('',*,*,#3617,.T.);
#6376 = ORIENTED_EDGE('',*,*,#6377,.F.);
#6377 = EDGE_CURVE('',#6354,#3610,#6378,.T.);
#6378 = LINE('',#6379,#6380);
#6379 = CARTESIAN_POINT('',(7.058823529412,25.,38.4));
#6380 = VECTOR('',#6381,1.);
#6381 = DIRECTION('',(-0.,-0.,-1.));
#6382 = PLANE('',#6383);
#6383 = AXIS2_PLACEMENT_3D('',#6384,#6385,#6386);
#6384 = CARTESIAN_POINT('',(7.058823529412,29.,38.4));
#6385 = DIRECTION('',(-1.,0.,0.));
#6386 = DIRECTION('',(0.,-1.,0.));
#6387 = ADVANCED_FACE('',(#6388),#6406,.F.);
#6388 = FACE_BOUND('',#6389,.F.);
#6389 = EDGE_LOOP('',(#6390,#6398,#6399,#6400));
#6390 = ORIENTED_EDGE('',*,*,#6391,.F.);
#6391 = EDGE_CURVE('',#6354,#6392,#6394,.T.);
#6392 = VERTEX_POINT('',#6393);
#6393 = CARTESIAN_POINT('',(10.058823529412,25.,38.4));
#6394 = LINE('',#6395,#6396);
#6395 = CARTESIAN_POINT('',(7.058823529412,25.,38.4));
#6396 = VECTOR('',#6397,1.);
#6397 = DIRECTION('',(1.,0.,0.));
#6398 = ORIENTED_EDGE('',*,*,#6377,.T.);
#6399 = ORIENTED_EDGE('',*,*,#3609,.T.);
#6400 = ORIENTED_EDGE('',*,*,#6401,.F.);
#6401 = EDGE_CURVE('',#6392,#3602,#6402,.T.);
#6402 = LINE('',#6403,#6404);
#6403 = CARTESIAN_POINT('',(10.058823529412,25.,38.4));
#6404 = VECTOR('',#6405,1.);
#6405 = DIRECTION('',(-0.,-0.,-1.));
#6406 = PLANE('',#6407);
#6407 = AXIS2_PLACEMENT_3D('',#6408,#6409,#6410);
#6408 = CARTESIAN_POINT('',(7.058823529412,25.,38.4));
#6409 = DIRECTION('',(0.,-1.,0.));
#6410 = DIRECTION('',(1.,0.,0.));
#6411 = ADVANCED_FACE('',(#6412),#6439,.F.);
#6412 = FACE_BOUND('',#6413,.F.);
#6413 = EDGE_LOOP('',(#6414,#6422,#6423,#6424,#6425,#6433));
#6414 = ORIENTED_EDGE('',*,*,#6415,.F.);
#6415 = EDGE_CURVE('',#6392,#6416,#6418,.T.);
#6416 = VERTEX_POINT('',#6417);
#6417 = CARTESIAN_POINT('',(10.058823529412,29.,38.4));
#6418 = LINE('',#6419,#6420);
#6419 = CARTESIAN_POINT('',(10.058823529412,25.,38.4));
#6420 = VECTOR('',#6421,1.);
#6421 = DIRECTION('',(0.,1.,0.));
#6422 = ORIENTED_EDGE('',*,*,#6401,.T.);
#6423 = ORIENTED_EDGE('',*,*,#3601,.T.);
#6424 = ORIENTED_EDGE('',*,*,#4216,.T.);
#6425 = ORIENTED_EDGE('',*,*,#6426,.T.);
#6426 = EDGE_CURVE('',#4209,#6427,#6429,.T.);
#6427 = VERTEX_POINT('',#6428);
#6428 = CARTESIAN_POINT('',(10.058823529412,29.,31.4));
#6429 = LINE('',#6430,#6431);
#6430 = CARTESIAN_POINT('',(10.058823529412,25.,31.4));
#6431 = VECTOR('',#6432,1.);
#6432 = DIRECTION('',(0.,1.,0.));
#6433 = ORIENTED_EDGE('',*,*,#6434,.F.);
#6434 = EDGE_CURVE('',#6416,#6427,#6435,.T.);
#6435 = LINE('',#6436,#6437);
#6436 = CARTESIAN_POINT('',(10.058823529412,29.,38.4));
#6437 = VECTOR('',#6438,1.);
#6438 = DIRECTION('',(-0.,-0.,-1.));
#6439 = PLANE('',#6440);
#6440 = AXIS2_PLACEMENT_3D('',#6441,#6442,#6443);
#6441 = CARTESIAN_POINT('',(10.058823529412,25.,38.4));
#6442 = DIRECTION('',(1.,0.,0.));
#6443 = DIRECTION('',(0.,1.,0.));
#6444 = ADVANCED_FACE('',(#6445),#6479,.F.);
#6445 = FACE_BOUND('',#6446,.F.);
#6446 = EDGE_LOOP('',(#6447,#6457,#6465,#6471,#6472,#6473));
#6447 = ORIENTED_EDGE('',*,*,#6448,.F.);
#6448 = EDGE_CURVE('',#6449,#6451,#6453,.T.);
#6449 = VERTEX_POINT('',#6450);
#6450 = CARTESIAN_POINT('',(12.764705882353,29.,38.4));
#6451 = VERTEX_POINT('',#6452);
#6452 = CARTESIAN_POINT('',(12.764705882353,25.,38.4));
#6453 = LINE('',#6454,#6455);
#6454 = CARTESIAN_POINT('',(12.764705882353,29.,38.4));
#6455 = VECTOR('',#6456,1.);
#6456 = DIRECTION('',(0.,-1.,0.));
#6457 = ORIENTED_EDGE('',*,*,#6458,.T.);
#6458 = EDGE_CURVE('',#6449,#6459,#6461,.T.);
#6459 = VERTEX_POINT('',#6460);
#6460 = CARTESIAN_POINT('',(12.764705882353,29.,31.4));
#6461 = LINE('',#6462,#6463);
#6462 = CARTESIAN_POINT('',(12.764705882353,29.,38.4));
#6463 = VECTOR('',#6464,1.);
#6464 = DIRECTION('',(-0.,-0.,-1.));
#6465 = ORIENTED_EDGE('',*,*,#6466,.T.);
#6466 = EDGE_CURVE('',#6459,#4224,#6467,.T.);
#6467 = LINE('',#6468,#6469);
#6468 = CARTESIAN_POINT('',(12.764705882353,29.,31.4));
#6469 = VECTOR('',#6470,1.);
#6470 = DIRECTION('',(0.,-1.,0.));
#6471 = ORIENTED_EDGE('',*,*,#4223,.T.);
#6472 = ORIENTED_EDGE('',*,*,#3585,.T.);
#6473 = ORIENTED_EDGE('',*,*,#6474,.F.);
#6474 = EDGE_CURVE('',#6451,#3578,#6475,.T.);
#6475 = LINE('',#6476,#6477);
#6476 = CARTESIAN_POINT('',(12.764705882353,25.,38.4));
#6477 = VECTOR('',#6478,1.);
#6478 = DIRECTION('',(-0.,-0.,-1.));
#6479 = PLANE('',#6480);
#6480 = AXIS2_PLACEMENT_3D('',#6481,#6482,#6483);
#6481 = CARTESIAN_POINT('',(12.764705882353,29.,38.4));
#6482 = DIRECTION('',(-1.,0.,0.));
#6483 = DIRECTION('',(0.,-1.,0.));
#6484 = ADVANCED_FACE('',(#6485),#6503,.F.);
#6485 = FACE_BOUND('',#6486,.F.);
#6486 = EDGE_LOOP('',(#6487,#6495,#6496,#6497));
#6487 = ORIENTED_EDGE('',*,*,#6488,.F.);
#6488 = EDGE_CURVE('',#6451,#6489,#6491,.T.);
#6489 = VERTEX_POINT('',#6490);
#6490 = CARTESIAN_POINT('',(15.764705882353,25.,38.4));
#6491 = LINE('',#6492,#6493);
#6492 = CARTESIAN_POINT('',(12.764705882353,25.,38.4));
#6493 = VECTOR('',#6494,1.);
#6494 = DIRECTION('',(1.,0.,0.));
#6495 = ORIENTED_EDGE('',*,*,#6474,.T.);
#6496 = ORIENTED_EDGE('',*,*,#3577,.T.);
#6497 = ORIENTED_EDGE('',*,*,#6498,.F.);
#6498 = EDGE_CURVE('',#6489,#3570,#6499,.T.);
#6499 = LINE('',#6500,#6501);
#6500 = CARTESIAN_POINT('',(15.764705882353,25.,38.4));
#6501 = VECTOR('',#6502,1.);
#6502 = DIRECTION('',(-0.,-0.,-1.));
#6503 = PLANE('',#6504);
#6504 = AXIS2_PLACEMENT_3D('',#6505,#6506,#6507);
#6505 = CARTESIAN_POINT('',(12.764705882353,25.,38.4));
#6506 = DIRECTION('',(0.,-1.,0.));
#6507 = DIRECTION('',(1.,0.,0.));
#6508 = ADVANCED_FACE('',(#6509),#6536,.F.);
#6509 = FACE_BOUND('',#6510,.F.);
#6510 = EDGE_LOOP('',(#6511,#6519,#6520,#6521,#6522,#6530));
#6511 = ORIENTED_EDGE('',*,*,#6512,.F.);
#6512 = EDGE_CURVE('',#6489,#6513,#6515,.T.);
#6513 = VERTEX_POINT('',#6514);
#6514 = CARTESIAN_POINT('',(15.764705882353,29.,38.4));
#6515 = LINE('',#6516,#6517);
#6516 = CARTESIAN_POINT('',(15.764705882353,25.,38.4));
#6517 = VECTOR('',#6518,1.);
#6518 = DIRECTION('',(0.,1.,0.));
#6519 = ORIENTED_EDGE('',*,*,#6498,.T.);
#6520 = ORIENTED_EDGE('',*,*,#3569,.T.);
#6521 = ORIENTED_EDGE('',*,*,#4239,.T.);
#6522 = ORIENTED_EDGE('',*,*,#6523,.T.);
#6523 = EDGE_CURVE('',#4232,#6524,#6526,.T.);
#6524 = VERTEX_POINT('',#6525);
#6525 = CARTESIAN_POINT('',(15.764705882353,29.,31.4));
#6526 = LINE('',#6527,#6528);
#6527 = CARTESIAN_POINT('',(15.764705882353,25.,31.4));
#6528 = VECTOR('',#6529,1.);
#6529 = DIRECTION('',(0.,1.,0.));
#6530 = ORIENTED_EDGE('',*,*,#6531,.F.);
#6531 = EDGE_CURVE('',#6513,#6524,#6532,.T.);
#6532 = LINE('',#6533,#6534);
#6533 = CARTESIAN_POINT('',(15.764705882353,29.,38.4));
#6534 = VECTOR('',#6535,1.);
#6535 = DIRECTION('',(-0.,-0.,-1.));
#6536 = PLANE('',#6537);
#6537 = AXIS2_PLACEMENT_3D('',#6538,#6539,#6540);
#6538 = CARTESIAN_POINT('',(15.764705882353,25.,38.4));
#6539 = DIRECTION('',(1.,0.,0.));
#6540 = DIRECTION('',(0.,1.,0.));
#6541 = ADVANCED_FACE('',(#6542),#6576,.F.);
#6542 = FACE_BOUND('',#6543,.F.);
#6543 = EDGE_LOOP('',(#6544,#6554,#6562,#6568,#6569,#6570));
#6544 = ORIENTED_EDGE('',*,*,#6545,.F.);
#6545 = EDGE_CURVE('',#6546,#6548,#6550,.T.);
#6546 = VERTEX_POINT('',#6547);
#6547 = CARTESIAN_POINT('',(18.470588235294,29.,38.4));
#6548 = VERTEX_POINT('',#6549);
#6549 = CARTESIAN_POINT('',(18.470588235294,25.,38.4));
#6550 = LINE('',#6551,#6552);
#6551 = CARTESIAN_POINT('',(18.470588235294,29.,38.4));
#6552 = VECTOR('',#6553,1.);
#6553 = DIRECTION('',(0.,-1.,0.));
#6554 = ORIENTED_EDGE('',*,*,#6555,.T.);
#6555 = EDGE_CURVE('',#6546,#6556,#6558,.T.);
#6556 = VERTEX_POINT('',#6557);
#6557 = CARTESIAN_POINT('',(18.470588235294,29.,31.4));
#6558 = LINE('',#6559,#6560);
#6559 = CARTESIAN_POINT('',(18.470588235294,29.,38.4));
#6560 = VECTOR('',#6561,1.);
#6561 = DIRECTION('',(-0.,-0.,-1.));
#6562 = ORIENTED_EDGE('',*,*,#6563,.T.);
#6563 = EDGE_CURVE('',#6556,#4247,#6564,.T.);
#6564 = LINE('',#6565,#6566);
#6565 = CARTESIAN_POINT('',(18.470588235294,29.,31.4));
#6566 = VECTOR('',#6567,1.);
#6567 = DIRECTION('',(0.,-1.,0.));
#6568 = ORIENTED_EDGE('',*,*,#4246,.T.);
#6569 = ORIENTED_EDGE('',*,*,#3553,.T.);
#6570 = ORIENTED_EDGE('',*,*,#6571,.F.);
#6571 = EDGE_CURVE('',#6548,#3546,#6572,.T.);
#6572 = LINE('',#6573,#6574);
#6573 = CARTESIAN_POINT('',(18.470588235294,25.,38.4));
#6574 = VECTOR('',#6575,1.);
#6575 = DIRECTION('',(-0.,-0.,-1.));
#6576 = PLANE('',#6577);
#6577 = AXIS2_PLACEMENT_3D('',#6578,#6579,#6580);
#6578 = CARTESIAN_POINT('',(18.470588235294,29.,38.4));
#6579 = DIRECTION('',(-1.,0.,0.));
#6580 = DIRECTION('',(0.,-1.,0.));
#6581 = ADVANCED_FACE('',(#6582),#6600,.F.);
#6582 = FACE_BOUND('',#6583,.F.);
#6583 = EDGE_LOOP('',(#6584,#6592,#6593,#6594));
#6584 = ORIENTED_EDGE('',*,*,#6585,.F.);
#6585 = EDGE_CURVE('',#6548,#6586,#6588,.T.);
#6586 = VERTEX_POINT('',#6587);
#6587 = CARTESIAN_POINT('',(21.470588235294,25.,38.4));
#6588 = LINE('',#6589,#6590);
#6589 = CARTESIAN_POINT('',(18.470588235294,25.,38.4));
#6590 = VECTOR('',#6591,1.);
#6591 = DIRECTION('',(1.,0.,0.));
#6592 = ORIENTED_EDGE('',*,*,#6571,.T.);
#6593 = ORIENTED_EDGE('',*,*,#3545,.T.);
#6594 = ORIENTED_EDGE('',*,*,#6595,.F.);
#6595 = EDGE_CURVE('',#6586,#3538,#6596,.T.);
#6596 = LINE('',#6597,#6598);
#6597 = CARTESIAN_POINT('',(21.470588235294,25.,38.4));
#6598 = VECTOR('',#6599,1.);
#6599 = DIRECTION('',(-0.,-0.,-1.));
#6600 = PLANE('',#6601);
#6601 = AXIS2_PLACEMENT_3D('',#6602,#6603,#6604);
#6602 = CARTESIAN_POINT('',(18.470588235294,25.,38.4));
#6603 = DIRECTION('',(0.,-1.,0.));
#6604 = DIRECTION('',(1.,0.,0.));
#6605 = ADVANCED_FACE('',(#6606),#6633,.F.);
#6606 = FACE_BOUND('',#6607,.F.);
#6607 = EDGE_LOOP('',(#6608,#6616,#6617,#6618,#6619,#6627));
#6608 = ORIENTED_EDGE('',*,*,#6609,.F.);
#6609 = EDGE_CURVE('',#6586,#6610,#6612,.T.);
#6610 = VERTEX_POINT('',#6611);
#6611 = CARTESIAN_POINT('',(21.470588235294,29.,38.4));
#6612 = LINE('',#6613,#6614);
#6613 = CARTESIAN_POINT('',(21.470588235294,25.,38.4));
#6614 = VECTOR('',#6615,1.);
#6615 = DIRECTION('',(0.,1.,0.));
#6616 = ORIENTED_EDGE('',*,*,#6595,.T.);
#6617 = ORIENTED_EDGE('',*,*,#3537,.T.);
#6618 = ORIENTED_EDGE('',*,*,#4262,.T.);
#6619 = ORIENTED_EDGE('',*,*,#6620,.T.);
#6620 = EDGE_CURVE('',#4255,#6621,#6623,.T.);
#6621 = VERTEX_POINT('',#6622);
#6622 = CARTESIAN_POINT('',(21.470588235294,29.,31.4));
#6623 = LINE('',#6624,#6625);
#6624 = CARTESIAN_POINT('',(21.470588235294,25.,31.4));
#6625 = VECTOR('',#6626,1.);
#6626 = DIRECTION('',(0.,1.,0.));
#6627 = ORIENTED_EDGE('',*,*,#6628,.F.);
#6628 = EDGE_CURVE('',#6610,#6621,#6629,.T.);
#6629 = LINE('',#6630,#6631);
#6630 = CARTESIAN_POINT('',(21.470588235294,29.,38.4));
#6631 = VECTOR('',#6632,1.);
#6632 = DIRECTION('',(-0.,-0.,-1.));
#6633 = PLANE('',#6634);
#6634 = AXIS2_PLACEMENT_3D('',#6635,#6636,#6637);
#6635 = CARTESIAN_POINT('',(21.470588235294,25.,38.4));
#6636 = DIRECTION('',(1.,0.,0.));
#6637 = DIRECTION('',(0.,1.,0.));
#6638 = ADVANCED_FACE('',(#6639),#6673,.F.);
#6639 = FACE_BOUND('',#6640,.F.);
#6640 = EDGE_LOOP('',(#6641,#6651,#6659,#6665,#6666,#6667));
#6641 = ORIENTED_EDGE('',*,*,#6642,.F.);
#6642 = EDGE_CURVE('',#6643,#6645,#6647,.T.);
#6643 = VERTEX_POINT('',#6644);
#6644 = CARTESIAN_POINT('',(24.176470588235,29.,38.4));
#6645 = VERTEX_POINT('',#6646);
#6646 = CARTESIAN_POINT('',(24.176470588235,25.,38.4));
#6647 = LINE('',#6648,#6649);
#6648 = CARTESIAN_POINT('',(24.176470588235,29.,38.4));
#6649 = VECTOR('',#6650,1.);
#6650 = DIRECTION('',(0.,-1.,0.));
#6651 = ORIENTED_EDGE('',*,*,#6652,.T.);
#6652 = EDGE_CURVE('',#6643,#6653,#6655,.T.);
#6653 = VERTEX_POINT('',#6654);
#6654 = CARTESIAN_POINT('',(24.176470588235,29.,31.4));
#6655 = LINE('',#6656,#6657);
#6656 = CARTESIAN_POINT('',(24.176470588235,29.,38.4));
#6657 = VECTOR('',#6658,1.);
#6658 = DIRECTION('',(-0.,-0.,-1.));
#6659 = ORIENTED_EDGE('',*,*,#6660,.T.);
#6660 = EDGE_CURVE('',#6653,#4270,#6661,.T.);
#6661 = LINE('',#6662,#6663);
#6662 = CARTESIAN_POINT('',(24.176470588235,29.,31.4));
#6663 = VECTOR('',#6664,1.);
#6664 = DIRECTION('',(0.,-1.,0.));
#6665 = ORIENTED_EDGE('',*,*,#4269,.T.);
#6666 = ORIENTED_EDGE('',*,*,#3521,.T.);
#6667 = ORIENTED_EDGE('',*,*,#6668,.F.);
#6668 = EDGE_CURVE('',#6645,#3514,#6669,.T.);
#6669 = LINE('',#6670,#6671);
#6670 = CARTESIAN_POINT('',(24.176470588235,25.,38.4));
#6671 = VECTOR('',#6672,1.);
#6672 = DIRECTION('',(-0.,-0.,-1.));
#6673 = PLANE('',#6674);
#6674 = AXIS2_PLACEMENT_3D('',#6675,#6676,#6677);
#6675 = CARTESIAN_POINT('',(24.176470588235,29.,38.4));
#6676 = DIRECTION('',(-1.,0.,0.));
#6677 = DIRECTION('',(0.,-1.,0.));
#6678 = ADVANCED_FACE('',(#6679),#6697,.F.);
#6679 = FACE_BOUND('',#6680,.F.);
#6680 = EDGE_LOOP('',(#6681,#6689,#6690,#6691));
#6681 = ORIENTED_EDGE('',*,*,#6682,.F.);
#6682 = EDGE_CURVE('',#6645,#6683,#6685,.T.);
#6683 = VERTEX_POINT('',#6684);
#6684 = CARTESIAN_POINT('',(27.176470588235,25.,38.4));
#6685 = LINE('',#6686,#6687);
#6686 = CARTESIAN_POINT('',(24.176470588235,25.,38.4));
#6687 = VECTOR('',#6688,1.);
#6688 = DIRECTION('',(1.,0.,0.));
#6689 = ORIENTED_EDGE('',*,*,#6668,.T.);
#6690 = ORIENTED_EDGE('',*,*,#3513,.T.);
#6691 = ORIENTED_EDGE('',*,*,#6692,.F.);
#6692 = EDGE_CURVE('',#6683,#3506,#6693,.T.);
#6693 = LINE('',#6694,#6695);
#6694 = CARTESIAN_POINT('',(27.176470588235,25.,38.4));
#6695 = VECTOR('',#6696,1.);
#6696 = DIRECTION('',(-0.,-0.,-1.));
#6697 = PLANE('',#6698);
#6698 = AXIS2_PLACEMENT_3D('',#6699,#6700,#6701);
#6699 = CARTESIAN_POINT('',(24.176470588235,25.,38.4));
#6700 = DIRECTION('',(0.,-1.,0.));
#6701 = DIRECTION('',(1.,0.,0.));
#6702 = ADVANCED_FACE('',(#6703),#6730,.F.);
#6703 = FACE_BOUND('',#6704,.F.);
#6704 = EDGE_LOOP('',(#6705,#6713,#6714,#6715,#6716,#6724));
#6705 = ORIENTED_EDGE('',*,*,#6706,.F.);
#6706 = EDGE_CURVE('',#6683,#6707,#6709,.T.);
#6707 = VERTEX_POINT('',#6708);
#6708 = CARTESIAN_POINT('',(27.176470588235,29.,38.4));
#6709 = LINE('',#6710,#6711);
#6710 = CARTESIAN_POINT('',(27.176470588235,25.,38.4));
#6711 = VECTOR('',#6712,1.);
#6712 = DIRECTION('',(0.,1.,0.));
#6713 = ORIENTED_EDGE('',*,*,#6692,.T.);
#6714 = ORIENTED_EDGE('',*,*,#3505,.T.);
#6715 = ORIENTED_EDGE('',*,*,#4285,.T.);
#6716 = ORIENTED_EDGE('',*,*,#6717,.T.);
#6717 = EDGE_CURVE('',#4278,#6718,#6720,.T.);
#6718 = VERTEX_POINT('',#6719);
#6719 = CARTESIAN_POINT('',(27.176470588235,29.,31.4));
#6720 = LINE('',#6721,#6722);
#6721 = CARTESIAN_POINT('',(27.176470588235,25.,31.4));
#6722 = VECTOR('',#6723,1.);
#6723 = DIRECTION('',(0.,1.,0.));
#6724 = ORIENTED_EDGE('',*,*,#6725,.F.);
#6725 = EDGE_CURVE('',#6707,#6718,#6726,.T.);
#6726 = LINE('',#6727,#6728);
#6727 = CARTESIAN_POINT('',(27.176470588235,29.,38.4));
#6728 = VECTOR('',#6729,1.);
#6729 = DIRECTION('',(-0.,-0.,-1.));
#6730 = PLANE('',#6731);
#6731 = AXIS2_PLACEMENT_3D('',#6732,#6733,#6734);
#6732 = CARTESIAN_POINT('',(27.176470588235,25.,38.4));
#6733 = DIRECTION('',(1.,0.,0.));
#6734 = DIRECTION('',(0.,1.,0.));
#6735 = ADVANCED_FACE('',(#6736),#6770,.F.);
#6736 = FACE_BOUND('',#6737,.F.);
#6737 = EDGE_LOOP('',(#6738,#6748,#6756,#6762,#6763,#6764));
#6738 = ORIENTED_EDGE('',*,*,#6739,.F.);
#6739 = EDGE_CURVE('',#6740,#6742,#6744,.T.);
#6740 = VERTEX_POINT('',#6741);
#6741 = CARTESIAN_POINT('',(29.882352941176,29.,38.4));
#6742 = VERTEX_POINT('',#6743);
#6743 = CARTESIAN_POINT('',(29.882352941176,25.,38.4));
#6744 = LINE('',#6745,#6746);
#6745 = CARTESIAN_POINT('',(29.882352941176,29.,38.4));
#6746 = VECTOR('',#6747,1.);
#6747 = DIRECTION('',(0.,-1.,0.));
#6748 = ORIENTED_EDGE('',*,*,#6749,.T.);
#6749 = EDGE_CURVE('',#6740,#6750,#6752,.T.);
#6750 = VERTEX_POINT('',#6751);
#6751 = CARTESIAN_POINT('',(29.882352941176,29.,31.4));
#6752 = LINE('',#6753,#6754);
#6753 = CARTESIAN_POINT('',(29.882352941176,29.,38.4));
#6754 = VECTOR('',#6755,1.);
#6755 = DIRECTION('',(-0.,-0.,-1.));
#6756 = ORIENTED_EDGE('',*,*,#6757,.T.);
#6757 = EDGE_CURVE('',#6750,#4293,#6758,.T.);
#6758 = LINE('',#6759,#6760);
#6759 = CARTESIAN_POINT('',(29.882352941176,29.,31.4));
#6760 = VECTOR('',#6761,1.);
#6761 = DIRECTION('',(0.,-1.,0.));
#6762 = ORIENTED_EDGE('',*,*,#4292,.T.);
#6763 = ORIENTED_EDGE('',*,*,#3489,.T.);
#6764 = ORIENTED_EDGE('',*,*,#6765,.F.);
#6765 = EDGE_CURVE('',#6742,#3482,#6766,.T.);
#6766 = LINE('',#6767,#6768);
#6767 = CARTESIAN_POINT('',(29.882352941176,25.,38.4));
#6768 = VECTOR('',#6769,1.);
#6769 = DIRECTION('',(-0.,-0.,-1.));
#6770 = PLANE('',#6771);
#6771 = AXIS2_PLACEMENT_3D('',#6772,#6773,#6774);
#6772 = CARTESIAN_POINT('',(29.882352941176,29.,38.4));
#6773 = DIRECTION('',(-1.,0.,0.));
#6774 = DIRECTION('',(0.,-1.,0.));
#6775 = ADVANCED_FACE('',(#6776),#6794,.F.);
#6776 = FACE_BOUND('',#6777,.F.);
#6777 = EDGE_LOOP('',(#6778,#6786,#6787,#6788));
#6778 = ORIENTED_EDGE('',*,*,#6779,.F.);
#6779 = EDGE_CURVE('',#6742,#6780,#6782,.T.);
#6780 = VERTEX_POINT('',#6781);
#6781 = CARTESIAN_POINT('',(32.882352941176,25.,38.4));
#6782 = LINE('',#6783,#6784);
#6783 = CARTESIAN_POINT('',(29.882352941176,25.,38.4));
#6784 = VECTOR('',#6785,1.);
#6785 = DIRECTION('',(1.,0.,0.));
#6786 = ORIENTED_EDGE('',*,*,#6765,.T.);
#6787 = ORIENTED_EDGE('',*,*,#3481,.T.);
#6788 = ORIENTED_EDGE('',*,*,#6789,.F.);
#6789 = EDGE_CURVE('',#6780,#3474,#6790,.T.);
#6790 = LINE('',#6791,#6792);
#6791 = CARTESIAN_POINT('',(32.882352941176,25.,38.4));
#6792 = VECTOR('',#6793,1.);
#6793 = DIRECTION('',(-0.,-0.,-1.));
#6794 = PLANE('',#6795);
#6795 = AXIS2_PLACEMENT_3D('',#6796,#6797,#6798);
#6796 = CARTESIAN_POINT('',(29.882352941176,25.,38.4));
#6797 = DIRECTION('',(0.,-1.,0.));
#6798 = DIRECTION('',(1.,0.,0.));
#6799 = ADVANCED_FACE('',(#6800),#6827,.F.);
#6800 = FACE_BOUND('',#6801,.F.);
#6801 = EDGE_LOOP('',(#6802,#6810,#6811,#6812,#6813,#6821));
#6802 = ORIENTED_EDGE('',*,*,#6803,.F.);
#6803 = EDGE_CURVE('',#6780,#6804,#6806,.T.);
#6804 = VERTEX_POINT('',#6805);
#6805 = CARTESIAN_POINT('',(32.882352941176,29.,38.4));
#6806 = LINE('',#6807,#6808);
#6807 = CARTESIAN_POINT('',(32.882352941176,25.,38.4));
#6808 = VECTOR('',#6809,1.);
#6809 = DIRECTION('',(0.,1.,0.));
#6810 = ORIENTED_EDGE('',*,*,#6789,.T.);
#6811 = ORIENTED_EDGE('',*,*,#3473,.T.);
#6812 = ORIENTED_EDGE('',*,*,#4308,.T.);
#6813 = ORIENTED_EDGE('',*,*,#6814,.T.);
#6814 = EDGE_CURVE('',#4301,#6815,#6817,.T.);
#6815 = VERTEX_POINT('',#6816);
#6816 = CARTESIAN_POINT('',(32.882352941176,29.,31.4));
#6817 = LINE('',#6818,#6819);
#6818 = CARTESIAN_POINT('',(32.882352941176,25.,31.4));
#6819 = VECTOR('',#6820,1.);
#6820 = DIRECTION('',(0.,1.,0.));
#6821 = ORIENTED_EDGE('',*,*,#6822,.F.);
#6822 = EDGE_CURVE('',#6804,#6815,#6823,.T.);
#6823 = LINE('',#6824,#6825);
#6824 = CARTESIAN_POINT('',(32.882352941176,29.,38.4));
#6825 = VECTOR('',#6826,1.);
#6826 = DIRECTION('',(-0.,-0.,-1.));
#6827 = PLANE('',#6828);
#6828 = AXIS2_PLACEMENT_3D('',#6829,#6830,#6831);
#6829 = CARTESIAN_POINT('',(32.882352941176,25.,38.4));
#6830 = DIRECTION('',(1.,0.,0.));
#6831 = DIRECTION('',(0.,1.,0.));
#6832 = ADVANCED_FACE('',(#6833),#6867,.F.);
#6833 = FACE_BOUND('',#6834,.F.);
#6834 = EDGE_LOOP('',(#6835,#6845,#6853,#6859,#6860,#6861));
#6835 = ORIENTED_EDGE('',*,*,#6836,.F.);
#6836 = EDGE_CURVE('',#6837,#6839,#6841,.T.);
#6837 = VERTEX_POINT('',#6838);
#6838 = CARTESIAN_POINT('',(35.588235294118,29.,38.4));
#6839 = VERTEX_POINT('',#6840);
#6840 = CARTESIAN_POINT('',(35.588235294118,25.,38.4));
#6841 = LINE('',#6842,#6843);
#6842 = CARTESIAN_POINT('',(35.588235294118,29.,38.4));
#6843 = VECTOR('',#6844,1.);
#6844 = DIRECTION('',(0.,-1.,0.));
#6845 = ORIENTED_EDGE('',*,*,#6846,.T.);
#6846 = EDGE_CURVE('',#6837,#6847,#6849,.T.);
#6847 = VERTEX_POINT('',#6848);
#6848 = CARTESIAN_POINT('',(35.588235294118,29.,31.4));
#6849 = LINE('',#6850,#6851);
#6850 = CARTESIAN_POINT('',(35.588235294118,29.,38.4));
#6851 = VECTOR('',#6852,1.);
#6852 = DIRECTION('',(-0.,-0.,-1.));
#6853 = ORIENTED_EDGE('',*,*,#6854,.T.);
#6854 = EDGE_CURVE('',#6847,#4316,#6855,.T.);
#6855 = LINE('',#6856,#6857);
#6856 = CARTESIAN_POINT('',(35.588235294118,29.,31.4));
#6857 = VECTOR('',#6858,1.);
#6858 = DIRECTION('',(0.,-1.,0.));
#6859 = ORIENTED_EDGE('',*,*,#4315,.T.);
#6860 = ORIENTED_EDGE('',*,*,#3457,.T.);
#6861 = ORIENTED_EDGE('',*,*,#6862,.F.);
#6862 = EDGE_CURVE('',#6839,#3450,#6863,.T.);
#6863 = LINE('',#6864,#6865);
#6864 = CARTESIAN_POINT('',(35.588235294118,25.,38.4));
#6865 = VECTOR('',#6866,1.);
#6866 = DIRECTION('',(-0.,-0.,-1.));
#6867 = PLANE('',#6868);
#6868 = AXIS2_PLACEMENT_3D('',#6869,#6870,#6871);
#6869 = CARTESIAN_POINT('',(35.588235294118,29.,38.4));
#6870 = DIRECTION('',(-1.,0.,0.));
#6871 = DIRECTION('',(0.,-1.,0.));
#6872 = ADVANCED_FACE('',(#6873),#6891,.F.);
#6873 = FACE_BOUND('',#6874,.F.);
#6874 = EDGE_LOOP('',(#6875,#6883,#6884,#6885));
#6875 = ORIENTED_EDGE('',*,*,#6876,.F.);
#6876 = EDGE_CURVE('',#6839,#6877,#6879,.T.);
#6877 = VERTEX_POINT('',#6878);
#6878 = CARTESIAN_POINT('',(38.588235294118,25.,38.4));
#6879 = LINE('',#6880,#6881);
#6880 = CARTESIAN_POINT('',(35.588235294118,25.,38.4));
#6881 = VECTOR('',#6882,1.);
#6882 = DIRECTION('',(1.,0.,0.));
#6883 = ORIENTED_EDGE('',*,*,#6862,.T.);
#6884 = ORIENTED_EDGE('',*,*,#3449,.T.);
#6885 = ORIENTED_EDGE('',*,*,#6886,.F.);
#6886 = EDGE_CURVE('',#6877,#3442,#6887,.T.);
#6887 = LINE('',#6888,#6889);
#6888 = CARTESIAN_POINT('',(38.588235294118,25.,38.4));
#6889 = VECTOR('',#6890,1.);
#6890 = DIRECTION('',(-0.,-0.,-1.));
#6891 = PLANE('',#6892);
#6892 = AXIS2_PLACEMENT_3D('',#6893,#6894,#6895);
#6893 = CARTESIAN_POINT('',(35.588235294118,25.,38.4));
#6894 = DIRECTION('',(0.,-1.,0.));
#6895 = DIRECTION('',(1.,0.,0.));
#6896 = ADVANCED_FACE('',(#6897),#6924,.F.);
#6897 = FACE_BOUND('',#6898,.F.);
#6898 = EDGE_LOOP('',(#6899,#6907,#6908,#6909,#6910,#6918));
#6899 = ORIENTED_EDGE('',*,*,#6900,.F.);
#6900 = EDGE_CURVE('',#6877,#6901,#6903,.T.);
#6901 = VERTEX_POINT('',#6902);
#6902 = CARTESIAN_POINT('',(38.588235294118,29.,38.4));
#6903 = LINE('',#6904,#6905);
#6904 = CARTESIAN_POINT('',(38.588235294118,25.,38.4));
#6905 = VECTOR('',#6906,1.);
#6906 = DIRECTION('',(0.,1.,0.));
#6907 = ORIENTED_EDGE('',*,*,#6886,.T.);
#6908 = ORIENTED_EDGE('',*,*,#3441,.T.);
#6909 = ORIENTED_EDGE('',*,*,#4331,.T.);
#6910 = ORIENTED_EDGE('',*,*,#6911,.T.);
#6911 = EDGE_CURVE('',#4324,#6912,#6914,.T.);
#6912 = VERTEX_POINT('',#6913);
#6913 = CARTESIAN_POINT('',(38.588235294118,29.,31.4));
#6914 = LINE('',#6915,#6916);
#6915 = CARTESIAN_POINT('',(38.588235294118,25.,31.4));
#6916 = VECTOR('',#6917,1.);
#6917 = DIRECTION('',(0.,1.,0.));
#6918 = ORIENTED_EDGE('',*,*,#6919,.F.);
#6919 = EDGE_CURVE('',#6901,#6912,#6920,.T.);
#6920 = LINE('',#6921,#6922);
#6921 = CARTESIAN_POINT('',(38.588235294118,29.,38.4));
#6922 = VECTOR('',#6923,1.);
#6923 = DIRECTION('',(-0.,-0.,-1.));
#6924 = PLANE('',#6925);
#6925 = AXIS2_PLACEMENT_3D('',#6926,#6927,#6928);
#6926 = CARTESIAN_POINT('',(38.588235294118,25.,38.4));
#6927 = DIRECTION('',(1.,0.,0.));
#6928 = DIRECTION('',(0.,1.,0.));
#6929 = ADVANCED_FACE('',(#6930),#6964,.F.);
#6930 = FACE_BOUND('',#6931,.F.);
#6931 = EDGE_LOOP('',(#6932,#6942,#6950,#6956,#6957,#6958));
#6932 = ORIENTED_EDGE('',*,*,#6933,.F.);
#6933 = EDGE_CURVE('',#6934,#6936,#6938,.T.);
#6934 = VERTEX_POINT('',#6935);
#6935 = CARTESIAN_POINT('',(41.294117647059,29.,38.4));
#6936 = VERTEX_POINT('',#6937);
#6937 = CARTESIAN_POINT('',(41.294117647059,25.,38.4));
#6938 = LINE('',#6939,#6940);
#6939 = CARTESIAN_POINT('',(41.294117647059,29.,38.4));
#6940 = VECTOR('',#6941,1.);
#6941 = DIRECTION('',(0.,-1.,0.));
#6942 = ORIENTED_EDGE('',*,*,#6943,.T.);
#6943 = EDGE_CURVE('',#6934,#6944,#6946,.T.);
#6944 = VERTEX_POINT('',#6945);
#6945 = CARTESIAN_POINT('',(41.294117647059,29.,31.4));
#6946 = LINE('',#6947,#6948);
#6947 = CARTESIAN_POINT('',(41.294117647059,29.,38.4));
#6948 = VECTOR('',#6949,1.);
#6949 = DIRECTION('',(-0.,-0.,-1.));
#6950 = ORIENTED_EDGE('',*,*,#6951,.T.);
#6951 = EDGE_CURVE('',#6944,#4339,#6952,.T.);
#6952 = LINE('',#6953,#6954);
#6953 = CARTESIAN_POINT('',(41.294117647059,29.,31.4));
#6954 = VECTOR('',#6955,1.);
#6955 = DIRECTION('',(0.,-1.,0.));
#6956 = ORIENTED_EDGE('',*,*,#4338,.T.);
#6957 = ORIENTED_EDGE('',*,*,#3425,.T.);
#6958 = ORIENTED_EDGE('',*,*,#6959,.F.);
#6959 = EDGE_CURVE('',#6936,#3418,#6960,.T.);
#6960 = LINE('',#6961,#6962);
#6961 = CARTESIAN_POINT('',(41.294117647059,25.,38.4));
#6962 = VECTOR('',#6963,1.);
#6963 = DIRECTION('',(-0.,-0.,-1.));
#6964 = PLANE('',#6965);
#6965 = AXIS2_PLACEMENT_3D('',#6966,#6967,#6968);
#6966 = CARTESIAN_POINT('',(41.294117647059,29.,38.4));
#6967 = DIRECTION('',(-1.,0.,0.));
#6968 = DIRECTION('',(0.,-1.,0.));
#6969 = ADVANCED_FACE('',(#6970),#6988,.F.);
#6970 = FACE_BOUND('',#6971,.F.);
#6971 = EDGE_LOOP('',(#6972,#6980,#6981,#6982));
#6972 = ORIENTED_EDGE('',*,*,#6973,.F.);
#6973 = EDGE_CURVE('',#6936,#6974,#6976,.T.);
#6974 = VERTEX_POINT('',#6975);
#6975 = CARTESIAN_POINT('',(44.294117647059,25.,38.4));
#6976 = LINE('',#6977,#6978);
#6977 = CARTESIAN_POINT('',(41.294117647059,25.,38.4));
#6978 = VECTOR('',#6979,1.);
#6979 = DIRECTION('',(1.,0.,0.));
#6980 = ORIENTED_EDGE('',*,*,#6959,.T.);
#6981 = ORIENTED_EDGE('',*,*,#3417,.T.);
#6982 = ORIENTED_EDGE('',*,*,#6983,.F.);
#6983 = EDGE_CURVE('',#6974,#3410,#6984,.T.);
#6984 = LINE('',#6985,#6986);
#6985 = CARTESIAN_POINT('',(44.294117647059,25.,38.4));
#6986 = VECTOR('',#6987,1.);
#6987 = DIRECTION('',(-0.,-0.,-1.));
#6988 = PLANE('',#6989);
#6989 = AXIS2_PLACEMENT_3D('',#6990,#6991,#6992);
#6990 = CARTESIAN_POINT('',(41.294117647059,25.,38.4));
#6991 = DIRECTION('',(0.,-1.,0.));
#6992 = DIRECTION('',(1.,0.,0.));
#6993 = ADVANCED_FACE('',(#6994),#7021,.F.);
#6994 = FACE_BOUND('',#6995,.F.);
#6995 = EDGE_LOOP('',(#6996,#7004,#7005,#7006,#7007,#7015));
#6996 = ORIENTED_EDGE('',*,*,#6997,.F.);
#6997 = EDGE_CURVE('',#6974,#6998,#7000,.T.);
#6998 = VERTEX_POINT('',#6999);
#6999 = CARTESIAN_POINT('',(44.294117647059,29.,38.4));
#7000 = LINE('',#7001,#7002);
#7001 = CARTESIAN_POINT('',(44.294117647059,25.,38.4));
#7002 = VECTOR('',#7003,1.);
#7003 = DIRECTION('',(0.,1.,0.));
#7004 = ORIENTED_EDGE('',*,*,#6983,.T.);
#7005 = ORIENTED_EDGE('',*,*,#3409,.T.);
#7006 = ORIENTED_EDGE('',*,*,#4354,.T.);
#7007 = ORIENTED_EDGE('',*,*,#7008,.T.);
#7008 = EDGE_CURVE('',#4347,#7009,#7011,.T.);
#7009 = VERTEX_POINT('',#7010);
#7010 = CARTESIAN_POINT('',(44.294117647059,29.,31.4));
#7011 = LINE('',#7012,#7013);
#7012 = CARTESIAN_POINT('',(44.294117647059,25.,31.4));
#7013 = VECTOR('',#7014,1.);
#7014 = DIRECTION('',(0.,1.,0.));
#7015 = ORIENTED_EDGE('',*,*,#7016,.F.);
#7016 = EDGE_CURVE('',#6998,#7009,#7017,.T.);
#7017 = LINE('',#7018,#7019);
#7018 = CARTESIAN_POINT('',(44.294117647059,29.,38.4));
#7019 = VECTOR('',#7020,1.);
#7020 = DIRECTION('',(-0.,-0.,-1.));
#7021 = PLANE('',#7022);
#7022 = AXIS2_PLACEMENT_3D('',#7023,#7024,#7025);
#7023 = CARTESIAN_POINT('',(44.294117647059,25.,38.4));
#7024 = DIRECTION('',(1.,0.,0.));
#7025 = DIRECTION('',(0.,1.,0.));
#7026 = ADVANCED_FACE('',(#7027),#7061,.F.);
#7027 = FACE_BOUND('',#7028,.F.);
#7028 = EDGE_LOOP('',(#7029,#7039,#7047,#7053,#7054,#7055));
#7029 = ORIENTED_EDGE('',*,*,#7030,.F.);
#7030 = EDGE_CURVE('',#7031,#7033,#7035,.T.);
#7031 = VERTEX_POINT('',#7032);
#7032 = CARTESIAN_POINT('',(47.,29.,38.4));
#7033 = VERTEX_POINT('',#7034);
#7034 = CARTESIAN_POINT('',(47.,25.,38.4));
#7035 = LINE('',#7036,#7037);
#7036 = CARTESIAN_POINT('',(47.,29.,38.4));
#7037 = VECTOR('',#7038,1.);
#7038 = DIRECTION('',(0.,-1.,0.));
#7039 = ORIENTED_EDGE('',*,*,#7040,.T.);
#7040 = EDGE_CURVE('',#7031,#7041,#7043,.T.);
#7041 = VERTEX_POINT('',#7042);
#7042 = CARTESIAN_POINT('',(47.,29.,31.4));
#7043 = LINE('',#7044,#7045);
#7044 = CARTESIAN_POINT('',(47.,29.,38.4));
#7045 = VECTOR('',#7046,1.);
#7046 = DIRECTION('',(-0.,-0.,-1.));
#7047 = ORIENTED_EDGE('',*,*,#7048,.T.);
#7048 = EDGE_CURVE('',#7041,#4362,#7049,.T.);
#7049 = LINE('',#7050,#7051);
#7050 = CARTESIAN_POINT('',(47.,29.,31.4));
#7051 = VECTOR('',#7052,1.);
#7052 = DIRECTION('',(0.,-1.,0.));
#7053 = ORIENTED_EDGE('',*,*,#4361,.T.);
#7054 = ORIENTED_EDGE('',*,*,#3393,.T.);
#7055 = ORIENTED_EDGE('',*,*,#7056,.F.);
#7056 = EDGE_CURVE('',#7033,#3386,#7057,.T.);
#7057 = LINE('',#7058,#7059);
#7058 = CARTESIAN_POINT('',(47.,25.,38.4));
#7059 = VECTOR('',#7060,1.);
#7060 = DIRECTION('',(-0.,-0.,-1.));
#7061 = PLANE('',#7062);
#7062 = AXIS2_PLACEMENT_3D('',#7063,#7064,#7065);
#7063 = CARTESIAN_POINT('',(47.,29.,38.4));
#7064 = DIRECTION('',(-1.,0.,0.));
#7065 = DIRECTION('',(0.,-1.,0.));
#7066 = ADVANCED_FACE('',(#7067),#7085,.F.);
#7067 = FACE_BOUND('',#7068,.F.);
#7068 = EDGE_LOOP('',(#7069,#7077,#7078,#7079));
#7069 = ORIENTED_EDGE('',*,*,#7070,.F.);
#7070 = EDGE_CURVE('',#7033,#7071,#7073,.T.);
#7071 = VERTEX_POINT('',#7072);
#7072 = CARTESIAN_POINT('',(50.,25.,38.4));
#7073 = LINE('',#7074,#7075);
#7074 = CARTESIAN_POINT('',(47.,25.,38.4));
#7075 = VECTOR('',#7076,1.);
#7076 = DIRECTION('',(1.,0.,0.));
#7077 = ORIENTED_EDGE('',*,*,#7056,.T.);
#7078 = ORIENTED_EDGE('',*,*,#3385,.T.);
#7079 = ORIENTED_EDGE('',*,*,#7080,.F.);
#7080 = EDGE_CURVE('',#7071,#3378,#7081,.T.);
#7081 = LINE('',#7082,#7083);
#7082 = CARTESIAN_POINT('',(50.,25.,38.4));
#7083 = VECTOR('',#7084,1.);
#7084 = DIRECTION('',(-0.,-0.,-1.));
#7085 = PLANE('',#7086);
#7086 = AXIS2_PLACEMENT_3D('',#7087,#7088,#7089);
#7087 = CARTESIAN_POINT('',(47.,25.,38.4));
#7088 = DIRECTION('',(0.,-1.,0.));
#7089 = DIRECTION('',(1.,0.,0.));
#7090 = ADVANCED_FACE('',(#7091),#7118,.F.);
#7091 = FACE_BOUND('',#7092,.F.);
#7092 = EDGE_LOOP('',(#7093,#7101,#7102,#7103,#7104,#7112));
#7093 = ORIENTED_EDGE('',*,*,#7094,.F.);
#7094 = EDGE_CURVE('',#7071,#7095,#7097,.T.);
#7095 = VERTEX_POINT('',#7096);
#7096 = CARTESIAN_POINT('',(50.,29.,38.4));
#7097 = LINE('',#7098,#7099);
#7098 = CARTESIAN_POINT('',(50.,25.,38.4));
#7099 = VECTOR('',#7100,1.);
#7100 = DIRECTION('',(0.,1.,0.));
#7101 = ORIENTED_EDGE('',*,*,#7080,.T.);
#7102 = ORIENTED_EDGE('',*,*,#3377,.T.);
#7103 = ORIENTED_EDGE('',*,*,#4377,.T.);
#7104 = ORIENTED_EDGE('',*,*,#7105,.T.);
#7105 = EDGE_CURVE('',#4370,#7106,#7108,.T.);
#7106 = VERTEX_POINT('',#7107);
#7107 = CARTESIAN_POINT('',(50.,29.,31.4));
#7108 = LINE('',#7109,#7110);
#7109 = CARTESIAN_POINT('',(50.,25.,31.4));
#7110 = VECTOR('',#7111,1.);
#7111 = DIRECTION('',(0.,1.,0.));
#7112 = ORIENTED_EDGE('',*,*,#7113,.F.);
#7113 = EDGE_CURVE('',#7095,#7106,#7114,.T.);
#7114 = LINE('',#7115,#7116);
#7115 = CARTESIAN_POINT('',(50.,29.,38.4));
#7116 = VECTOR('',#7117,1.);
#7117 = DIRECTION('',(-0.,-0.,-1.));
#7118 = PLANE('',#7119);
#7119 = AXIS2_PLACEMENT_3D('',#7120,#7121,#7122);
#7120 = CARTESIAN_POINT('',(50.,25.,38.4));
#7121 = DIRECTION('',(1.,0.,0.));
#7122 = DIRECTION('',(0.,1.,0.));
#7123 = ADVANCED_FACE('',(#7124),#7135,.T.);
#7124 = FACE_BOUND('',#7125,.T.);
#7125 = EDGE_LOOP('',(#7126,#7132,#7133,#7134));
#7126 = ORIENTED_EDGE('',*,*,#7127,.T.);
#7127 = EDGE_CURVE('',#7106,#7041,#7128,.T.);
#7128 = LINE('',#7129,#7130);
#7129 = CARTESIAN_POINT('',(50.,29.,31.4));
#7130 = VECTOR('',#7131,1.);
#7131 = DIRECTION('',(-1.,0.,0.));
#7132 = ORIENTED_EDGE('',*,*,#7048,.T.);
#7133 = ORIENTED_EDGE('',*,*,#4369,.T.);
#7134 = ORIENTED_EDGE('',*,*,#7105,.T.);
#7135 = PLANE('',#7136);
#7136 = AXIS2_PLACEMENT_3D('',#7137,#7138,#7139);
#7137 = CARTESIAN_POINT('',(48.5,-2.075445E-11,31.4));
#7138 = DIRECTION('',(0.,0.,1.));
#7139 = DIRECTION('',(1.,0.,0.));
#7140 = ADVANCED_FACE('',(#7141),#7152,.T.);
#7141 = FACE_BOUND('',#7142,.T.);
#7142 = EDGE_LOOP('',(#7143,#7149,#7150,#7151));
#7143 = ORIENTED_EDGE('',*,*,#7144,.T.);
#7144 = EDGE_CURVE('',#7009,#6944,#7145,.T.);
#7145 = LINE('',#7146,#7147);
#7146 = CARTESIAN_POINT('',(44.294117647059,29.,31.4));
#7147 = VECTOR('',#7148,1.);
#7148 = DIRECTION('',(-1.,0.,0.));
#7149 = ORIENTED_EDGE('',*,*,#6951,.T.);
#7150 = ORIENTED_EDGE('',*,*,#4346,.T.);
#7151 = ORIENTED_EDGE('',*,*,#7008,.T.);
#7152 = PLANE('',#7153);
#7153 = AXIS2_PLACEMENT_3D('',#7154,#7155,#7156);
#7154 = CARTESIAN_POINT('',(42.794117647059,-2.075445E-11,31.4));
#7155 = DIRECTION('',(0.,0.,1.));
#7156 = DIRECTION('',(1.,0.,0.));
#7157 = ADVANCED_FACE('',(#7158),#7169,.T.);
#7158 = FACE_BOUND('',#7159,.T.);
#7159 = EDGE_LOOP('',(#7160,#7166,#7167,#7168));
#7160 = ORIENTED_EDGE('',*,*,#7161,.T.);
#7161 = EDGE_CURVE('',#6912,#6847,#7162,.T.);
#7162 = LINE('',#7163,#7164);
#7163 = CARTESIAN_POINT('',(38.588235294118,29.,31.4));
#7164 = VECTOR('',#7165,1.);
#7165 = DIRECTION('',(-1.,0.,0.));
#7166 = ORIENTED_EDGE('',*,*,#6854,.T.);
#7167 = ORIENTED_EDGE('',*,*,#4323,.T.);
#7168 = ORIENTED_EDGE('',*,*,#6911,.T.);
#7169 = PLANE('',#7170);
#7170 = AXIS2_PLACEMENT_3D('',#7171,#7172,#7173);
#7171 = CARTESIAN_POINT('',(37.088235294118,-2.075445E-11,31.4));
#7172 = DIRECTION('',(0.,0.,1.));
#7173 = DIRECTION('',(1.,0.,0.));
#7174 = ADVANCED_FACE('',(#7175),#7186,.T.);
#7175 = FACE_BOUND('',#7176,.T.);
#7176 = EDGE_LOOP('',(#7177,#7183,#7184,#7185));
#7177 = ORIENTED_EDGE('',*,*,#7178,.T.);
#7178 = EDGE_CURVE('',#6815,#6750,#7179,.T.);
#7179 = LINE('',#7180,#7181);
#7180 = CARTESIAN_POINT('',(32.882352941176,29.,31.4));
#7181 = VECTOR('',#7182,1.);
#7182 = DIRECTION('',(-1.,0.,0.));
#7183 = ORIENTED_EDGE('',*,*,#6757,.T.);
#7184 = ORIENTED_EDGE('',*,*,#4300,.T.);
#7185 = ORIENTED_EDGE('',*,*,#6814,.T.);
#7186 = PLANE('',#7187);
#7187 = AXIS2_PLACEMENT_3D('',#7188,#7189,#7190);
#7188 = CARTESIAN_POINT('',(31.382352941176,-2.075445E-11,31.4));
#7189 = DIRECTION('',(0.,0.,1.));
#7190 = DIRECTION('',(1.,0.,0.));
#7191 = ADVANCED_FACE('',(#7192),#7203,.T.);
#7192 = FACE_BOUND('',#7193,.T.);
#7193 = EDGE_LOOP('',(#7194,#7200,#7201,#7202));
#7194 = ORIENTED_EDGE('',*,*,#7195,.T.);
#7195 = EDGE_CURVE('',#6718,#6653,#7196,.T.);
#7196 = LINE('',#7197,#7198);
#7197 = CARTESIAN_POINT('',(27.176470588235,29.,31.4));
#7198 = VECTOR('',#7199,1.);
#7199 = DIRECTION('',(-1.,0.,0.));
#7200 = ORIENTED_EDGE('',*,*,#6660,.T.);
#7201 = ORIENTED_EDGE('',*,*,#4277,.T.);
#7202 = ORIENTED_EDGE('',*,*,#6717,.T.);
#7203 = PLANE('',#7204);
#7204 = AXIS2_PLACEMENT_3D('',#7205,#7206,#7207);
#7205 = CARTESIAN_POINT('',(25.676470588235,-2.075445E-11,31.4));
#7206 = DIRECTION('',(0.,0.,1.));
#7207 = DIRECTION('',(1.,0.,0.));
#7208 = ADVANCED_FACE('',(#7209),#7220,.T.);
#7209 = FACE_BOUND('',#7210,.T.);
#7210 = EDGE_LOOP('',(#7211,#7217,#7218,#7219));
#7211 = ORIENTED_EDGE('',*,*,#7212,.T.);
#7212 = EDGE_CURVE('',#6621,#6556,#7213,.T.);
#7213 = LINE('',#7214,#7215);
#7214 = CARTESIAN_POINT('',(21.470588235294,29.,31.4));
#7215 = VECTOR('',#7216,1.);
#7216 = DIRECTION('',(-1.,0.,0.));
#7217 = ORIENTED_EDGE('',*,*,#6563,.T.);
#7218 = ORIENTED_EDGE('',*,*,#4254,.T.);
#7219 = ORIENTED_EDGE('',*,*,#6620,.T.);
#7220 = PLANE('',#7221);
#7221 = AXIS2_PLACEMENT_3D('',#7222,#7223,#7224);
#7222 = CARTESIAN_POINT('',(19.970588235294,-2.075445E-11,31.4));
#7223 = DIRECTION('',(0.,0.,1.));
#7224 = DIRECTION('',(1.,0.,0.));
#7225 = ADVANCED_FACE('',(#7226),#7237,.T.);
#7226 = FACE_BOUND('',#7227,.T.);
#7227 = EDGE_LOOP('',(#7228,#7234,#7235,#7236));
#7228 = ORIENTED_EDGE('',*,*,#7229,.T.);
#7229 = EDGE_CURVE('',#6524,#6459,#7230,.T.);
#7230 = LINE('',#7231,#7232);
#7231 = CARTESIAN_POINT('',(15.764705882353,29.,31.4));
#7232 = VECTOR('',#7233,1.);
#7233 = DIRECTION('',(-1.,0.,0.));
#7234 = ORIENTED_EDGE('',*,*,#6466,.T.);
#7235 = ORIENTED_EDGE('',*,*,#4231,.T.);
#7236 = ORIENTED_EDGE('',*,*,#6523,.T.);
#7237 = PLANE('',#7238);
#7238 = AXIS2_PLACEMENT_3D('',#7239,#7240,#7241);
#7239 = CARTESIAN_POINT('',(14.264705882353,-2.075445E-11,31.4));
#7240 = DIRECTION('',(0.,0.,1.));
#7241 = DIRECTION('',(1.,0.,0.));
#7242 = ADVANCED_FACE('',(#7243),#7254,.T.);
#7243 = FACE_BOUND('',#7244,.T.);
#7244 = EDGE_LOOP('',(#7245,#7251,#7252,#7253));
#7245 = ORIENTED_EDGE('',*,*,#7246,.T.);
#7246 = EDGE_CURVE('',#6427,#6362,#7247,.T.);
#7247 = LINE('',#7248,#7249);
#7248 = CARTESIAN_POINT('',(10.058823529412,29.,31.4));
#7249 = VECTOR('',#7250,1.);
#7250 = DIRECTION('',(-1.,0.,0.));
#7251 = ORIENTED_EDGE('',*,*,#6369,.T.);
#7252 = ORIENTED_EDGE('',*,*,#4208,.T.);
#7253 = ORIENTED_EDGE('',*,*,#6426,.T.);
#7254 = PLANE('',#7255);
#7255 = AXIS2_PLACEMENT_3D('',#7256,#7257,#7258);
#7256 = CARTESIAN_POINT('',(8.558823529412,-2.075445E-11,31.4));
#7257 = DIRECTION('',(0.,0.,1.));
#7258 = DIRECTION('',(1.,0.,0.));
#7259 = ADVANCED_FACE('',(#7260),#7271,.T.);
#7260 = FACE_BOUND('',#7261,.T.);
#7261 = EDGE_LOOP('',(#7262,#7268,#7269,#7270));
#7262 = ORIENTED_EDGE('',*,*,#7263,.T.);
#7263 = EDGE_CURVE('',#6330,#6265,#7264,.T.);
#7264 = LINE('',#7265,#7266);
#7265 = CARTESIAN_POINT('',(4.352941176471,29.,31.4));
#7266 = VECTOR('',#7267,1.);
#7267 = DIRECTION('',(-1.,0.,0.));
#7268 = ORIENTED_EDGE('',*,*,#6272,.T.);
#7269 = ORIENTED_EDGE('',*,*,#4185,.T.);
#7270 = ORIENTED_EDGE('',*,*,#6329,.T.);
#7271 = PLANE('',#7272);
#7272 = AXIS2_PLACEMENT_3D('',#7273,#7274,#7275);
#7273 = CARTESIAN_POINT('',(2.852941176471,-2.075445E-11,31.4));
#7274 = DIRECTION('',(0.,0.,1.));
#7275 = DIRECTION('',(1.,0.,0.));
#7276 = ADVANCED_FACE('',(#7277),#7288,.T.);
#7277 = FACE_BOUND('',#7278,.T.);
#7278 = EDGE_LOOP('',(#7279,#7285,#7286,#7287));
#7279 = ORIENTED_EDGE('',*,*,#7280,.T.);
#7280 = EDGE_CURVE('',#6233,#6168,#7281,.T.);
#7281 = LINE('',#7282,#7283);
#7282 = CARTESIAN_POINT('',(-1.352941176471,29.,31.4));
#7283 = VECTOR('',#7284,1.);
#7284 = DIRECTION('',(-1.,0.,0.));
#7285 = ORIENTED_EDGE('',*,*,#6175,.T.);
#7286 = ORIENTED_EDGE('',*,*,#4162,.T.);
#7287 = ORIENTED_EDGE('',*,*,#6232,.T.);
#7288 = PLANE('',#7289);
#7289 = AXIS2_PLACEMENT_3D('',#7290,#7291,#7292);
#7290 = CARTESIAN_POINT('',(-2.852941176471,-2.075445E-11,31.4));
#7291 = DIRECTION('',(0.,0.,1.));
#7292 = DIRECTION('',(1.,0.,0.));
#7293 = ADVANCED_FACE('',(#7294),#7305,.T.);
#7294 = FACE_BOUND('',#7295,.T.);
#7295 = EDGE_LOOP('',(#7296,#7302,#7303,#7304));
#7296 = ORIENTED_EDGE('',*,*,#7297,.T.);
#7297 = EDGE_CURVE('',#6136,#6071,#7298,.T.);
#7298 = LINE('',#7299,#7300);
#7299 = CARTESIAN_POINT('',(-7.058823529412,29.,31.4));
#7300 = VECTOR('',#7301,1.);
#7301 = DIRECTION('',(-1.,0.,0.));
#7302 = ORIENTED_EDGE('',*,*,#6078,.T.);
#7303 = ORIENTED_EDGE('',*,*,#4139,.T.);
#7304 = ORIENTED_EDGE('',*,*,#6135,.T.);
#7305 = PLANE('',#7306);
#7306 = AXIS2_PLACEMENT_3D('',#7307,#7308,#7309);
#7307 = CARTESIAN_POINT('',(-8.558823529412,-2.075445E-11,31.4));
#7308 = DIRECTION('',(0.,0.,1.));
#7309 = DIRECTION('',(1.,0.,0.));
#7310 = ADVANCED_FACE('',(#7311),#7322,.T.);
#7311 = FACE_BOUND('',#7312,.T.);
#7312 = EDGE_LOOP('',(#7313,#7319,#7320,#7321));
#7313 = ORIENTED_EDGE('',*,*,#7314,.T.);
#7314 = EDGE_CURVE('',#6039,#5974,#7315,.T.);
#7315 = LINE('',#7316,#7317);
#7316 = CARTESIAN_POINT('',(-12.76470588235,29.,31.4));
#7317 = VECTOR('',#7318,1.);
#7318 = DIRECTION('',(-1.,0.,0.));
#7319 = ORIENTED_EDGE('',*,*,#5981,.T.);
#7320 = ORIENTED_EDGE('',*,*,#4116,.T.);
#7321 = ORIENTED_EDGE('',*,*,#6038,.T.);
#7322 = PLANE('',#7323);
#7323 = AXIS2_PLACEMENT_3D('',#7324,#7325,#7326);
#7324 = CARTESIAN_POINT('',(-14.26470588235,-2.075445E-11,31.4));
#7325 = DIRECTION('',(0.,0.,1.));
#7326 = DIRECTION('',(1.,0.,0.));
#7327 = ADVANCED_FACE('',(#7328),#7339,.T.);
#7328 = FACE_BOUND('',#7329,.T.);
#7329 = EDGE_LOOP('',(#7330,#7336,#7337,#7338));
#7330 = ORIENTED_EDGE('',*,*,#7331,.T.);
#7331 = EDGE_CURVE('',#5942,#5877,#7332,.T.);
#7332 = LINE('',#7333,#7334);
#7333 = CARTESIAN_POINT('',(-18.47058823529,29.,31.4));
#7334 = VECTOR('',#7335,1.);
#7335 = DIRECTION('',(-1.,0.,0.));
#7336 = ORIENTED_EDGE('',*,*,#5884,.T.);
#7337 = ORIENTED_EDGE('',*,*,#4093,.T.);
#7338 = ORIENTED_EDGE('',*,*,#5941,.T.);
#7339 = PLANE('',#7340);
#7340 = AXIS2_PLACEMENT_3D('',#7341,#7342,#7343);
#7341 = CARTESIAN_POINT('',(-19.97058823529,-2.075445E-11,31.4));
#7342 = DIRECTION('',(0.,0.,1.));
#7343 = DIRECTION('',(1.,0.,0.));
#7344 = ADVANCED_FACE('',(#7345),#7356,.T.);
#7345 = FACE_BOUND('',#7346,.T.);
#7346 = EDGE_LOOP('',(#7347,#7353,#7354,#7355));
#7347 = ORIENTED_EDGE('',*,*,#7348,.T.);
#7348 = EDGE_CURVE('',#5845,#5780,#7349,.T.);
#7349 = LINE('',#7350,#7351);
#7350 = CARTESIAN_POINT('',(-24.17647058823,29.,31.4));
#7351 = VECTOR('',#7352,1.);
#7352 = DIRECTION('',(-1.,0.,0.));
#7353 = ORIENTED_EDGE('',*,*,#5787,.T.);
#7354 = ORIENTED_EDGE('',*,*,#4070,.T.);
#7355 = ORIENTED_EDGE('',*,*,#5844,.T.);
#7356 = PLANE('',#7357);
#7357 = AXIS2_PLACEMENT_3D('',#7358,#7359,#7360);
#7358 = CARTESIAN_POINT('',(-25.67647058823,-2.075445E-11,31.4));
#7359 = DIRECTION('',(0.,0.,1.));
#7360 = DIRECTION('',(1.,0.,0.));
#7361 = ADVANCED_FACE('',(#7362),#7373,.T.);
#7362 = FACE_BOUND('',#7363,.T.);
#7363 = EDGE_LOOP('',(#7364,#7370,#7371,#7372));
#7364 = ORIENTED_EDGE('',*,*,#7365,.T.);
#7365 = EDGE_CURVE('',#5748,#5683,#7366,.T.);
#7366 = LINE('',#7367,#7368);
#7367 = CARTESIAN_POINT('',(-29.88235294117,29.,31.4));
#7368 = VECTOR('',#7369,1.);
#7369 = DIRECTION('',(-1.,0.,0.));
#7370 = ORIENTED_EDGE('',*,*,#5690,.T.);
#7371 = ORIENTED_EDGE('',*,*,#4047,.T.);
#7372 = ORIENTED_EDGE('',*,*,#5747,.T.);
#7373 = PLANE('',#7374);
#7374 = AXIS2_PLACEMENT_3D('',#7375,#7376,#7377);
#7375 = CARTESIAN_POINT('',(-31.38235294117,-2.075445E-11,31.4));
#7376 = DIRECTION('',(0.,0.,1.));
#7377 = DIRECTION('',(1.,0.,0.));
#7378 = ADVANCED_FACE('',(#7379),#7390,.T.);
#7379 = FACE_BOUND('',#7380,.T.);
#7380 = EDGE_LOOP('',(#7381,#7387,#7388,#7389));
#7381 = ORIENTED_EDGE('',*,*,#7382,.T.);
#7382 = EDGE_CURVE('',#5651,#5586,#7383,.T.);
#7383 = LINE('',#7384,#7385);
#7384 = CARTESIAN_POINT('',(-35.58823529411,29.,31.4));
#7385 = VECTOR('',#7386,1.);
#7386 = DIRECTION('',(-1.,0.,0.));
#7387 = ORIENTED_EDGE('',*,*,#5593,.T.);
#7388 = ORIENTED_EDGE('',*,*,#4024,.T.);
#7389 = ORIENTED_EDGE('',*,*,#5650,.T.);
#7390 = PLANE('',#7391);
#7391 = AXIS2_PLACEMENT_3D('',#7392,#7393,#7394);
#7392 = CARTESIAN_POINT('',(-37.08823529411,-2.075445E-11,31.4));
#7393 = DIRECTION('',(0.,0.,1.));
#7394 = DIRECTION('',(1.,0.,0.));
#7395 = ADVANCED_FACE('',(#7396),#7407,.T.);
#7396 = FACE_BOUND('',#7397,.T.);
#7397 = EDGE_LOOP('',(#7398,#7404,#7405,#7406));
#7398 = ORIENTED_EDGE('',*,*,#7399,.T.);
#7399 = EDGE_CURVE('',#5554,#5489,#7400,.T.);
#7400 = LINE('',#7401,#7402);
#7401 = CARTESIAN_POINT('',(-41.29411764705,29.,31.4));
#7402 = VECTOR('',#7403,1.);
#7403 = DIRECTION('',(-1.,0.,0.));
#7404 = ORIENTED_EDGE('',*,*,#5496,.T.);
#7405 = ORIENTED_EDGE('',*,*,#4001,.T.);
#7406 = ORIENTED_EDGE('',*,*,#5553,.T.);
#7407 = PLANE('',#7408);
#7408 = AXIS2_PLACEMENT_3D('',#7409,#7410,#7411);
#7409 = CARTESIAN_POINT('',(-42.79411764705,-2.075445E-11,31.4));
#7410 = DIRECTION('',(0.,0.,1.));
#7411 = DIRECTION('',(1.,0.,0.));
#7412 = ADVANCED_FACE('',(#7413),#7424,.T.);
#7413 = FACE_BOUND('',#7414,.T.);
#7414 = EDGE_LOOP('',(#7415,#7421,#7422,#7423));
#7415 = ORIENTED_EDGE('',*,*,#7416,.T.);
#7416 = EDGE_CURVE('',#5457,#5392,#7417,.T.);
#7417 = LINE('',#7418,#7419);
#7418 = CARTESIAN_POINT('',(-47.,29.,31.4));
#7419 = VECTOR('',#7420,1.);
#7420 = DIRECTION('',(-1.,0.,0.));
#7421 = ORIENTED_EDGE('',*,*,#5399,.T.);
#7422 = ORIENTED_EDGE('',*,*,#3978,.T.);
#7423 = ORIENTED_EDGE('',*,*,#5456,.T.);
#7424 = PLANE('',#7425);
#7425 = AXIS2_PLACEMENT_3D('',#7426,#7427,#7428);
#7426 = CARTESIAN_POINT('',(-48.5,-2.075445E-11,31.4));
#7427 = DIRECTION('',(0.,0.,1.));
#7428 = DIRECTION('',(1.,0.,0.));
#7429 = ADVANCED_FACE('',(#7430),#7489,.F.);
#7430 = FACE_BOUND('',#7431,.F.);
#7431 = EDGE_LOOP('',(#7432,#7433,#7434,#7442,#7450,#7458,#7466,#7474,
    #7480,#7481,#7482,#7488));
#7432 = ORIENTED_EDGE('',*,*,#4420,.F.);
#7433 = ORIENTED_EDGE('',*,*,#5334,.T.);
#7434 = ORIENTED_EDGE('',*,*,#7435,.F.);
#7435 = EDGE_CURVE('',#7436,#5327,#7438,.T.);
#7436 = VERTEX_POINT('',#7437);
#7437 = CARTESIAN_POINT('',(-53.5,29.,19.4));
#7438 = LINE('',#7439,#7440);
#7439 = CARTESIAN_POINT('',(-53.5,34.95,19.4));
#7440 = VECTOR('',#7441,1.);
#7441 = DIRECTION('',(0.,1.,0.));
#7442 = ORIENTED_EDGE('',*,*,#7443,.F.);
#7443 = EDGE_CURVE('',#7444,#7436,#7446,.T.);
#7444 = VERTEX_POINT('',#7445);
#7445 = CARTESIAN_POINT('',(-53.5,29.,38.4));
#7446 = LINE('',#7447,#7448);
#7447 = CARTESIAN_POINT('',(-53.5,29.,19.2));
#7448 = VECTOR('',#7449,1.);
#7449 = DIRECTION('',(0.,0.,-1.));
#7450 = ORIENTED_EDGE('',*,*,#7451,.F.);
#7451 = EDGE_CURVE('',#7452,#7444,#7454,.T.);
#7452 = VERTEX_POINT('',#7453);
#7453 = CARTESIAN_POINT('',(-53.5,22.5,38.4));
#7454 = LINE('',#7455,#7456);
#7455 = CARTESIAN_POINT('',(-53.5,31.7,38.4));
#7456 = VECTOR('',#7457,1.);
#7457 = DIRECTION('',(0.,1.,0.));
#7458 = ORIENTED_EDGE('',*,*,#7459,.F.);
#7459 = EDGE_CURVE('',#7460,#7452,#7462,.T.);
#7460 = VERTEX_POINT('',#7461);
#7461 = CARTESIAN_POINT('',(-53.5,22.5,48.4));
#7462 = LINE('',#7463,#7464);
#7463 = CARTESIAN_POINT('',(-53.5,22.5,24.2));
#7464 = VECTOR('',#7465,1.);
#7465 = DIRECTION('',(0.,0.,-1.));
#7466 = ORIENTED_EDGE('',*,*,#7467,.F.);
#7467 = EDGE_CURVE('',#7468,#7460,#7470,.T.);
#7468 = VERTEX_POINT('',#7469);
#7469 = CARTESIAN_POINT('',(-53.5,-22.5,48.4));
#7470 = LINE('',#7471,#7472);
#7471 = CARTESIAN_POINT('',(-53.5,9.2,48.4));
#7472 = VECTOR('',#7473,1.);
#7473 = DIRECTION('',(0.,1.,0.));
#7474 = ORIENTED_EDGE('',*,*,#7475,.F.);
#7475 = EDGE_CURVE('',#4992,#7468,#7476,.T.);
#7476 = LINE('',#7477,#7478);
#7477 = CARTESIAN_POINT('',(-53.5,-22.5,19.2));
#7478 = VECTOR('',#7479,1.);
#7479 = DIRECTION('',(0.,0.,1.));
#7480 = ORIENTED_EDGE('',*,*,#4991,.F.);
#7481 = ORIENTED_EDGE('',*,*,#5029,.F.);
#7482 = ORIENTED_EDGE('',*,*,#7483,.F.);
#7483 = EDGE_CURVE('',#5262,#5022,#7484,.T.);
#7484 = LINE('',#7485,#7486);
#7485 = CARTESIAN_POINT('',(-53.5,0.,19.4));
#7486 = VECTOR('',#7487,1.);
#7487 = DIRECTION('',(0.,1.,0.));
#7488 = ORIENTED_EDGE('',*,*,#5261,.F.);
#7489 = PLANE('',#7490);
#7490 = AXIS2_PLACEMENT_3D('',#7491,#7492,#7493);
#7491 = CARTESIAN_POINT('',(-53.5,40.9,0.));
#7492 = DIRECTION('',(1.,0.,0.));
#7493 = DIRECTION('',(0.,-1.,0.));
#7494 = ADVANCED_FACE('',(#7495),#7520,.F.);
#7495 = FACE_BOUND('',#7496,.F.);
#7496 = EDGE_LOOP('',(#7497,#7505,#7506,#7514));
#7497 = ORIENTED_EDGE('',*,*,#7498,.T.);
#7498 = EDGE_CURVE('',#7499,#4454,#7501,.T.);
#7499 = VERTEX_POINT('',#7500);
#7500 = CARTESIAN_POINT('',(52.44,-21.1,48.4));
#7501 = LINE('',#7502,#7503);
#7502 = CARTESIAN_POINT('',(52.44,-21.1,48.4));
#7503 = VECTOR('',#7504,1.);
#7504 = DIRECTION('',(-0.,-0.,-1.));
#7505 = ORIENTED_EDGE('',*,*,#4453,.T.);
#7506 = ORIENTED_EDGE('',*,*,#7507,.F.);
#7507 = EDGE_CURVE('',#7508,#4456,#7510,.T.);
#7508 = VERTEX_POINT('',#7509);
#7509 = CARTESIAN_POINT('',(52.44,21.1,48.4));
#7510 = LINE('',#7511,#7512);
#7511 = CARTESIAN_POINT('',(52.44,21.1,48.4));
#7512 = VECTOR('',#7513,1.);
#7513 = DIRECTION('',(-0.,-0.,-1.));
#7514 = ORIENTED_EDGE('',*,*,#7515,.F.);
#7515 = EDGE_CURVE('',#7499,#7508,#7516,.T.);
#7516 = LINE('',#7517,#7518);
#7517 = CARTESIAN_POINT('',(52.44,-21.1,48.4));
#7518 = VECTOR('',#7519,1.);
#7519 = DIRECTION('',(0.,1.,0.));
#7520 = PLANE('',#7521);
#7521 = AXIS2_PLACEMENT_3D('',#7522,#7523,#7524);
#7522 = CARTESIAN_POINT('',(52.44,-21.1,48.4));
#7523 = DIRECTION('',(1.,0.,0.));
#7524 = DIRECTION('',(0.,1.,0.));
#7525 = ADVANCED_FACE('',(#7526),#7544,.F.);
#7526 = FACE_BOUND('',#7527,.F.);
#7527 = EDGE_LOOP('',(#7528,#7536,#7537,#7538));
#7528 = ORIENTED_EDGE('',*,*,#7529,.T.);
#7529 = EDGE_CURVE('',#7530,#4472,#7532,.T.);
#7530 = VERTEX_POINT('',#7531);
#7531 = CARTESIAN_POINT('',(-52.44,-21.1,48.4));
#7532 = LINE('',#7533,#7534);
#7533 = CARTESIAN_POINT('',(-52.44,-21.1,48.4));
#7534 = VECTOR('',#7535,1.);
#7535 = DIRECTION('',(-0.,-0.,-1.));
#7536 = ORIENTED_EDGE('',*,*,#4479,.T.);
#7537 = ORIENTED_EDGE('',*,*,#7498,.F.);
#7538 = ORIENTED_EDGE('',*,*,#7539,.F.);
#7539 = EDGE_CURVE('',#7530,#7499,#7540,.T.);
#7540 = LINE('',#7541,#7542);
#7541 = CARTESIAN_POINT('',(-52.44,-21.1,48.4));
#7542 = VECTOR('',#7543,1.);
#7543 = DIRECTION('',(1.,0.,0.));
#7544 = PLANE('',#7545);
#7545 = AXIS2_PLACEMENT_3D('',#7546,#7547,#7548);
#7546 = CARTESIAN_POINT('',(-52.44,-21.1,48.4));
#7547 = DIRECTION('',(0.,-1.,0.));
#7548 = DIRECTION('',(1.,0.,0.));
#7549 = ADVANCED_FACE('',(#7550),#7568,.F.);
#7550 = FACE_BOUND('',#7551,.F.);
#7551 = EDGE_LOOP('',(#7552,#7553,#7554,#7562));
#7552 = ORIENTED_EDGE('',*,*,#7507,.T.);
#7553 = ORIENTED_EDGE('',*,*,#4463,.T.);
#7554 = ORIENTED_EDGE('',*,*,#7555,.F.);
#7555 = EDGE_CURVE('',#7556,#4464,#7558,.T.);
#7556 = VERTEX_POINT('',#7557);
#7557 = CARTESIAN_POINT('',(-52.44,21.1,48.4));
#7558 = LINE('',#7559,#7560);
#7559 = CARTESIAN_POINT('',(-52.44,21.1,48.4));
#7560 = VECTOR('',#7561,1.);
#7561 = DIRECTION('',(-0.,-0.,-1.));
#7562 = ORIENTED_EDGE('',*,*,#7563,.F.);
#7563 = EDGE_CURVE('',#7508,#7556,#7564,.T.);
#7564 = LINE('',#7565,#7566);
#7565 = CARTESIAN_POINT('',(52.44,21.1,48.4));
#7566 = VECTOR('',#7567,1.);
#7567 = DIRECTION('',(-1.,0.,0.));
#7568 = PLANE('',#7569);
#7569 = AXIS2_PLACEMENT_3D('',#7570,#7571,#7572);
#7570 = CARTESIAN_POINT('',(52.44,21.1,48.4));
#7571 = DIRECTION('',(0.,1.,0.));
#7572 = DIRECTION('',(-1.,0.,0.));
#7573 = ADVANCED_FACE('',(#7574),#7585,.F.);
#7574 = FACE_BOUND('',#7575,.F.);
#7575 = EDGE_LOOP('',(#7576,#7577,#7578,#7579));
#7576 = ORIENTED_EDGE('',*,*,#7555,.T.);
#7577 = ORIENTED_EDGE('',*,*,#4471,.T.);
#7578 = ORIENTED_EDGE('',*,*,#7529,.F.);
#7579 = ORIENTED_EDGE('',*,*,#7580,.F.);
#7580 = EDGE_CURVE('',#7556,#7530,#7581,.T.);
#7581 = LINE('',#7582,#7583);
#7582 = CARTESIAN_POINT('',(-52.44,21.1,48.4));
#7583 = VECTOR('',#7584,1.);
#7584 = DIRECTION('',(0.,-1.,0.));
#7585 = PLANE('',#7586);
#7586 = AXIS2_PLACEMENT_3D('',#7587,#7588,#7589);
#7587 = CARTESIAN_POINT('',(-52.44,21.1,48.4));
#7588 = DIRECTION('',(-1.,0.,0.));
#7589 = DIRECTION('',(0.,-1.,0.));
#7590 = ADVANCED_FACE('',(#7591),#7602,.F.);
#7591 = FACE_BOUND('',#7592,.F.);
#7592 = EDGE_LOOP('',(#7593,#7594,#7595,#7596));
#7593 = ORIENTED_EDGE('',*,*,#5198,.F.);
#7594 = ORIENTED_EDGE('',*,*,#4999,.T.);
#7595 = ORIENTED_EDGE('',*,*,#7475,.T.);
#7596 = ORIENTED_EDGE('',*,*,#7597,.F.);
#7597 = EDGE_CURVE('',#5199,#7468,#7598,.T.);
#7598 = LINE('',#7599,#7600);
#7599 = CARTESIAN_POINT('',(53.5,-22.5,48.4));
#7600 = VECTOR('',#7601,1.);
#7601 = DIRECTION('',(-1.,-0.,-0.));
#7602 = PLANE('',#7603);
#7603 = AXIS2_PLACEMENT_3D('',#7604,#7605,#7606);
#7604 = CARTESIAN_POINT('',(53.5,-22.5,38.4));
#7605 = DIRECTION('',(0.,1.,0.));
#7606 = DIRECTION('',(0.,0.,1.));
#7607 = ADVANCED_FACE('',(#7608,#7614),#7650,.F.);
#7608 = FACE_BOUND('',#7609,.F.);
#7609 = EDGE_LOOP('',(#7610,#7611,#7612,#7613));
#7610 = ORIENTED_EDGE('',*,*,#5190,.F.);
#7611 = ORIENTED_EDGE('',*,*,#5269,.T.);
#7612 = ORIENTED_EDGE('',*,*,#7483,.T.);
#7613 = ORIENTED_EDGE('',*,*,#5021,.F.);
#7614 = FACE_BOUND('',#7615,.F.);
#7615 = EDGE_LOOP('',(#7616,#7626,#7635,#7643));
#7616 = ORIENTED_EDGE('',*,*,#7617,.F.);
#7617 = EDGE_CURVE('',#7618,#7620,#7622,.T.);
#7618 = VERTEX_POINT('',#7619);
#7619 = CARTESIAN_POINT('',(-42.5,-32.4,19.4));
#7620 = VERTEX_POINT('',#7621);
#7621 = CARTESIAN_POINT('',(42.5,-32.4,19.4));
#7622 = LINE('',#7623,#7624);
#7623 = CARTESIAN_POINT('',(-42.5,-32.4,19.4));
#7624 = VECTOR('',#7625,1.);
#7625 = DIRECTION('',(1.,0.,0.));
#7626 = ORIENTED_EDGE('',*,*,#7627,.T.);
#7627 = EDGE_CURVE('',#7618,#7628,#7630,.T.);
#7628 = VERTEX_POINT('',#7629);
#7629 = CARTESIAN_POINT('',(-42.5,-37.6,19.4));
#7630 = CIRCLE('',#7631,2.6);
#7631 = AXIS2_PLACEMENT_3D('',#7632,#7633,#7634);
#7632 = CARTESIAN_POINT('',(-42.5,-35.,19.4));
#7633 = DIRECTION('',(0.,0.,1.));
#7634 = DIRECTION('',(1.,0.,0.));
#7635 = ORIENTED_EDGE('',*,*,#7636,.T.);
#7636 = EDGE_CURVE('',#7628,#7637,#7639,.T.);
#7637 = VERTEX_POINT('',#7638);
#7638 = CARTESIAN_POINT('',(42.5,-37.6,19.4));
#7639 = LINE('',#7640,#7641);
#7640 = CARTESIAN_POINT('',(-42.5,-37.6,19.4));
#7641 = VECTOR('',#7642,1.);
#7642 = DIRECTION('',(1.,0.,0.));
#7643 = ORIENTED_EDGE('',*,*,#7644,.T.);
#7644 = EDGE_CURVE('',#7637,#7620,#7645,.T.);
#7645 = CIRCLE('',#7646,2.6);
#7646 = AXIS2_PLACEMENT_3D('',#7647,#7648,#7649);
#7647 = CARTESIAN_POINT('',(42.5,-35.,19.4));
#7648 = DIRECTION('',(0.,0.,1.));
#7649 = DIRECTION('',(1.,0.,0.));
#7650 = PLANE('',#7651);
#7651 = AXIS2_PLACEMENT_3D('',#7652,#7653,#7654);
#7652 = CARTESIAN_POINT('',(53.5,-40.9,19.4));
#7653 = DIRECTION('',(0.,0.,-1.));
#7654 = DIRECTION('',(0.,1.,0.));
#7655 = ADVANCED_FACE('',(#7656,#7667),#7703,.F.);
#7656 = FACE_BOUND('',#7657,.F.);
#7657 = EDGE_LOOP('',(#7658,#7659,#7665,#7666));
#7658 = ORIENTED_EDGE('',*,*,#5238,.F.);
#7659 = ORIENTED_EDGE('',*,*,#7660,.T.);
#7660 = EDGE_CURVE('',#5231,#7436,#7661,.T.);
#7661 = LINE('',#7662,#7663);
#7662 = CARTESIAN_POINT('',(53.5,29.,19.4));
#7663 = VECTOR('',#7664,1.);
#7664 = DIRECTION('',(-1.,-0.,-0.));
#7665 = ORIENTED_EDGE('',*,*,#7435,.T.);
#7666 = ORIENTED_EDGE('',*,*,#5326,.F.);
#7667 = FACE_BOUND('',#7668,.F.);
#7668 = EDGE_LOOP('',(#7669,#7679,#7688,#7696));
#7669 = ORIENTED_EDGE('',*,*,#7670,.F.);
#7670 = EDGE_CURVE('',#7671,#7673,#7675,.T.);
#7671 = VERTEX_POINT('',#7672);
#7672 = CARTESIAN_POINT('',(-42.5,37.6,19.4));
#7673 = VERTEX_POINT('',#7674);
#7674 = CARTESIAN_POINT('',(42.5,37.6,19.4));
#7675 = LINE('',#7676,#7677);
#7676 = CARTESIAN_POINT('',(-42.5,37.6,19.4));
#7677 = VECTOR('',#7678,1.);
#7678 = DIRECTION('',(1.,0.,0.));
#7679 = ORIENTED_EDGE('',*,*,#7680,.T.);
#7680 = EDGE_CURVE('',#7671,#7681,#7683,.T.);
#7681 = VERTEX_POINT('',#7682);
#7682 = CARTESIAN_POINT('',(-42.5,32.4,19.4));
#7683 = CIRCLE('',#7684,2.6);
#7684 = AXIS2_PLACEMENT_3D('',#7685,#7686,#7687);
#7685 = CARTESIAN_POINT('',(-42.5,35.,19.4));
#7686 = DIRECTION('',(0.,0.,1.));
#7687 = DIRECTION('',(1.,0.,0.));
#7688 = ORIENTED_EDGE('',*,*,#7689,.T.);
#7689 = EDGE_CURVE('',#7681,#7690,#7692,.T.);
#7690 = VERTEX_POINT('',#7691);
#7691 = CARTESIAN_POINT('',(42.5,32.4,19.4));
#7692 = LINE('',#7693,#7694);
#7693 = CARTESIAN_POINT('',(-42.5,32.4,19.4));
#7694 = VECTOR('',#7695,1.);
#7695 = DIRECTION('',(1.,0.,0.));
#7696 = ORIENTED_EDGE('',*,*,#7697,.T.);
#7697 = EDGE_CURVE('',#7690,#7673,#7698,.T.);
#7698 = CIRCLE('',#7699,2.6);
#7699 = AXIS2_PLACEMENT_3D('',#7700,#7701,#7702);
#7700 = CARTESIAN_POINT('',(42.5,35.,19.4));
#7701 = DIRECTION('',(0.,0.,1.));
#7702 = DIRECTION('',(1.,0.,0.));
#7703 = PLANE('',#7704);
#7704 = AXIS2_PLACEMENT_3D('',#7705,#7706,#7707);
#7705 = CARTESIAN_POINT('',(53.5,29.,19.4));
#7706 = DIRECTION('',(0.,0.,-1.));
#7707 = DIRECTION('',(0.,1.,0.));
#7708 = ADVANCED_FACE('',(#7709),#7882,.F.);
#7709 = FACE_BOUND('',#7710,.F.);
#7710 = EDGE_LOOP('',(#7711,#7712,#7718,#7719,#7720,#7721,#7727,#7728,
    #7729,#7730,#7736,#7737,#7738,#7739,#7745,#7746,#7747,#7748,#7754,
    #7755,#7756,#7757,#7763,#7764,#7765,#7766,#7772,#7773,#7774,#7775,
    #7781,#7782,#7783,#7784,#7790,#7791,#7792,#7793,#7799,#7800,#7801,
    #7802,#7808,#7809,#7810,#7811,#7817,#7818,#7819,#7820,#7826,#7827,
    #7828,#7829,#7835,#7836,#7837,#7838,#7844,#7845,#7846,#7847,#7853,
    #7854,#7855,#7856,#7862,#7863,#7864,#7865,#7871,#7872,#7873,#7874,
    #7880,#7881));
#7711 = ORIENTED_EDGE('',*,*,#5230,.F.);
#7712 = ORIENTED_EDGE('',*,*,#7713,.T.);
#7713 = EDGE_CURVE('',#5223,#7095,#7714,.T.);
#7714 = LINE('',#7715,#7716);
#7715 = CARTESIAN_POINT('',(53.5,29.,38.4));
#7716 = VECTOR('',#7717,1.);
#7717 = DIRECTION('',(-1.,-0.,-0.));
#7718 = ORIENTED_EDGE('',*,*,#7113,.T.);
#7719 = ORIENTED_EDGE('',*,*,#7127,.T.);
#7720 = ORIENTED_EDGE('',*,*,#7040,.F.);
#7721 = ORIENTED_EDGE('',*,*,#7722,.T.);
#7722 = EDGE_CURVE('',#7031,#6998,#7723,.T.);
#7723 = LINE('',#7724,#7725);
#7724 = CARTESIAN_POINT('',(53.5,29.,38.4));
#7725 = VECTOR('',#7726,1.);
#7726 = DIRECTION('',(-1.,-0.,-0.));
#7727 = ORIENTED_EDGE('',*,*,#7016,.T.);
#7728 = ORIENTED_EDGE('',*,*,#7144,.T.);
#7729 = ORIENTED_EDGE('',*,*,#6943,.F.);
#7730 = ORIENTED_EDGE('',*,*,#7731,.T.);
#7731 = EDGE_CURVE('',#6934,#6901,#7732,.T.);
#7732 = LINE('',#7733,#7734);
#7733 = CARTESIAN_POINT('',(53.5,29.,38.4));
#7734 = VECTOR('',#7735,1.);
#7735 = DIRECTION('',(-1.,-0.,-0.));
#7736 = ORIENTED_EDGE('',*,*,#6919,.T.);
#7737 = ORIENTED_EDGE('',*,*,#7161,.T.);
#7738 = ORIENTED_EDGE('',*,*,#6846,.F.);
#7739 = ORIENTED_EDGE('',*,*,#7740,.T.);
#7740 = EDGE_CURVE('',#6837,#6804,#7741,.T.);
#7741 = LINE('',#7742,#7743);
#7742 = CARTESIAN_POINT('',(53.5,29.,38.4));
#7743 = VECTOR('',#7744,1.);
#7744 = DIRECTION('',(-1.,-0.,-0.));
#7745 = ORIENTED_EDGE('',*,*,#6822,.T.);
#7746 = ORIENTED_EDGE('',*,*,#7178,.T.);
#7747 = ORIENTED_EDGE('',*,*,#6749,.F.);
#7748 = ORIENTED_EDGE('',*,*,#7749,.T.);
#7749 = EDGE_CURVE('',#6740,#6707,#7750,.T.);
#7750 = LINE('',#7751,#7752);
#7751 = CARTESIAN_POINT('',(53.5,29.,38.4));
#7752 = VECTOR('',#7753,1.);
#7753 = DIRECTION('',(-1.,-0.,-0.));
#7754 = ORIENTED_EDGE('',*,*,#6725,.T.);
#7755 = ORIENTED_EDGE('',*,*,#7195,.T.);
#7756 = ORIENTED_EDGE('',*,*,#6652,.F.);
#7757 = ORIENTED_EDGE('',*,*,#7758,.T.);
#7758 = EDGE_CURVE('',#6643,#6610,#7759,.T.);
#7759 = LINE('',#7760,#7761);
#7760 = CARTESIAN_POINT('',(53.5,29.,38.4));
#7761 = VECTOR('',#7762,1.);
#7762 = DIRECTION('',(-1.,-0.,-0.));
#7763 = ORIENTED_EDGE('',*,*,#6628,.T.);
#7764 = ORIENTED_EDGE('',*,*,#7212,.T.);
#7765 = ORIENTED_EDGE('',*,*,#6555,.F.);
#7766 = ORIENTED_EDGE('',*,*,#7767,.T.);
#7767 = EDGE_CURVE('',#6546,#6513,#7768,.T.);
#7768 = LINE('',#7769,#7770);
#7769 = CARTESIAN_POINT('',(53.5,29.,38.4));
#7770 = VECTOR('',#7771,1.);
#7771 = DIRECTION('',(-1.,-0.,-0.));
#7772 = ORIENTED_EDGE('',*,*,#6531,.T.);
#7773 = ORIENTED_EDGE('',*,*,#7229,.T.);
#7774 = ORIENTED_EDGE('',*,*,#6458,.F.);
#7775 = ORIENTED_EDGE('',*,*,#7776,.T.);
#7776 = EDGE_CURVE('',#6449,#6416,#7777,.T.);
#7777 = LINE('',#7778,#7779);
#7778 = CARTESIAN_POINT('',(53.5,29.,38.4));
#7779 = VECTOR('',#7780,1.);
#7780 = DIRECTION('',(-1.,-0.,-0.));
#7781 = ORIENTED_EDGE('',*,*,#6434,.T.);
#7782 = ORIENTED_EDGE('',*,*,#7246,.T.);
#7783 = ORIENTED_EDGE('',*,*,#6361,.F.);
#7784 = ORIENTED_EDGE('',*,*,#7785,.T.);
#7785 = EDGE_CURVE('',#6352,#6319,#7786,.T.);
#7786 = LINE('',#7787,#7788);
#7787 = CARTESIAN_POINT('',(53.5,29.,38.4));
#7788 = VECTOR('',#7789,1.);
#7789 = DIRECTION('',(-1.,-0.,-0.));
#7790 = ORIENTED_EDGE('',*,*,#6337,.T.);
#7791 = ORIENTED_EDGE('',*,*,#7263,.T.);
#7792 = ORIENTED_EDGE('',*,*,#6264,.F.);
#7793 = ORIENTED_EDGE('',*,*,#7794,.T.);
#7794 = EDGE_CURVE('',#6255,#6222,#7795,.T.);
#7795 = LINE('',#7796,#7797);
#7796 = CARTESIAN_POINT('',(53.5,29.,38.4));
#7797 = VECTOR('',#7798,1.);
#7798 = DIRECTION('',(-1.,-0.,-0.));
#7799 = ORIENTED_EDGE('',*,*,#6240,.T.);
#7800 = ORIENTED_EDGE('',*,*,#7280,.T.);
#7801 = ORIENTED_EDGE('',*,*,#6167,.F.);
#7802 = ORIENTED_EDGE('',*,*,#7803,.T.);
#7803 = EDGE_CURVE('',#6158,#6125,#7804,.T.);
#7804 = LINE('',#7805,#7806);
#7805 = CARTESIAN_POINT('',(53.5,29.,38.4));
#7806 = VECTOR('',#7807,1.);
#7807 = DIRECTION('',(-1.,-0.,-0.));
#7808 = ORIENTED_EDGE('',*,*,#6143,.T.);
#7809 = ORIENTED_EDGE('',*,*,#7297,.T.);
#7810 = ORIENTED_EDGE('',*,*,#6070,.F.);
#7811 = ORIENTED_EDGE('',*,*,#7812,.T.);
#7812 = EDGE_CURVE('',#6061,#6028,#7813,.T.);
#7813 = LINE('',#7814,#7815);
#7814 = CARTESIAN_POINT('',(53.5,29.,38.4));
#7815 = VECTOR('',#7816,1.);
#7816 = DIRECTION('',(-1.,-0.,-0.));
#7817 = ORIENTED_EDGE('',*,*,#6046,.T.);
#7818 = ORIENTED_EDGE('',*,*,#7314,.T.);
#7819 = ORIENTED_EDGE('',*,*,#5973,.F.);
#7820 = ORIENTED_EDGE('',*,*,#7821,.T.);
#7821 = EDGE_CURVE('',#5964,#5931,#7822,.T.);
#7822 = LINE('',#7823,#7824);
#7823 = CARTESIAN_POINT('',(53.5,29.,38.4));
#7824 = VECTOR('',#7825,1.);
#7825 = DIRECTION('',(-1.,-0.,-0.));
#7826 = ORIENTED_EDGE('',*,*,#5949,.T.);
#7827 = ORIENTED_EDGE('',*,*,#7331,.T.);
#7828 = ORIENTED_EDGE('',*,*,#5876,.F.);
#7829 = ORIENTED_EDGE('',*,*,#7830,.T.);
#7830 = EDGE_CURVE('',#5867,#5834,#7831,.T.);
#7831 = LINE('',#7832,#7833);
#7832 = CARTESIAN_POINT('',(53.5,29.,38.4));
#7833 = VECTOR('',#7834,1.);
#7834 = DIRECTION('',(-1.,-0.,-0.));
#7835 = ORIENTED_EDGE('',*,*,#5852,.T.);
#7836 = ORIENTED_EDGE('',*,*,#7348,.T.);
#7837 = ORIENTED_EDGE('',*,*,#5779,.F.);
#7838 = ORIENTED_EDGE('',*,*,#7839,.T.);
#7839 = EDGE_CURVE('',#5770,#5737,#7840,.T.);
#7840 = LINE('',#7841,#7842);
#7841 = CARTESIAN_POINT('',(53.5,29.,38.4));
#7842 = VECTOR('',#7843,1.);
#7843 = DIRECTION('',(-1.,-0.,-0.));
#7844 = ORIENTED_EDGE('',*,*,#5755,.T.);
#7845 = ORIENTED_EDGE('',*,*,#7365,.T.);
#7846 = ORIENTED_EDGE('',*,*,#5682,.F.);
#7847 = ORIENTED_EDGE('',*,*,#7848,.T.);
#7848 = EDGE_CURVE('',#5673,#5640,#7849,.T.);
#7849 = LINE('',#7850,#7851);
#7850 = CARTESIAN_POINT('',(53.5,29.,38.4));
#7851 = VECTOR('',#7852,1.);
#7852 = DIRECTION('',(-1.,-0.,-0.));
#7853 = ORIENTED_EDGE('',*,*,#5658,.T.);
#7854 = ORIENTED_EDGE('',*,*,#7382,.T.);
#7855 = ORIENTED_EDGE('',*,*,#5585,.F.);
#7856 = ORIENTED_EDGE('',*,*,#7857,.T.);
#7857 = EDGE_CURVE('',#5576,#5543,#7858,.T.);
#7858 = LINE('',#7859,#7860);
#7859 = CARTESIAN_POINT('',(53.5,29.,38.4));
#7860 = VECTOR('',#7861,1.);
#7861 = DIRECTION('',(-1.,-0.,-0.));
#7862 = ORIENTED_EDGE('',*,*,#5561,.T.);
#7863 = ORIENTED_EDGE('',*,*,#7399,.T.);
#7864 = ORIENTED_EDGE('',*,*,#5488,.F.);
#7865 = ORIENTED_EDGE('',*,*,#7866,.T.);
#7866 = EDGE_CURVE('',#5479,#5446,#7867,.T.);
#7867 = LINE('',#7868,#7869);
#7868 = CARTESIAN_POINT('',(53.5,29.,38.4));
#7869 = VECTOR('',#7870,1.);
#7870 = DIRECTION('',(-1.,-0.,-0.));
#7871 = ORIENTED_EDGE('',*,*,#5464,.T.);
#7872 = ORIENTED_EDGE('',*,*,#7416,.T.);
#7873 = ORIENTED_EDGE('',*,*,#5391,.F.);
#7874 = ORIENTED_EDGE('',*,*,#7875,.T.);
#7875 = EDGE_CURVE('',#5382,#7444,#7876,.T.);
#7876 = LINE('',#7877,#7878);
#7877 = CARTESIAN_POINT('',(53.5,29.,38.4));
#7878 = VECTOR('',#7879,1.);
#7879 = DIRECTION('',(-1.,-0.,-0.));
#7880 = ORIENTED_EDGE('',*,*,#7443,.T.);
#7881 = ORIENTED_EDGE('',*,*,#7660,.F.);
#7882 = PLANE('',#7883);
#7883 = AXIS2_PLACEMENT_3D('',#7884,#7885,#7886);
#7884 = CARTESIAN_POINT('',(53.5,29.,38.4));
#7885 = DIRECTION('',(0.,-1.,0.));
#7886 = DIRECTION('',(0.,0.,-1.));
#7887 = ADVANCED_FACE('',(#7888),#7971,.F.);
#7888 = FACE_BOUND('',#7889,.F.);
#7889 = EDGE_LOOP('',(#7890,#7891,#7897,#7898,#7899,#7900,#7901,#7902,
    #7903,#7904,#7905,#7906,#7907,#7908,#7909,#7910,#7911,#7912,#7913,
    #7914,#7915,#7916,#7917,#7918,#7919,#7920,#7921,#7922,#7923,#7924,
    #7925,#7926,#7927,#7928,#7929,#7930,#7931,#7932,#7933,#7934,#7935,
    #7936,#7937,#7938,#7939,#7940,#7941,#7942,#7943,#7944,#7945,#7946,
    #7947,#7948,#7949,#7950,#7951,#7952,#7953,#7954,#7955,#7956,#7957,
    #7958,#7959,#7960,#7961,#7962,#7963,#7964,#7965,#7966,#7967,#7968,
    #7969,#7970));
#7890 = ORIENTED_EDGE('',*,*,#5222,.F.);
#7891 = ORIENTED_EDGE('',*,*,#7892,.T.);
#7892 = EDGE_CURVE('',#5215,#7452,#7893,.T.);
#7893 = LINE('',#7894,#7895);
#7894 = CARTESIAN_POINT('',(53.5,22.5,38.4));
#7895 = VECTOR('',#7896,1.);
#7896 = DIRECTION('',(-1.,-0.,-0.));
#7897 = ORIENTED_EDGE('',*,*,#7451,.T.);
#7898 = ORIENTED_EDGE('',*,*,#7875,.F.);
#7899 = ORIENTED_EDGE('',*,*,#5381,.T.);
#7900 = ORIENTED_EDGE('',*,*,#5421,.T.);
#7901 = ORIENTED_EDGE('',*,*,#5445,.T.);
#7902 = ORIENTED_EDGE('',*,*,#7866,.F.);
#7903 = ORIENTED_EDGE('',*,*,#5478,.T.);
#7904 = ORIENTED_EDGE('',*,*,#5518,.T.);
#7905 = ORIENTED_EDGE('',*,*,#5542,.T.);
#7906 = ORIENTED_EDGE('',*,*,#7857,.F.);
#7907 = ORIENTED_EDGE('',*,*,#5575,.T.);
#7908 = ORIENTED_EDGE('',*,*,#5615,.T.);
#7909 = ORIENTED_EDGE('',*,*,#5639,.T.);
#7910 = ORIENTED_EDGE('',*,*,#7848,.F.);
#7911 = ORIENTED_EDGE('',*,*,#5672,.T.);
#7912 = ORIENTED_EDGE('',*,*,#5712,.T.);
#7913 = ORIENTED_EDGE('',*,*,#5736,.T.);
#7914 = ORIENTED_EDGE('',*,*,#7839,.F.);
#7915 = ORIENTED_EDGE('',*,*,#5769,.T.);
#7916 = ORIENTED_EDGE('',*,*,#5809,.T.);
#7917 = ORIENTED_EDGE('',*,*,#5833,.T.);
#7918 = ORIENTED_EDGE('',*,*,#7830,.F.);
#7919 = ORIENTED_EDGE('',*,*,#5866,.T.);
#7920 = ORIENTED_EDGE('',*,*,#5906,.T.);
#7921 = ORIENTED_EDGE('',*,*,#5930,.T.);
#7922 = ORIENTED_EDGE('',*,*,#7821,.F.);
#7923 = ORIENTED_EDGE('',*,*,#5963,.T.);
#7924 = ORIENTED_EDGE('',*,*,#6003,.T.);
#7925 = ORIENTED_EDGE('',*,*,#6027,.T.);
#7926 = ORIENTED_EDGE('',*,*,#7812,.F.);
#7927 = ORIENTED_EDGE('',*,*,#6060,.T.);
#7928 = ORIENTED_EDGE('',*,*,#6100,.T.);
#7929 = ORIENTED_EDGE('',*,*,#6124,.T.);
#7930 = ORIENTED_EDGE('',*,*,#7803,.F.);
#7931 = ORIENTED_EDGE('',*,*,#6157,.T.);
#7932 = ORIENTED_EDGE('',*,*,#6197,.T.);
#7933 = ORIENTED_EDGE('',*,*,#6221,.T.);
#7934 = ORIENTED_EDGE('',*,*,#7794,.F.);
#7935 = ORIENTED_EDGE('',*,*,#6254,.T.);
#7936 = ORIENTED_EDGE('',*,*,#6294,.T.);
#7937 = ORIENTED_EDGE('',*,*,#6318,.T.);
#7938 = ORIENTED_EDGE('',*,*,#7785,.F.);
#7939 = ORIENTED_EDGE('',*,*,#6351,.T.);
#7940 = ORIENTED_EDGE('',*,*,#6391,.T.);
#7941 = ORIENTED_EDGE('',*,*,#6415,.T.);
#7942 = ORIENTED_EDGE('',*,*,#7776,.F.);
#7943 = ORIENTED_EDGE('',*,*,#6448,.T.);
#7944 = ORIENTED_EDGE('',*,*,#6488,.T.);
#7945 = ORIENTED_EDGE('',*,*,#6512,.T.);
#7946 = ORIENTED_EDGE('',*,*,#7767,.F.);
#7947 = ORIENTED_EDGE('',*,*,#6545,.T.);
#7948 = ORIENTED_EDGE('',*,*,#6585,.T.);
#7949 = ORIENTED_EDGE('',*,*,#6609,.T.);
#7950 = ORIENTED_EDGE('',*,*,#7758,.F.);
#7951 = ORIENTED_EDGE('',*,*,#6642,.T.);
#7952 = ORIENTED_EDGE('',*,*,#6682,.T.);
#7953 = ORIENTED_EDGE('',*,*,#6706,.T.);
#7954 = ORIENTED_EDGE('',*,*,#7749,.F.);
#7955 = ORIENTED_EDGE('',*,*,#6739,.T.);
#7956 = ORIENTED_EDGE('',*,*,#6779,.T.);
#7957 = ORIENTED_EDGE('',*,*,#6803,.T.);
#7958 = ORIENTED_EDGE('',*,*,#7740,.F.);
#7959 = ORIENTED_EDGE('',*,*,#6836,.T.);
#7960 = ORIENTED_EDGE('',*,*,#6876,.T.);
#7961 = ORIENTED_EDGE('',*,*,#6900,.T.);
#7962 = ORIENTED_EDGE('',*,*,#7731,.F.);
#7963 = ORIENTED_EDGE('',*,*,#6933,.T.);
#7964 = ORIENTED_EDGE('',*,*,#6973,.T.);
#7965 = ORIENTED_EDGE('',*,*,#6997,.T.);
#7966 = ORIENTED_EDGE('',*,*,#7722,.F.);
#7967 = ORIENTED_EDGE('',*,*,#7030,.T.);
#7968 = ORIENTED_EDGE('',*,*,#7070,.T.);
#7969 = ORIENTED_EDGE('',*,*,#7094,.T.);
#7970 = ORIENTED_EDGE('',*,*,#7713,.F.);
#7971 = PLANE('',#7972);
#7972 = AXIS2_PLACEMENT_3D('',#7973,#7974,#7975);
#7973 = CARTESIAN_POINT('',(53.5,22.5,38.4));
#7974 = DIRECTION('',(0.,0.,-1.));
#7975 = DIRECTION('',(0.,1.,0.));
#7976 = ADVANCED_FACE('',(#7977),#7988,.F.);
#7977 = FACE_BOUND('',#7978,.F.);
#7978 = EDGE_LOOP('',(#7979,#7980,#7986,#7987));
#7979 = ORIENTED_EDGE('',*,*,#5214,.F.);
#7980 = ORIENTED_EDGE('',*,*,#7981,.T.);
#7981 = EDGE_CURVE('',#5207,#7460,#7982,.T.);
#7982 = LINE('',#7983,#7984);
#7983 = CARTESIAN_POINT('',(53.5,22.5,48.4));
#7984 = VECTOR('',#7985,1.);
#7985 = DIRECTION('',(-1.,-0.,-0.));
#7986 = ORIENTED_EDGE('',*,*,#7459,.T.);
#7987 = ORIENTED_EDGE('',*,*,#7892,.F.);
#7988 = PLANE('',#7989);
#7989 = AXIS2_PLACEMENT_3D('',#7990,#7991,#7992);
#7990 = CARTESIAN_POINT('',(53.5,22.5,48.4));
#7991 = DIRECTION('',(0.,-1.,0.));
#7992 = DIRECTION('',(0.,0.,-1.));
#7993 = ADVANCED_FACE('',(#7994,#8000),#8006,.F.);
#7994 = FACE_BOUND('',#7995,.F.);
#7995 = EDGE_LOOP('',(#7996,#7997,#7998,#7999));
#7996 = ORIENTED_EDGE('',*,*,#5206,.F.);
#7997 = ORIENTED_EDGE('',*,*,#7597,.T.);
#7998 = ORIENTED_EDGE('',*,*,#7467,.T.);
#7999 = ORIENTED_EDGE('',*,*,#7981,.F.);
#8000 = FACE_BOUND('',#8001,.F.);
#8001 = EDGE_LOOP('',(#8002,#8003,#8004,#8005));
#8002 = ORIENTED_EDGE('',*,*,#7539,.T.);
#8003 = ORIENTED_EDGE('',*,*,#7515,.T.);
#8004 = ORIENTED_EDGE('',*,*,#7563,.T.);
#8005 = ORIENTED_EDGE('',*,*,#7580,.T.);
#8006 = PLANE('',#8007);
#8007 = AXIS2_PLACEMENT_3D('',#8008,#8009,#8010);
#8008 = CARTESIAN_POINT('',(53.5,-22.5,48.4));
#8009 = DIRECTION('',(0.,0.,-1.));
#8010 = DIRECTION('',(0.,1.,0.));
#8011 = ADVANCED_FACE('',(#8012),#8037,.T.);
#8012 = FACE_BOUND('',#8013,.T.);
#8013 = EDGE_LOOP('',(#8014,#8022,#8030,#8036));
#8014 = ORIENTED_EDGE('',*,*,#8015,.T.);
#8015 = EDGE_CURVE('',#7618,#8016,#8018,.T.);
#8016 = VERTEX_POINT('',#8017);
#8017 = CARTESIAN_POINT('',(-42.5,-32.4,18.7));
#8018 = LINE('',#8019,#8020);
#8019 = CARTESIAN_POINT('',(-42.5,-32.4,19.4));
#8020 = VECTOR('',#8021,1.);
#8021 = DIRECTION('',(-0.,-0.,-1.));
#8022 = ORIENTED_EDGE('',*,*,#8023,.T.);
#8023 = EDGE_CURVE('',#8016,#8024,#8026,.T.);
#8024 = VERTEX_POINT('',#8025);
#8025 = CARTESIAN_POINT('',(42.5,-32.4,18.7));
#8026 = LINE('',#8027,#8028);
#8027 = CARTESIAN_POINT('',(-42.5,-32.4,18.7));
#8028 = VECTOR('',#8029,1.);
#8029 = DIRECTION('',(1.,0.,0.));
#8030 = ORIENTED_EDGE('',*,*,#8031,.F.);
#8031 = EDGE_CURVE('',#7620,#8024,#8032,.T.);
#8032 = LINE('',#8033,#8034);
#8033 = CARTESIAN_POINT('',(42.5,-32.4,19.4));
#8034 = VECTOR('',#8035,1.);
#8035 = DIRECTION('',(-0.,-0.,-1.));
#8036 = ORIENTED_EDGE('',*,*,#7617,.F.);
#8037 = PLANE('',#8038);
#8038 = AXIS2_PLACEMENT_3D('',#8039,#8040,#8041);
#8039 = CARTESIAN_POINT('',(-42.5,-32.4,19.4));
#8040 = DIRECTION('',(0.,-1.,0.));
#8041 = DIRECTION('',(1.,0.,0.));
#8042 = ADVANCED_FACE('',(#8043),#8062,.F.);
#8043 = FACE_BOUND('',#8044,.F.);
#8044 = EDGE_LOOP('',(#8045,#8053,#8060,#8061));
#8045 = ORIENTED_EDGE('',*,*,#8046,.T.);
#8046 = EDGE_CURVE('',#7637,#8047,#8049,.T.);
#8047 = VERTEX_POINT('',#8048);
#8048 = CARTESIAN_POINT('',(42.5,-37.6,18.7));
#8049 = LINE('',#8050,#8051);
#8050 = CARTESIAN_POINT('',(42.5,-37.6,19.4));
#8051 = VECTOR('',#8052,1.);
#8052 = DIRECTION('',(-0.,-0.,-1.));
#8053 = ORIENTED_EDGE('',*,*,#8054,.T.);
#8054 = EDGE_CURVE('',#8047,#8024,#8055,.T.);
#8055 = CIRCLE('',#8056,2.6);
#8056 = AXIS2_PLACEMENT_3D('',#8057,#8058,#8059);
#8057 = CARTESIAN_POINT('',(42.5,-35.,18.7));
#8058 = DIRECTION('',(0.,0.,1.));
#8059 = DIRECTION('',(1.,0.,0.));
#8060 = ORIENTED_EDGE('',*,*,#8031,.F.);
#8061 = ORIENTED_EDGE('',*,*,#7644,.F.);
#8062 = CYLINDRICAL_SURFACE('',#8063,2.6);
#8063 = AXIS2_PLACEMENT_3D('',#8064,#8065,#8066);
#8064 = CARTESIAN_POINT('',(42.5,-35.,19.4));
#8065 = DIRECTION('',(0.,0.,1.));
#8066 = DIRECTION('',(1.,0.,0.));
#8067 = ADVANCED_FACE('',(#8068),#8086,.F.);
#8068 = FACE_BOUND('',#8069,.F.);
#8069 = EDGE_LOOP('',(#8070,#8078,#8084,#8085));
#8070 = ORIENTED_EDGE('',*,*,#8071,.T.);
#8071 = EDGE_CURVE('',#7628,#8072,#8074,.T.);
#8072 = VERTEX_POINT('',#8073);
#8073 = CARTESIAN_POINT('',(-42.5,-37.6,18.7));
#8074 = LINE('',#8075,#8076);
#8075 = CARTESIAN_POINT('',(-42.5,-37.6,19.4));
#8076 = VECTOR('',#8077,1.);
#8077 = DIRECTION('',(-0.,-0.,-1.));
#8078 = ORIENTED_EDGE('',*,*,#8079,.T.);
#8079 = EDGE_CURVE('',#8072,#8047,#8080,.T.);
#8080 = LINE('',#8081,#8082);
#8081 = CARTESIAN_POINT('',(-42.5,-37.6,18.7));
#8082 = VECTOR('',#8083,1.);
#8083 = DIRECTION('',(1.,0.,0.));
#8084 = ORIENTED_EDGE('',*,*,#8046,.F.);
#8085 = ORIENTED_EDGE('',*,*,#7636,.F.);
#8086 = PLANE('',#8087);
#8087 = AXIS2_PLACEMENT_3D('',#8088,#8089,#8090);
#8088 = CARTESIAN_POINT('',(-42.5,-37.6,19.4));
#8089 = DIRECTION('',(0.,-1.,0.));
#8090 = DIRECTION('',(1.,0.,0.));
#8091 = ADVANCED_FACE('',(#8092),#8104,.F.);
#8092 = FACE_BOUND('',#8093,.F.);
#8093 = EDGE_LOOP('',(#8094,#8095,#8102,#8103));
#8094 = ORIENTED_EDGE('',*,*,#8015,.T.);
#8095 = ORIENTED_EDGE('',*,*,#8096,.T.);
#8096 = EDGE_CURVE('',#8016,#8072,#8097,.T.);
#8097 = CIRCLE('',#8098,2.6);
#8098 = AXIS2_PLACEMENT_3D('',#8099,#8100,#8101);
#8099 = CARTESIAN_POINT('',(-42.5,-35.,18.7));
#8100 = DIRECTION('',(0.,0.,1.));
#8101 = DIRECTION('',(1.,0.,0.));
#8102 = ORIENTED_EDGE('',*,*,#8071,.F.);
#8103 = ORIENTED_EDGE('',*,*,#7627,.F.);
#8104 = CYLINDRICAL_SURFACE('',#8105,2.6);
#8105 = AXIS2_PLACEMENT_3D('',#8106,#8107,#8108);
#8106 = CARTESIAN_POINT('',(-42.5,-35.,19.4));
#8107 = DIRECTION('',(0.,0.,1.));
#8108 = DIRECTION('',(1.,0.,0.));
#8109 = ADVANCED_FACE('',(#8110),#8135,.T.);
#8110 = FACE_BOUND('',#8111,.T.);
#8111 = EDGE_LOOP('',(#8112,#8120,#8128,#8134));
#8112 = ORIENTED_EDGE('',*,*,#8113,.T.);
#8113 = EDGE_CURVE('',#7671,#8114,#8116,.T.);
#8114 = VERTEX_POINT('',#8115);
#8115 = CARTESIAN_POINT('',(-42.5,37.6,18.7));
#8116 = LINE('',#8117,#8118);
#8117 = CARTESIAN_POINT('',(-42.5,37.6,19.4));
#8118 = VECTOR('',#8119,1.);
#8119 = DIRECTION('',(-0.,-0.,-1.));
#8120 = ORIENTED_EDGE('',*,*,#8121,.T.);
#8121 = EDGE_CURVE('',#8114,#8122,#8124,.T.);
#8122 = VERTEX_POINT('',#8123);
#8123 = CARTESIAN_POINT('',(42.5,37.6,18.7));
#8124 = LINE('',#8125,#8126);
#8125 = CARTESIAN_POINT('',(-42.5,37.6,18.7));
#8126 = VECTOR('',#8127,1.);
#8127 = DIRECTION('',(1.,0.,0.));
#8128 = ORIENTED_EDGE('',*,*,#8129,.F.);
#8129 = EDGE_CURVE('',#7673,#8122,#8130,.T.);
#8130 = LINE('',#8131,#8132);
#8131 = CARTESIAN_POINT('',(42.5,37.6,19.4));
#8132 = VECTOR('',#8133,1.);
#8133 = DIRECTION('',(-0.,-0.,-1.));
#8134 = ORIENTED_EDGE('',*,*,#7670,.F.);
#8135 = PLANE('',#8136);
#8136 = AXIS2_PLACEMENT_3D('',#8137,#8138,#8139);
#8137 = CARTESIAN_POINT('',(-42.5,37.6,19.4));
#8138 = DIRECTION('',(0.,-1.,0.));
#8139 = DIRECTION('',(1.,0.,0.));
#8140 = ADVANCED_FACE('',(#8141),#8160,.F.);
#8141 = FACE_BOUND('',#8142,.F.);
#8142 = EDGE_LOOP('',(#8143,#8151,#8158,#8159));
#8143 = ORIENTED_EDGE('',*,*,#8144,.T.);
#8144 = EDGE_CURVE('',#7690,#8145,#8147,.T.);
#8145 = VERTEX_POINT('',#8146);
#8146 = CARTESIAN_POINT('',(42.5,32.4,18.7));
#8147 = LINE('',#8148,#8149);
#8148 = CARTESIAN_POINT('',(42.5,32.4,19.4));
#8149 = VECTOR('',#8150,1.);
#8150 = DIRECTION('',(-0.,-0.,-1.));
#8151 = ORIENTED_EDGE('',*,*,#8152,.T.);
#8152 = EDGE_CURVE('',#8145,#8122,#8153,.T.);
#8153 = CIRCLE('',#8154,2.6);
#8154 = AXIS2_PLACEMENT_3D('',#8155,#8156,#8157);
#8155 = CARTESIAN_POINT('',(42.5,35.,18.7));
#8156 = DIRECTION('',(0.,0.,1.));
#8157 = DIRECTION('',(1.,0.,0.));
#8158 = ORIENTED_EDGE('',*,*,#8129,.F.);
#8159 = ORIENTED_EDGE('',*,*,#7697,.F.);
#8160 = CYLINDRICAL_SURFACE('',#8161,2.6);
#8161 = AXIS2_PLACEMENT_3D('',#8162,#8163,#8164);
#8162 = CARTESIAN_POINT('',(42.5,35.,19.4));
#8163 = DIRECTION('',(0.,0.,1.));
#8164 = DIRECTION('',(1.,0.,0.));
#8165 = ADVANCED_FACE('',(#8166),#8184,.F.);
#8166 = FACE_BOUND('',#8167,.F.);
#8167 = EDGE_LOOP('',(#8168,#8176,#8182,#8183));
#8168 = ORIENTED_EDGE('',*,*,#8169,.T.);
#8169 = EDGE_CURVE('',#7681,#8170,#8172,.T.);
#8170 = VERTEX_POINT('',#8171);
#8171 = CARTESIAN_POINT('',(-42.5,32.4,18.7));
#8172 = LINE('',#8173,#8174);
#8173 = CARTESIAN_POINT('',(-42.5,32.4,19.4));
#8174 = VECTOR('',#8175,1.);
#8175 = DIRECTION('',(-0.,-0.,-1.));
#8176 = ORIENTED_EDGE('',*,*,#8177,.T.);
#8177 = EDGE_CURVE('',#8170,#8145,#8178,.T.);
#8178 = LINE('',#8179,#8180);
#8179 = CARTESIAN_POINT('',(-42.5,32.4,18.7));
#8180 = VECTOR('',#8181,1.);
#8181 = DIRECTION('',(1.,0.,0.));
#8182 = ORIENTED_EDGE('',*,*,#8144,.F.);
#8183 = ORIENTED_EDGE('',*,*,#7689,.F.);
#8184 = PLANE('',#8185);
#8185 = AXIS2_PLACEMENT_3D('',#8186,#8187,#8188);
#8186 = CARTESIAN_POINT('',(-42.5,32.4,19.4));
#8187 = DIRECTION('',(0.,-1.,0.));
#8188 = DIRECTION('',(1.,0.,0.));
#8189 = ADVANCED_FACE('',(#8190),#8202,.F.);
#8190 = FACE_BOUND('',#8191,.F.);
#8191 = EDGE_LOOP('',(#8192,#8193,#8200,#8201));
#8192 = ORIENTED_EDGE('',*,*,#8113,.T.);
#8193 = ORIENTED_EDGE('',*,*,#8194,.T.);
#8194 = EDGE_CURVE('',#8114,#8170,#8195,.T.);
#8195 = CIRCLE('',#8196,2.6);
#8196 = AXIS2_PLACEMENT_3D('',#8197,#8198,#8199);
#8197 = CARTESIAN_POINT('',(-42.5,35.,18.7));
#8198 = DIRECTION('',(0.,0.,1.));
#8199 = DIRECTION('',(1.,0.,0.));
#8200 = ORIENTED_EDGE('',*,*,#8169,.F.);
#8201 = ORIENTED_EDGE('',*,*,#7680,.F.);
#8202 = CYLINDRICAL_SURFACE('',#8203,2.6);
#8203 = AXIS2_PLACEMENT_3D('',#8204,#8205,#8206);
#8204 = CARTESIAN_POINT('',(-42.5,35.,19.4));
#8205 = DIRECTION('',(0.,0.,1.));
#8206 = DIRECTION('',(1.,0.,0.));
#8207 = ADVANCED_FACE('',(#8208),#8214,.T.);
#8208 = FACE_BOUND('',#8209,.T.);
#8209 = EDGE_LOOP('',(#8210,#8211,#8212,#8213));
#8210 = ORIENTED_EDGE('',*,*,#8096,.T.);
#8211 = ORIENTED_EDGE('',*,*,#8079,.T.);
#8212 = ORIENTED_EDGE('',*,*,#8054,.T.);
#8213 = ORIENTED_EDGE('',*,*,#8023,.F.);
#8214 = PLANE('',#8215);
#8215 = AXIS2_PLACEMENT_3D('',#8216,#8217,#8218);
#8216 = CARTESIAN_POINT('',(-2.1071E-13,-2.45E-15,18.7));
#8217 = DIRECTION('',(0.,0.,1.));
#8218 = DIRECTION('',(1.,0.,0.));
#8219 = ADVANCED_FACE('',(#8220),#8226,.T.);
#8220 = FACE_BOUND('',#8221,.T.);
#8221 = EDGE_LOOP('',(#8222,#8223,#8224,#8225));
#8222 = ORIENTED_EDGE('',*,*,#8194,.T.);
#8223 = ORIENTED_EDGE('',*,*,#8177,.T.);
#8224 = ORIENTED_EDGE('',*,*,#8152,.T.);
#8225 = ORIENTED_EDGE('',*,*,#8121,.F.);
#8226 = PLANE('',#8227);
#8227 = AXIS2_PLACEMENT_3D('',#8228,#8229,#8230);
#8228 = CARTESIAN_POINT('',(-2.1071E-13,-2.45E-15,18.7));
#8229 = DIRECTION('',(0.,0.,1.));
#8230 = DIRECTION('',(1.,0.,0.));
#8231 = ( GEOMETRIC_REPRESENTATION_CONTEXT(3) 
GLOBAL_UNCERTAINTY_ASSIGNED_CONTEXT((#8235)) 
GLOBAL_UNIT_ASSIGNED_CONTEXT((#8232,#8233,#8234)) REPRESENTATION_CONTEXT
('Context #1','3D Context with UNIT and UNCERTAINTY') );
#8232 = ( LENGTH_UNIT() NAMED_UNIT(*) SI_UNIT(.MILLI.,.METRE.) );
#8233 = ( NAMED_UNIT(*) PLANE_ANGLE_UNIT() SI_UNIT($,.RADIAN.) );
#8234 = ( NAMED_UNIT(*) SI_UNIT($,.STERADIAN.) SOLID_ANGLE_UNIT() );
#8235 = UNCERTAINTY_MEASURE_WITH_UNIT(LENGTH_MEASURE(5.E-05),#8232,
  'distance_accuracy_value','confusion accuracy');
#8236 = PRODUCT_RELATED_PRODUCT_CATEGORY('part',$,(#7));
#8237 = MECHANICAL_DESIGN_GEOMETRIC_PRESENTATION_REPRESENTATION('',(
    #8238),#8231);
#8238 = STYLED_ITEM('color',(#8239),#15);
#8239 = PRESENTATION_STYLE_ASSIGNMENT((#8240,#8246));
#8240 = SURFACE_STYLE_USAGE(.BOTH.,#8241);
#8241 = SURFACE_SIDE_STYLE('',(#8242));
#8242 = SURFACE_STYLE_FILL_AREA(#8243);
#8243 = FILL_AREA_STYLE('',(#8244));
#8244 = FILL_AREA_STYLE_COLOUR('',#8245);
#8245 = COLOUR_RGB('',0.447058818107,0.474509808674,0.501960817233);
#8246 = CURVE_STYLE('',#8247,POSITIVE_LENGTH_MEASURE(0.1),#8248);
#8247 = DRAUGHTING_PRE_DEFINED_CURVE_FONT('continuous');
#8248 = COLOUR_RGB('',9.803921802644E-02,9.803921802644E-02,
  9.803921802644E-02);
ENDSEC;
END-ISO-10303-21;
